"sk_cliente","id_cliente","segmento_cliente","canal_aquisicao","uf_cliente","qtd_visitas","primeira_visita","ultima_visita","valor_lifetime","classificacao_retencao"
2790,"CLI02790","PJ - Frota Grande","Showroom","PR","20","2023-02-10","2024-11-23","28278.16","Fiel"
1490,"CLI01490","PF - Varejo","CRM Ativo","SP","16","2023-05-06","2024-09-16","17604.84","Fiel"
3986,"CLI03986","PF - Varejo","Digital","MG","16","2023-02-03","2024-12-07","13758.12","Fiel"
2056,"CLI02056","PF - Premium","Indicação","PR","16","2023-01-22","2024-11-27","13921.45","Fiel"
2176,"CLI02176","PJ - Frota Pequena","Digital","SP","16","2023-01-30","2024-11-26","17444.43","Fiel"
3973,"CLI03973","PF - Varejo","Fidelização","RJ","16","2023-02-20","2024-11-16","20310.23","Fiel"
899,"CLI00899","PJ - Frota Pequena","Showroom","SP","16","2023-02-12","2024-12-23","13832.26","Fiel"
17,"CLI00017","PF - Varejo","Indicação","BA","15","2023-01-28","2024-10-17","19211.40","Fiel"
1911,"CLI01911","PF - Varejo","Recall","BA","15","2023-01-19","2024-11-11","14784.73","Fiel"
881,"CLI00881","PF - Varejo","Indicação","MG","15","2023-03-18","2024-12-18","22503.10","Fiel"
363,"CLI00363","PF - Varejo","Digital","RS","15","2023-04-26","2024-12-11","18259.23","Fiel"
2570,"CLI02570","PJ - Frota Pequena","Indicação","ES","15","2023-01-23","2024-10-23","16318.37","Fiel"
2606,"CLI02606","PJ - Frota Pequena","Digital","RS","15","2023-01-07","2024-11-18","15248.13","Fiel"
1876,"CLI01876","PF - Premium","Recall","PR","15","2023-01-14","2024-12-13","26309.18","Fiel"
2617,"CLI02617","PF - Varejo","Indicação","SP","14","2023-02-01","2024-11-23","16765.49","Fiel"
705,"CLI00705","PJ - Frota Pequena","Fidelização","PE","14","2023-03-09","2024-10-19","17373.86","Fiel"
1621,"CLI01621","PJ - Frota Pequena","Showroom","SC","14","2023-01-07","2024-07-03","13938.30","Fiel"
2357,"CLI02357","PF - Varejo","Digital","RS","14","2023-02-10","2024-12-29","11399.38","Fiel"
1081,"CLI01081","PF - Varejo","Showroom","PR","14","2023-02-24","2024-12-07","18661.99","Fiel"
1952,"CLI01952","PF - Varejo","Indicação","RJ","14","2023-03-09","2024-10-01","23887.08","Fiel"
91,"CLI00091","PJ - Frota Pequena","Digital","SP","14","2023-02-06","2024-11-17","14610.69","Fiel"
1175,"CLI01175","PF - Varejo","Indicação","RJ","14","2023-04-13","2024-11-26","15690.02","Fiel"
495,"CLI00495","PF - Varejo","Fidelização","SP","14","2023-01-23","2024-12-23","14288.12","Fiel"
480,"CLI00480","PF - Varejo","Showroom","BA","14","2023-08-08","2024-12-15","18002.60","Fiel"
2069,"CLI02069","PF - Premium","Indicação","GO","14","2023-03-04","2024-12-31","19836.25","Fiel"
225,"CLI00225","PF - Varejo","Fidelização","CE","14","2023-01-11","2024-11-16","22790.72","Fiel"
3918,"CLI03918","PF - Varejo","Digital","MG","14","2023-03-16","2024-11-23","21292.01","Fiel"
3248,"CLI03248","PF - Varejo","CRM Ativo","RS","13","2023-03-31","2024-11-10","17315.16","Fiel"
3541,"CLI03541","PF - Varejo","Digital","ES","13","2023-02-23","2024-12-11","30436.36","Fiel"
3612,"CLI03612","PF - Varejo","Fidelização","ES","13","2023-02-16","2024-06-01","14641.20","Fiel"
472,"CLI00472","PF - Varejo","Digital","DF","13","2023-02-21","2024-06-22","12444.93","Fiel"
1962,"CLI01962","PF - Varejo","Fidelização","SP","13","2023-01-09","2024-11-25","10843.30","Fiel"
3136,"CLI03136","PJ - Frota Pequena","Showroom","SP","13","2023-01-19","2024-11-09","13015.80","Fiel"
2518,"CLI02518","PJ - Frota Pequena","Fidelização","RJ","13","2023-02-05","2024-08-25","11657.15","Fiel"
827,"CLI00827","PF - Premium","Recall","BA","13","2023-06-01","2024-12-27","16750.90","Fiel"
154,"CLI00154","PF - Varejo","Digital","RJ","13","2023-03-08","2024-11-17","20415.18","Fiel"
3736,"CLI03736","PJ - Frota Pequena","Digital","RJ","13","2023-03-11","2024-12-16","19936.35","Fiel"
3159,"CLI03159","PF - Varejo","Digital","CE","13","2023-01-11","2024-08-01","18333.84","Fiel"
2306,"CLI02306","PJ - Frota Grande","Digital","MG","13","2023-01-14","2024-11-20","19507.30","Fiel"
1957,"CLI01957","PF - Varejo","Digital","BA","13","2023-01-02","2024-11-25","20414.29","Fiel"
3874,"CLI03874","PF - Varejo","Digital","PR","13","2023-03-14","2024-09-24","25911.58","Fiel"
1343,"CLI01343","PF - Premium","Showroom","RJ","13","2023-03-31","2024-10-11","13847.88","Fiel"
3976,"CLI03976","PJ - Frota Pequena","Indicação","DF","13","2023-01-20","2024-10-06","11535.23","Fiel"
2189,"CLI02189","PF - Varejo","Showroom","RJ","13","2023-03-01","2024-10-22","15892.98","Fiel"
3373,"CLI03373","PJ - Frota Pequena","Indicação","PR","13","2023-02-01","2024-10-24","18955.54","Fiel"
2089,"CLI02089","PF - Varejo","Recall","MG","13","2023-01-21","2024-09-10","8863.35","Fiel"
2136,"CLI02136","PF - Premium","Fidelização","SC","13","2023-01-11","2024-12-14","6703.50","Fiel"
3658,"CLI03658","PF - Premium","Digital","GO","13","2023-03-07","2024-07-25","21166.20","Fiel"
534,"CLI00534","PF - Varejo","Digital","BA","13","2023-02-17","2024-09-17","12424.19","Fiel"
3751,"CLI03751","PJ - Frota Pequena","Digital","RS","13","2023-03-14","2024-12-29","13965.52","Fiel"
3975,"CLI03975","PJ - Frota Grande","Indicação","MG","13","2023-03-12","2024-11-13","20668.44","Fiel"
2824,"CLI02824","PF - Varejo","Digital","PE","13","2023-04-02","2024-10-05","15612.27","Fiel"
2333,"CLI02333","PF - Varejo","Indicação","CE","13","2023-01-04","2024-02-06","10556.03","Fiel"
936,"CLI00936","PF - Varejo","Recall","MG","13","2023-03-13","2024-12-22","17999.04","Fiel"
1328,"CLI01328","PF - Varejo","CRM Ativo","PE","13","2023-03-08","2024-08-21","22617.51","Fiel"
1508,"CLI01508","PF - Varejo","Fidelização","MG","13","2023-02-11","2024-09-10","16205.72","Fiel"
248,"CLI00248","PF - Varejo","Showroom","PE","13","2023-01-05","2024-12-24","21438.68","Fiel"
1812,"CLI01812","PF - Varejo","Digital","ES","13","2023-02-16","2024-10-25","21108.86","Fiel"
1889,"CLI01889","PJ - Frota Pequena","Fidelização","BA","13","2023-02-26","2024-11-22","8279.97","Fiel"
2764,"CLI02764","PF - Varejo","Indicação","GO","13","2023-01-04","2024-11-11","8936.96","Fiel"
674,"CLI00674","PJ - Frota Grande","Fidelização","SP","12","2023-03-01","2024-12-12","13670.24","Fiel"
731,"CLI00731","PF - Varejo","Digital","MG","12","2023-03-03","2024-12-30","25486.85","Fiel"
680,"CLI00680","PF - Varejo","Indicação","SP","12","2023-01-09","2024-09-12","16702.62","Fiel"
1753,"CLI01753","PF - Premium","Digital","GO","12","2023-02-03","2024-10-09","12142.10","Fiel"
3408,"CLI03408","PF - Premium","Recall","ES","12","2023-04-11","2024-12-18","21666.21","Fiel"
1772,"CLI01772","PF - Varejo","Showroom","SC","12","2023-02-01","2024-09-09","16337.36","Fiel"
2805,"CLI02805","PJ - Frota Pequena","Indicação","MG","12","2023-03-24","2024-11-08","9679.32","Fiel"
1184,"CLI01184","PJ - Frota Pequena","Digital","ES","12","2023-03-02","2024-12-31","20969.42","Fiel"
1349,"CLI01349","PF - Varejo","Digital","RJ","12","2023-01-21","2024-08-01","9296.28","Fiel"
3146,"CLI03146","PF - Varejo","Recall","SC","12","2023-02-20","2024-12-31","13546.32","Fiel"
2832,"CLI02832","PJ - Frota Pequena","Digital","SP","12","2023-02-28","2024-12-20","12163.73","Fiel"
2076,"CLI02076","PJ - Frota Pequena","Indicação","SC","12","2023-02-24","2024-11-12","18221.93","Fiel"
3147,"CLI03147","PJ - Frota Pequena","Digital","SP","12","2023-02-01","2024-12-25","11539.52","Fiel"
389,"CLI00389","PF - Premium","Recall","PR","12","2023-03-18","2024-09-16","23458.51","Fiel"
3078,"CLI03078","PJ - Frota Grande","Digital","SP","12","2023-01-16","2024-08-18","19868.85","Fiel"
2106,"CLI02106","PF - Premium","Recall","DF","12","2023-01-26","2024-10-14","13815.59","Fiel"
298,"CLI00298","PJ - Frota Pequena","Showroom","SP","12","2023-01-04","2024-12-12","13548.86","Fiel"
1558,"CLI01558","PF - Varejo","Digital","PR","12","2023-02-03","2024-12-14","11009.77","Fiel"
3397,"CLI03397","PF - Varejo","Recall","SC","12","2023-01-24","2024-11-04","14572.62","Fiel"
77,"CLI00077","PF - Varejo","Digital","CE","12","2023-03-11","2024-12-27","11328.41","Fiel"
2242,"CLI02242","PF - Premium","Digital","SP","12","2023-01-03","2024-09-29","8284.23","Fiel"
3027,"CLI03027","PF - Varejo","Recall","SP","12","2023-03-23","2024-12-17","14081.93","Fiel"
330,"CLI00330","PF - Varejo","Fidelização","BA","12","2023-06-11","2024-12-08","7614.28","Fiel"
2283,"CLI02283","PF - Varejo","Indicação","SP","12","2023-03-28","2024-12-03","9758.70","Fiel"
575,"CLI00575","PJ - Frota Pequena","Recall","RJ","12","2023-01-26","2024-12-30","15961.45","Fiel"
219,"CLI00219","PJ - Frota Pequena","Indicação","SP","12","2023-04-01","2024-10-17","18434.11","Fiel"
3524,"CLI03524","PF - Varejo","CRM Ativo","SP","12","2023-01-17","2024-11-29","16820.43","Fiel"
2420,"CLI02420","PF - Varejo","Showroom","GO","12","2023-09-27","2024-12-08","21698.09","Fiel"
129,"CLI00129","PF - Varejo","Digital","SP","12","2023-02-04","2024-12-25","16674.44","Fiel"
2266,"CLI02266","PF - Varejo","Digital","ES","12","2023-02-26","2024-08-30","16628.57","Fiel"
453,"CLI00453","PJ - Frota Pequena","Fidelização","RS","12","2023-02-27","2024-12-24","16339.55","Fiel"
1580,"CLI01580","PF - Premium","Showroom","GO","12","2023-01-31","2024-09-25","10183.00","Fiel"
398,"CLI00398","PF - Varejo","Digital","RS","12","2023-01-24","2024-12-16","17038.44","Fiel"
1968,"CLI01968","PF - Varejo","Digital","DF","12","2023-01-01","2024-12-24","17506.45","Fiel"
424,"CLI00424","PF - Premium","CRM Ativo","SP","12","2023-01-15","2024-11-24","16185.83","Fiel"
3400,"CLI03400","PF - Varejo","Fidelização","PR","12","2023-02-09","2024-08-17","12527.10","Fiel"
3643,"CLI03643","PF - Premium","Digital","GO","12","2023-03-23","2024-12-29","14569.75","Fiel"
1439,"CLI01439","PF - Varejo","Fidelização","SP","12","2023-06-05","2024-12-07","19355.68","Fiel"
3599,"CLI03599","PF - Premium","CRM Ativo","SP","12","2023-04-07","2024-10-27","12620.96","Fiel"
1824,"CLI01824","PF - Premium","Digital","PE","12","2023-02-04","2024-11-27","17029.19","Fiel"
2369,"CLI02369","PF - Varejo","CRM Ativo","SP","12","2023-01-23","2024-10-16","17308.15","Fiel"
80,"CLI00080","PF - Varejo","Indicação","MG","12","2023-01-13","2024-09-05","11528.77","Fiel"
1686,"CLI01686","PJ - Frota Grande","CRM Ativo","SP","12","2023-02-19","2024-09-14","10484.20","Fiel"
1874,"CLI01874","PF - Varejo","Showroom","SP","12","2023-01-06","2024-10-29","13522.53","Fiel"
1932,"CLI01932","PF - Premium","Indicação","RS","12","2023-03-05","2024-12-11","14026.37","Fiel"
2391,"CLI02391","PJ - Frota Pequena","Indicação","RJ","12","2023-01-27","2024-12-31","10904.66","Fiel"
2343,"CLI02343","PJ - Frota Pequena","Digital","SP","12","2023-02-02","2024-10-17","10243.09","Fiel"
335,"CLI00335","PF - Varejo","Recall","RS","12","2023-04-11","2024-12-24","12214.19","Fiel"
3155,"CLI03155","PF - Premium","Showroom","ES","12","2023-02-04","2024-09-26","13760.20","Fiel"
2381,"CLI02381","PF - Varejo","Indicação","SP","12","2023-02-18","2024-11-28","16745.99","Fiel"
161,"CLI00161","PF - Varejo","Indicação","SP","12","2023-01-25","2024-12-21","10666.43","Fiel"
151,"CLI00151","PF - Varejo","Digital","BA","12","2023-01-31","2024-12-22","5765.79","Fiel"
3003,"CLI03003","PF - Premium","Fidelização","PR","12","2023-03-17","2024-07-08","14788.55","Fiel"
2816,"CLI02816","PF - Varejo","CRM Ativo","RJ","12","2023-02-11","2024-12-07","5340.32","Fiel"
20,"CLI00020","PF - Premium","Digital","MG","12","2023-02-08","2024-11-13","14678.34","Fiel"
162,"CLI00162","PF - Varejo","Indicação","SC","12","2023-02-17","2024-12-29","12969.60","Fiel"
2987,"CLI02987","PJ - Frota Pequena","Indicação","RJ","12","2023-03-20","2024-12-08","22645.08","Fiel"
3822,"CLI03822","PF - Varejo","CRM Ativo","BA","12","2023-05-07","2024-12-30","14557.82","Fiel"
2471,"CLI02471","PF - Varejo","Fidelização","SP","12","2023-03-05","2024-08-28","30295.73","Fiel"
1266,"CLI01266","PF - Premium","Showroom","SP","12","2023-02-03","2024-05-21","12296.84","Fiel"
2426,"CLI02426","PJ - Frota Grande","Fidelização","SP","12","2023-02-02","2024-12-30","12274.83","Fiel"
1668,"CLI01668","PJ - Frota Pequena","Recall","BA","12","2023-03-02","2024-12-04","15514.73","Fiel"
2789,"CLI02789","PJ - Frota Grande","Recall","SP","12","2023-04-12","2024-12-30","16206.71","Fiel"
3783,"CLI03783","PF - Varejo","Digital","RS","12","2023-01-06","2024-12-26","21216.50","Fiel"
1675,"CLI01675","PF - Varejo","Fidelização","MG","12","2023-01-17","2024-11-03","13999.65","Fiel"
2413,"CLI02413","PF - Varejo","Digital","PR","11","2023-04-25","2024-12-26","12619.17","Fiel"
1161,"CLI01161","PJ - Frota Pequena","Indicação","GO","11","2023-03-14","2024-11-27","16737.76","Fiel"
1826,"CLI01826","PF - Varejo","Indicação","BA","11","2023-02-03","2024-10-07","17310.97","Fiel"
1133,"CLI01133","PJ - Frota Pequena","Digital","PR","11","2023-02-08","2024-12-13","20536.02","Fiel"
1842,"CLI01842","PF - Varejo","Recall","SP","11","2023-02-12","2024-12-23","10064.97","Fiel"
3760,"CLI03760","PF - Varejo","Indicação","SP","11","2023-02-21","2024-10-15","10509.05","Fiel"
961,"CLI00961","PF - Varejo","Digital","RS","11","2023-02-26","2024-11-30","25105.32","Fiel"
301,"CLI00301","PF - Premium","Digital","SP","11","2023-01-24","2024-11-20","13004.32","Fiel"
2116,"CLI02116","PJ - Frota Pequena","Indicação","MG","11","2023-03-20","2024-12-19","11604.93","Fiel"
2085,"CLI02085","PF - Varejo","Indicação","MG","11","2023-03-23","2024-11-27","12826.67","Fiel"
111,"CLI00111","PF - Varejo","Digital","DF","11","2023-01-07","2024-12-21","11807.71","Fiel"
1441,"CLI01441","PJ - Frota Grande","Digital","GO","11","2023-01-18","2024-11-09","8898.93","Fiel"
3239,"CLI03239","PF - Varejo","Indicação","BA","11","2023-01-09","2024-08-24","11435.41","Fiel"
1607,"CLI01607","PF - Premium","Fidelização","ES","11","2023-02-26","2024-12-08","5969.53","Fiel"
2672,"CLI02672","PF - Varejo","Recall","RJ","11","2023-07-18","2024-11-22","16949.62","Fiel"
3670,"CLI03670","PF - Varejo","Digital","PR","11","2023-01-04","2024-10-02","12465.96","Fiel"
2747,"CLI02747","PF - Varejo","Digital","RS","11","2023-02-10","2024-12-14","15249.10","Fiel"
3905,"CLI03905","PF - Varejo","Fidelização","RJ","11","2023-01-08","2024-10-07","6735.96","Fiel"
838,"CLI00838","PF - Premium","Fidelização","CE","11","2023-01-26","2024-12-16","9004.46","Fiel"
2895,"CLI02895","PJ - Frota Pequena","CRM Ativo","GO","11","2023-01-30","2024-12-13","10161.95","Fiel"
2361,"CLI02361","PJ - Frota Grande","CRM Ativo","SC","11","2023-01-13","2024-11-27","23802.61","Fiel"
1157,"CLI01157","PF - Varejo","Indicação","BA","11","2023-02-17","2024-11-06","9885.87","Fiel"
2638,"CLI02638","PF - Varejo","Fidelização","SC","11","2023-05-04","2024-12-26","7087.26","Fiel"
784,"CLI00784","PF - Varejo","Fidelização","RJ","11","2023-06-12","2024-08-30","20039.21","Fiel"
2315,"CLI02315","PJ - Frota Grande","Showroom","SP","11","2023-01-07","2024-12-25","9945.83","Fiel"
1727,"CLI01727","PF - Premium","Digital","SP","11","2023-03-20","2024-10-13","6697.52","Fiel"
2063,"CLI02063","PF - Premium","Digital","BA","11","2023-02-01","2024-08-11","11759.70","Fiel"
442,"CLI00442","PF - Premium","Indicação","BA","11","2023-03-13","2024-12-06","6313.47","Fiel"
3506,"CLI03506","PF - Varejo","Indicação","SP","11","2023-04-02","2024-12-06","13597.97","Fiel"
3853,"CLI03853","PJ - Frota Pequena","Digital","SP","11","2023-01-07","2024-12-31","20950.74","Fiel"
865,"CLI00865","PF - Premium","Digital","PE","11","2023-01-19","2024-12-08","14076.50","Fiel"
3322,"CLI03322","PF - Premium","Digital","MG","11","2023-01-03","2024-11-18","9902.83","Fiel"
141,"CLI00141","PF - Varejo","Indicação","SP","11","2023-03-14","2024-09-02","10685.01","Fiel"
3451,"CLI03451","PF - Varejo","Digital","SP","11","2023-05-20","2024-10-19","11091.53","Fiel"
3654,"CLI03654","PF - Varejo","Showroom","RS","11","2023-01-14","2024-10-03","16817.61","Fiel"
2218,"CLI02218","PF - Varejo","Indicação","SP","11","2023-03-14","2024-12-27","8510.09","Fiel"
2465,"CLI02465","PF - Premium","Digital","PE","11","2023-02-09","2024-08-18","20810.53","Fiel"
3879,"CLI03879","PF - Premium","Digital","PR","11","2023-04-04","2024-12-27","15403.91","Fiel"
3969,"CLI03969","PJ - Frota Pequena","Indicação","SP","11","2023-07-09","2024-11-20","14855.27","Fiel"
1853,"CLI01853","PF - Varejo","Indicação","SC","11","2023-01-28","2024-05-12","11494.43","Fiel"
1852,"CLI01852","PF - Premium","Digital","MG","11","2023-02-09","2024-07-19","11952.51","Fiel"
2540,"CLI02540","PF - Varejo","Digital","RJ","11","2023-01-15","2024-12-14","12280.57","Fiel"
2830,"CLI02830","PF - Varejo","Digital","DF","11","2023-01-08","2024-10-19","7749.44","Fiel"
551,"CLI00551","PF - Varejo","Digital","PR","11","2023-01-17","2024-09-21","8468.21","Fiel"
2366,"CLI02366","PF - Premium","Indicação","SP","11","2023-02-21","2024-12-19","14316.20","Fiel"
3036,"CLI03036","PF - Premium","Fidelização","CE","11","2023-01-12","2024-12-13","17821.84","Fiel"
3138,"CLI03138","PF - Varejo","Recall","RJ","11","2023-03-20","2024-12-24","11160.07","Fiel"
2098,"CLI02098","PF - Varejo","Indicação","SP","11","2023-01-07","2024-10-29","11143.60","Fiel"
234,"CLI00234","PF - Varejo","Indicação","BA","11","2023-05-05","2024-12-03","16660.31","Fiel"
525,"CLI00525","PF - Premium","CRM Ativo","RJ","11","2023-02-24","2024-12-10","15230.71","Fiel"
1906,"CLI01906","PF - Premium","Digital","SP","11","2023-03-06","2024-10-03","13957.18","Fiel"
2908,"CLI02908","PF - Varejo","Fidelização","PR","11","2023-03-17","2024-10-27","14630.48","Fiel"
1974,"CLI01974","PF - Varejo","Indicação","RJ","11","2023-05-16","2024-12-06","8185.61","Fiel"
2117,"CLI02117","PF - Varejo","Fidelização","SP","11","2023-05-22","2024-12-18","19309.25","Fiel"
3330,"CLI03330","PF - Varejo","Digital","RS","11","2023-01-10","2024-12-02","10912.34","Fiel"
3672,"CLI03672","PF - Varejo","Digital","SP","11","2023-02-19","2024-11-08","18394.76","Fiel"
2720,"CLI02720","PF - Premium","Showroom","RS","11","2023-06-09","2024-12-05","17030.27","Fiel"
787,"CLI00787","PF - Varejo","Showroom","SP","11","2023-01-04","2024-12-18","15716.49","Fiel"
3718,"CLI03718","PJ - Frota Pequena","Indicação","SP","11","2023-04-25","2024-11-25","7488.82","Fiel"
725,"CLI00725","PJ - Frota Pequena","Fidelização","SP","11","2023-03-07","2024-12-06","8580.69","Fiel"
3737,"CLI03737","PF - Premium","CRM Ativo","MG","11","2023-03-14","2024-12-04","10437.18","Fiel"
3685,"CLI03685","PJ - Frota Pequena","Indicação","RJ","11","2023-03-03","2024-12-05","11210.44","Fiel"
1936,"CLI01936","PF - Premium","Digital","RJ","11","2023-03-25","2024-06-25","11132.96","Fiel"
3080,"CLI03080","PF - Varejo","Digital","RS","11","2023-02-21","2024-10-20","12909.25","Fiel"
2379,"CLI02379","PJ - Frota Pequena","Indicação","PR","11","2023-07-08","2024-12-10","14425.76","Fiel"
596,"CLI00596","PF - Premium","Digital","SP","11","2023-09-24","2024-11-04","13229.61","Fiel"
3863,"CLI03863","PF - Varejo","Digital","SP","11","2023-02-16","2024-11-17","12435.92","Fiel"
2293,"CLI02293","PJ - Frota Pequena","Fidelização","SP","11","2023-01-10","2024-09-27","21575.43","Fiel"
2825,"CLI02825","PF - Premium","Indicação","SP","11","2023-04-15","2024-12-26","24572.98","Fiel"
1488,"CLI01488","PJ - Frota Pequena","Digital","PE","11","2023-02-02","2024-12-30","10680.16","Fiel"
1084,"CLI01084","PF - Premium","Recall","SP","11","2023-04-27","2024-10-01","8853.75","Fiel"
2612,"CLI02612","PF - Premium","Recall","DF","11","2023-01-03","2024-10-25","8801.75","Fiel"
3605,"CLI03605","PF - Varejo","Indicação","GO","11","2023-02-28","2024-08-11","7134.40","Fiel"
1260,"CLI01260","PJ - Frota Grande","Digital","RJ","11","2023-01-20","2024-12-31","7540.04","Fiel"
1859,"CLI01859","PF - Varejo","Indicação","SP","11","2023-02-17","2024-11-30","16243.64","Fiel"
1373,"CLI01373","PJ - Frota Pequena","Indicação","CE","11","2023-04-17","2024-11-11","11600.13","Fiel"
1807,"CLI01807","PJ - Frota Pequena","Fidelização","SC","11","2023-11-10","2024-12-05","18440.93","Fiel"
440,"CLI00440","PJ - Frota Grande","Digital","RS","11","2023-02-03","2024-10-05","25202.92","Fiel"
1297,"CLI01297","PF - Varejo","CRM Ativo","SP","11","2023-05-22","2024-12-06","10114.42","Fiel"
871,"CLI00871","PF - Premium","CRM Ativo","MG","11","2023-04-21","2024-12-18","11535.74","Fiel"
1869,"CLI01869","PJ - Frota Pequena","Indicação","RS","11","2023-01-06","2024-11-11","10650.88","Fiel"
2479,"CLI02479","PF - Premium","Fidelização","BA","11","2023-04-09","2024-10-13","15804.11","Fiel"
74,"CLI00074","PF - Varejo","Indicação","SP","11","2023-03-31","2024-12-19","21631.87","Fiel"
3611,"CLI03611","PF - Varejo","Digital","SC","11","2023-03-26","2024-08-19","23695.50","Fiel"
708,"CLI00708","PJ - Frota Grande","Indicação","MG","11","2023-01-23","2024-10-28","8918.86","Fiel"
2238,"CLI02238","PF - Varejo","Digital","PR","11","2023-02-10","2024-11-02","15227.74","Fiel"
1006,"CLI01006","PF - Varejo","Digital","PR","11","2023-01-07","2024-10-27","15681.26","Fiel"
2404,"CLI02404","PF - Varejo","Digital","SP","11","2023-01-22","2024-08-23","6820.21","Fiel"
782,"CLI00782","PF - Varejo","Recall","SP","11","2023-01-09","2024-08-23","11939.25","Fiel"
148,"CLI00148","PF - Varejo","Fidelização","PE","11","2023-01-01","2024-10-21","6488.94","Fiel"
1850,"CLI01850","PF - Premium","Digital","RJ","11","2023-01-03","2024-11-25","19624.05","Fiel"
458,"CLI00458","PJ - Frota Pequena","Fidelização","SP","11","2023-01-27","2024-08-31","19301.58","Fiel"
3799,"CLI03799","PF - Varejo","Indicação","RJ","11","2023-07-28","2024-12-08","15527.47","Fiel"
1919,"CLI01919","PF - Premium","Digital","SP","11","2023-02-28","2024-11-11","10678.68","Fiel"
759,"CLI00759","PF - Varejo","Indicação","PE","11","2023-02-05","2024-10-02","11480.73","Fiel"
1914,"CLI01914","PJ - Frota Grande","Indicação","SP","11","2023-01-22","2024-12-29","13021.47","Fiel"
2004,"CLI02004","PJ - Frota Pequena","Digital","ES","11","2023-02-23","2024-12-30","14414.75","Fiel"
505,"CLI00505","PF - Premium","Digital","SP","11","2023-03-25","2024-11-25","7952.76","Fiel"
3794,"CLI03794","PJ - Frota Grande","Indicação","PR","11","2023-01-31","2024-10-20","11874.32","Fiel"
3446,"CLI03446","PF - Varejo","Digital","SP","11","2023-02-04","2024-11-16","13835.25","Fiel"
3123,"CLI03123","PF - Premium","Showroom","MG","11","2023-01-06","2024-09-22","18704.91","Fiel"
2211,"CLI02211","PF - Premium","Digital","PR","11","2023-03-20","2024-09-23","9521.08","Fiel"
2770,"CLI02770","PJ - Frota Pequena","Showroom","RJ","11","2023-01-28","2024-12-30","15343.99","Fiel"
2748,"CLI02748","PF - Varejo","Fidelização","PE","11","2023-07-26","2024-11-17","13667.17","Fiel"
3410,"CLI03410","PF - Varejo","Recall","RS","11","2023-01-25","2024-11-26","13785.37","Fiel"
3187,"CLI03187","PF - Varejo","Showroom","PR","11","2023-01-01","2024-12-21","7438.57","Fiel"
3960,"CLI03960","PJ - Frota Grande","Recall","SP","11","2023-03-08","2024-11-26","10745.58","Fiel"
1036,"CLI01036","PF - Varejo","Indicação","SP","11","2023-10-24","2024-11-05","19619.19","Fiel"
665,"CLI00665","PJ - Frota Pequena","Indicação","RJ","11","2023-02-11","2024-11-26","15538.74","Fiel"
1165,"CLI01165","PF - Varejo","CRM Ativo","RJ","11","2023-02-19","2024-12-05","6661.44","Fiel"
3346,"CLI03346","PF - Varejo","Recall","SC","11","2023-02-18","2024-09-12","9812.67","Fiel"
714,"CLI00714","PF - Varejo","Recall","SP","11","2023-02-12","2024-09-02","15552.38","Fiel"
2180,"CLI02180","PF - Varejo","Digital","SP","11","2023-01-24","2024-12-25","8273.93","Fiel"
1405,"CLI01405","PJ - Frota Pequena","Digital","RJ","11","2023-04-03","2024-11-09","13191.07","Fiel"
1100,"CLI01100","PJ - Frota Grande","Recall","BA","11","2023-04-09","2024-11-24","12060.16","Fiel"
1304,"CLI01304","PF - Premium","Indicação","RJ","11","2023-03-01","2024-12-12","11518.62","Fiel"
1088,"CLI01088","PF - Varejo","Digital","MG","11","2023-01-02","2024-06-15","22434.23","Fiel"
1231,"CLI01231","PJ - Frota Grande","Recall","BA","11","2023-01-06","2024-08-23","7863.94","Fiel"
1444,"CLI01444","PJ - Frota Grande","CRM Ativo","SP","11","2023-02-27","2024-12-09","12606.98","Fiel"
1734,"CLI01734","PF - Premium","Showroom","PE","11","2023-02-16","2024-07-20","17399.06","Fiel"
2820,"CLI02820","PF - Varejo","Digital","SP","11","2023-01-17","2024-09-12","12188.09","Fiel"
38,"CLI00038","PF - Varejo","Recall","SP","10","2023-02-07","2024-12-05","5910.44","Fiel"
1377,"CLI01377","PF - Varejo","Digital","SP","10","2023-01-16","2024-12-18","12115.22","Fiel"
3028,"CLI03028","PF - Varejo","Indicação","RJ","10","2023-04-13","2024-09-02","14504.63","Fiel"
1741,"CLI01741","PF - Varejo","Digital","MG","10","2023-02-12","2024-08-29","4455.05","Fiel"
3917,"CLI03917","PJ - Frota Grande","Indicação","RS","10","2023-04-01","2024-11-27","7908.20","Fiel"
516,"CLI00516","PF - Varejo","Indicação","RS","10","2023-03-06","2024-03-31","22417.13","Fiel"
198,"CLI00198","PJ - Frota Grande","Fidelização","MG","10","2023-02-11","2024-09-12","8950.54","Fiel"
3224,"CLI03224","PF - Premium","Indicação","MG","10","2023-02-16","2024-09-07","8519.03","Fiel"
1503,"CLI01503","PF - Varejo","Recall","SP","10","2023-02-21","2024-11-06","9963.95","Fiel"
2257,"CLI02257","PF - Premium","Fidelização","PR","10","2023-01-06","2024-08-14","8054.59","Fiel"
1027,"CLI01027","PF - Varejo","Digital","SP","10","2023-01-03","2024-11-12","9243.56","Fiel"
3083,"CLI03083","PF - Varejo","Digital","SP","10","2023-05-26","2024-08-13","12901.89","Fiel"
514,"CLI00514","PF - Varejo","CRM Ativo","CE","10","2023-05-29","2024-09-19","12560.72","Fiel"
1056,"CLI01056","PJ - Frota Grande","Digital","SP","10","2023-01-08","2024-11-21","11964.26","Fiel"
3578,"CLI03578","PF - Varejo","Digital","ES","10","2023-03-08","2024-11-22","12817.02","Fiel"
754,"CLI00754","PJ - Frota Grande","Indicação","MG","10","2023-01-14","2024-12-09","5967.43","Fiel"
3768,"CLI03768","PF - Varejo","Recall","MG","10","2023-01-07","2024-12-27","11345.69","Fiel"
98,"CLI00098","PF - Premium","Recall","MG","10","2023-04-26","2024-11-11","10903.96","Fiel"
3434,"CLI03434","PJ - Frota Pequena","Indicação","MG","10","2023-07-12","2024-10-10","13702.76","Fiel"
1594,"CLI01594","PF - Varejo","Digital","DF","10","2023-02-06","2024-12-23","13020.18","Fiel"
3842,"CLI03842","PJ - Frota Pequena","Indicação","GO","10","2023-01-05","2024-12-22","8873.24","Fiel"
830,"CLI00830","PF - Premium","Recall","SP","10","2023-02-14","2024-12-01","25750.78","Fiel"
955,"CLI00955","PF - Varejo","Digital","RJ","10","2023-04-11","2024-09-30","26423.10","Fiel"
3847,"CLI03847","PF - Varejo","Showroom","PR","10","2023-02-14","2024-10-03","6523.59","Fiel"
1634,"CLI01634","PF - Varejo","Showroom","PE","10","2023-03-07","2024-10-03","5546.83","Fiel"
3645,"CLI03645","PF - Varejo","Indicação","SP","10","2023-03-26","2024-12-21","14116.29","Fiel"
716,"CLI00716","PJ - Frota Grande","Digital","RJ","10","2023-03-31","2024-06-13","13234.37","Fiel"
2042,"CLI02042","PF - Varejo","Fidelização","RJ","10","2023-02-19","2024-09-23","18822.85","Fiel"
1080,"CLI01080","PF - Varejo","Fidelização","GO","10","2023-04-25","2024-10-27","18348.90","Fiel"
377,"CLI00377","PF - Premium","Digital","PR","10","2023-01-25","2024-12-17","11980.31","Fiel"
1,"CLI00001","PJ - Frota Pequena","Indicação","MG","10","2023-04-04","2024-12-28","8402.72","Fiel"
3796,"CLI03796","PF - Varejo","Showroom","CE","10","2023-02-16","2024-10-12","9882.96","Fiel"
1566,"CLI01566","PF - Premium","Fidelização","MG","10","2023-07-10","2024-10-26","5768.66","Fiel"
2463,"CLI02463","PF - Varejo","Recall","SP","10","2023-03-31","2024-08-26","11655.11","Fiel"
352,"CLI00352","PJ - Frota Pequena","Digital","MG","10","2023-10-11","2024-11-28","12477.29","Fiel"
2126,"CLI02126","PF - Varejo","Digital","CE","10","2023-02-27","2024-10-28","10394.08","Fiel"
3681,"CLI03681","PF - Varejo","Digital","PR","10","2023-03-06","2024-11-22","10196.44","Fiel"
1436,"CLI01436","PJ - Frota Pequena","Digital","SP","10","2023-01-29","2024-12-16","14997.92","Fiel"
1485,"CLI01485","PJ - Frota Grande","Digital","CE","10","2023-01-16","2024-11-28","10740.24","Fiel"
768,"CLI00768","PJ - Frota Pequena","Indicação","RS","10","2023-04-16","2024-11-02","13942.53","Fiel"
1723,"CLI01723","PF - Varejo","Digital","SP","10","2023-01-16","2024-12-04","22305.03","Fiel"
3153,"CLI03153","PF - Premium","Showroom","SP","10","2023-01-09","2024-12-27","14063.46","Fiel"
1801,"CLI01801","PJ - Frota Grande","Fidelização","SP","10","2023-10-15","2024-12-28","7867.41","Fiel"
236,"CLI00236","PF - Varejo","Showroom","RJ","10","2023-03-22","2024-11-10","9988.73","Fiel"
823,"CLI00823","PF - Varejo","Indicação","RS","10","2023-01-26","2024-08-29","19806.40","Fiel"
1155,"CLI01155","PF - Varejo","Fidelização","SP","10","2023-01-25","2024-09-09","10637.57","Fiel"
625,"CLI00625","PF - Varejo","Digital","RJ","10","2023-04-02","2024-10-16","14448.85","Fiel"
3087,"CLI03087","PJ - Frota Pequena","Indicação","RJ","10","2023-03-08","2024-12-19","21197.11","Fiel"
3394,"CLI03394","PF - Varejo","Indicação","PE","10","2023-01-16","2024-11-23","16754.12","Fiel"
598,"CLI00598","PF - Varejo","Digital","ES","10","2023-01-12","2024-12-27","16470.07","Fiel"
1538,"CLI01538","PJ - Frota Pequena","Digital","MG","10","2023-11-06","2024-12-29","8791.28","Fiel"
2202,"CLI02202","PF - Varejo","Digital","RJ","10","2023-02-12","2024-12-06","8815.77","Fiel"
88,"CLI00088","PF - Premium","Indicação","RJ","10","2023-03-28","2024-12-02","18623.01","Fiel"
3479,"CLI03479","PJ - Frota Pequena","Digital","DF","10","2023-02-07","2024-11-14","15598.09","Fiel"
992,"CLI00992","PJ - Frota Pequena","Indicação","SP","10","2023-05-17","2024-12-19","15561.56","Fiel"
774,"CLI00774","PF - Varejo","Indicação","SP","10","2023-01-05","2024-12-29","14278.40","Fiel"
3370,"CLI03370","PF - Premium","Indicação","SP","10","2023-01-09","2024-12-12","20372.60","Fiel"
3871,"CLI03871","PJ - Frota Pequena","Showroom","RJ","10","2023-03-23","2024-12-18","11669.98","Fiel"
3943,"CLI03943","PJ - Frota Pequena","Indicação","SP","10","2023-01-07","2024-11-28","8974.76","Fiel"
1109,"CLI01109","PF - Varejo","Digital","PR","10","2023-07-14","2024-12-17","18477.43","Fiel"
2898,"CLI02898","PJ - Frota Grande","Indicação","CE","10","2023-08-24","2024-12-19","12254.71","Fiel"
662,"CLI00662","PF - Varejo","Recall","RJ","10","2023-03-30","2024-10-22","14513.35","Fiel"
1728,"CLI01728","PF - Varejo","CRM Ativo","MG","10","2023-04-13","2024-12-23","5256.95","Fiel"
2648,"CLI02648","PF - Varejo","Digital","MG","10","2023-06-12","2024-12-20","14803.52","Fiel"
1339,"CLI01339","PF - Varejo","Fidelização","SP","10","2023-03-25","2024-12-26","8733.89","Fiel"
485,"CLI00485","PF - Varejo","Fidelização","RJ","10","2023-01-09","2024-12-10","10508.28","Fiel"
1350,"CLI01350","PF - Varejo","CRM Ativo","RJ","10","2023-02-20","2024-10-28","15148.64","Fiel"
1059,"CLI01059","PF - Varejo","Digital","RJ","10","2023-05-10","2024-07-05","10590.23","Fiel"
2849,"CLI02849","PF - Varejo","Showroom","MG","10","2023-01-09","2024-09-28","8645.01","Fiel"
490,"CLI00490","PJ - Frota Pequena","Digital","MG","10","2023-04-06","2024-11-30","6831.87","Fiel"
1978,"CLI01978","PF - Varejo","Digital","SP","10","2023-01-13","2024-12-03","4651.83","Fiel"
2138,"CLI02138","PF - Varejo","Fidelização","SP","10","2023-02-18","2024-11-11","5573.75","Fiel"
1719,"CLI01719","PF - Varejo","Digital","MG","10","2023-05-01","2024-11-11","14343.57","Fiel"
744,"CLI00744","PF - Varejo","Digital","DF","10","2023-01-10","2024-11-30","19921.00","Fiel"
1148,"CLI01148","PF - Varejo","Indicação","RJ","10","2023-04-24","2024-11-25","8523.59","Fiel"
3866,"CLI03866","PJ - Frota Pequena","Fidelização","SP","10","2023-03-23","2024-08-04","12978.60","Fiel"
3636,"CLI03636","PF - Varejo","CRM Ativo","SC","10","2023-01-15","2024-08-01","13997.69","Fiel"
2831,"CLI02831","PJ - Frota Grande","CRM Ativo","SP","10","2023-05-22","2024-03-31","13376.10","Fiel"
444,"CLI00444","PF - Varejo","Indicação","SP","10","2023-04-01","2024-10-12","12350.11","Fiel"
3946,"CLI03946","PF - Varejo","Indicação","GO","10","2023-02-16","2024-11-26","20941.16","Fiel"
3320,"CLI03320","PF - Varejo","Digital","GO","10","2023-01-22","2024-12-04","16623.33","Fiel"
3456,"CLI03456","PF - Varejo","Showroom","MG","10","2023-01-17","2024-12-25","10702.25","Fiel"
1576,"CLI01576","PF - Varejo","CRM Ativo","RJ","10","2023-04-09","2024-07-19","22116.17","Fiel"
1533,"CLI01533","PF - Varejo","Indicação","SP","10","2023-06-04","2024-10-25","4974.94","Fiel"
187,"CLI00187","PJ - Frota Pequena","Indicação","DF","10","2023-02-18","2024-03-09","12127.02","Fiel"
3334,"CLI03334","PJ - Frota Grande","Fidelização","RJ","10","2023-01-21","2024-11-19","7046.74","Fiel"
2520,"CLI02520","PF - Premium","CRM Ativo","RJ","10","2023-01-04","2024-12-23","9746.88","Fiel"
3862,"CLI03862","PJ - Frota Pequena","Indicação","CE","10","2023-02-10","2024-11-02","23023.69","Fiel"
1058,"CLI01058","PF - Premium","Indicação","RS","10","2023-02-13","2024-12-27","9704.09","Fiel"
1798,"CLI01798","PF - Premium","Indicação","PR","10","2023-03-25","2024-09-23","11389.60","Fiel"
1448,"CLI01448","PF - Varejo","Indicação","SP","10","2023-02-13","2024-10-31","12089.63","Fiel"
2444,"CLI02444","PF - Premium","Digital","PE","10","2023-02-03","2024-12-31","17920.63","Fiel"
3595,"CLI03595","PF - Varejo","Indicação","CE","10","2023-02-21","2024-11-07","12653.09","Fiel"
788,"CLI00788","PF - Varejo","Indicação","SP","10","2023-05-09","2024-11-27","15734.73","Fiel"
2984,"CLI02984","PJ - Frota Grande","Digital","SC","10","2023-01-08","2024-10-09","7588.45","Fiel"
762,"CLI00762","PF - Premium","Showroom","PR","10","2023-02-13","2024-12-03","12083.12","Fiel"
3162,"CLI03162","PF - Varejo","Indicação","SP","10","2023-04-21","2024-10-19","7979.33","Fiel"
3403,"CLI03403","PF - Premium","Showroom","DF","10","2023-03-02","2024-10-29","30592.50","Fiel"
3442,"CLI03442","PF - Premium","Digital","SP","10","2023-03-17","2024-11-20","12880.46","Fiel"
973,"CLI00973","PJ - Frota Grande","CRM Ativo","RJ","10","2023-01-26","2024-12-27","18767.83","Fiel"
1493,"CLI01493","PF - Varejo","Indicação","RS","10","2023-01-03","2024-10-22","10827.86","Fiel"
2846,"CLI02846","PF - Premium","Indicação","PR","10","2023-01-09","2024-08-28","15478.13","Fiel"
3486,"CLI03486","PJ - Frota Pequena","CRM Ativo","PE","10","2023-01-04","2024-10-10","9323.95","Fiel"
742,"CLI00742","PJ - Frota Pequena","Indicação","GO","10","2023-02-05","2024-12-20","15683.63","Fiel"
1736,"CLI01736","PF - Varejo","Fidelização","RJ","10","2023-02-23","2024-11-21","15175.31","Fiel"
3388,"CLI03388","PF - Premium","Digital","CE","10","2023-03-23","2024-12-02","9561.37","Fiel"
1017,"CLI01017","PF - Varejo","Showroom","RJ","10","2023-05-19","2024-11-09","9340.03","Fiel"
3172,"CLI03172","PF - Varejo","Indicação","SP","10","2023-03-13","2024-12-19","9551.98","Fiel"
200,"CLI00200","PF - Varejo","Digital","RJ","10","2023-01-29","2024-04-05","14434.17","Fiel"
3360,"CLI03360","PF - Varejo","Digital","CE","10","2023-02-10","2024-12-22","16363.53","Fiel"
49,"CLI00049","PJ - Frota Pequena","Recall","DF","10","2023-01-11","2024-12-19","17885.64","Fiel"
672,"CLI00672","PF - Varejo","Showroom","MG","10","2023-03-18","2024-10-31","9251.53","Fiel"
628,"CLI00628","PF - Varejo","Showroom","GO","10","2023-03-12","2024-12-30","16320.63","Fiel"
1312,"CLI01312","PF - Varejo","Indicação","SP","10","2023-02-21","2024-08-28","10027.09","Fiel"
2236,"CLI02236","PF - Premium","Recall","BA","10","2023-03-25","2024-10-16","14203.69","Fiel"
834,"CLI00834","PF - Varejo","Fidelização","RS","10","2023-04-03","2024-07-17","13937.70","Fiel"
215,"CLI00215","PF - Premium","Indicação","SP","10","2023-05-13","2024-12-12","7623.95","Fiel"
939,"CLI00939","PF - Premium","Showroom","SC","10","2023-01-21","2024-11-19","14374.22","Fiel"
3317,"CLI03317","PF - Varejo","Digital","SP","10","2023-02-16","2024-11-15","10239.54","Fiel"
3761,"CLI03761","PF - Premium","Indicação","PR","10","2023-04-12","2024-06-28","10381.37","Fiel"
2088,"CLI02088","PJ - Frota Pequena","Recall","RJ","10","2023-01-18","2024-12-09","18111.67","Fiel"
239,"CLI00239","PF - Varejo","Digital","PR","10","2023-02-09","2024-11-10","12766.26","Fiel"
3714,"CLI03714","PJ - Frota Grande","Showroom","SP","10","2023-03-15","2024-05-22","16121.63","Fiel"
2946,"CLI02946","PF - Varejo","Showroom","SP","10","2023-04-28","2024-11-16","17856.97","Fiel"
2923,"CLI02923","PF - Varejo","Indicação","RJ","10","2023-02-08","2024-10-15","7342.22","Fiel"
1367,"CLI01367","PJ - Frota Grande","Indicação","CE","10","2023-03-28","2024-09-15","8528.51","Fiel"
1781,"CLI01781","PJ - Frota Pequena","Showroom","SP","10","2023-01-09","2024-12-09","8622.86","Fiel"
75,"CLI00075","PJ - Frota Pequena","Showroom","SP","10","2023-10-07","2024-12-23","9756.71","Fiel"
3548,"CLI03548","PJ - Frota Pequena","Digital","SP","10","2023-04-29","2024-06-26","7112.67","Fiel"
991,"CLI00991","PJ - Frota Grande","Indicação","MG","10","2023-04-30","2024-11-11","13089.85","Fiel"
329,"CLI00329","PF - Premium","Indicação","SP","10","2023-05-01","2024-12-31","6642.77","Fiel"
2791,"CLI02791","PJ - Frota Grande","Indicação","RS","10","2023-01-10","2024-11-15","22240.38","Fiel"
1658,"CLI01658","PF - Varejo","Indicação","RJ","10","2023-01-26","2024-11-09","17426.59","Fiel"
1111,"CLI01111","PF - Varejo","Indicação","SP","10","2023-05-25","2024-07-04","14542.93","Fiel"
2703,"CLI02703","PF - Varejo","Digital","ES","10","2023-02-22","2024-09-18","7345.40","Fiel"
577,"CLI00577","PF - Varejo","Digital","SP","10","2023-02-06","2024-12-14","7072.45","Fiel"
2322,"CLI02322","PF - Varejo","Digital","RJ","10","2023-02-09","2024-11-03","21653.79","Fiel"
3616,"CLI03616","PF - Varejo","Indicação","GO","10","2023-06-06","2024-05-26","18905.81","Fiel"
112,"CLI00112","PJ - Frota Grande","Indicação","ES","10","2023-05-03","2024-09-20","10322.99","Fiel"
2113,"CLI02113","PF - Varejo","Fidelização","BA","10","2023-01-27","2024-11-13","7467.10","Fiel"
563,"CLI00563","PF - Premium","CRM Ativo","PR","10","2023-03-10","2024-10-29","7158.15","Fiel"
464,"CLI00464","PF - Premium","Digital","PR","10","2023-02-02","2024-10-14","9055.75","Fiel"
1733,"CLI01733","PF - Varejo","Fidelização","RJ","10","2023-03-08","2024-07-06","7985.07","Fiel"
2000,"CLI02000","PJ - Frota Pequena","Fidelização","RJ","10","2023-01-12","2024-08-12","12525.40","Fiel"
3968,"CLI03968","PF - Premium","Digital","RJ","10","2023-04-06","2024-11-27","13888.39","Fiel"
3563,"CLI03563","PF - Varejo","Indicação","SP","10","2023-04-09","2024-12-05","10208.20","Fiel"
853,"CLI00853","PF - Varejo","Showroom","RJ","10","2023-01-28","2024-10-22","21411.46","Fiel"
3012,"CLI03012","PF - Varejo","Digital","RJ","10","2023-03-06","2024-12-08","10148.42","Fiel"
3504,"CLI03504","PF - Varejo","Digital","SP","10","2023-07-15","2024-11-24","7804.75","Fiel"
1623,"CLI01623","PJ - Frota Pequena","Digital","SP","10","2023-03-08","2024-11-14","10319.51","Fiel"
1191,"CLI01191","PF - Varejo","Fidelização","SC","10","2023-03-10","2024-12-26","13152.83","Fiel"
387,"CLI00387","PF - Varejo","Recall","SP","10","2023-01-22","2024-09-06","7199.41","Fiel"
1108,"CLI01108","PJ - Frota Pequena","Fidelização","SP","10","2023-01-19","2024-12-22","12427.07","Fiel"
816,"CLI00816","PF - Varejo","Digital","GO","10","2023-05-12","2024-11-18","8708.26","Fiel"
2708,"CLI02708","PJ - Frota Pequena","Digital","PR","10","2023-01-24","2024-12-24","15298.49","Fiel"
2321,"CLI02321","PF - Varejo","Digital","BA","10","2023-03-11","2024-12-05","16052.15","Fiel"
153,"CLI00153","PF - Premium","Indicação","MG","10","2023-02-08","2024-08-29","6512.93","Fiel"
2576,"CLI02576","PF - Varejo","Digital","SP","10","2023-03-20","2024-12-25","17825.58","Fiel"
3190,"CLI03190","PJ - Frota Pequena","Indicação","SP","10","2023-01-04","2024-11-17","15003.52","Fiel"
2581,"CLI02581","PF - Varejo","Digital","PE","10","2023-03-14","2024-09-15","17950.97","Fiel"
3040,"CLI03040","PJ - Frota Pequena","Digital","RJ","10","2023-05-12","2024-12-30","5777.86","Fiel"
1098,"CLI01098","PF - Premium","Digital","MG","10","2023-02-15","2024-12-19","15988.20","Fiel"
266,"CLI00266","PF - Varejo","Recall","SP","10","2023-01-08","2024-10-27","5687.88","Fiel"
937,"CLI00937","PF - Varejo","Digital","SC","10","2023-01-20","2024-10-19","11139.69","Fiel"
750,"CLI00750","PF - Varejo","Showroom","RJ","10","2023-01-15","2024-11-17","17497.41","Fiel"
1546,"CLI01546","PJ - Frota Grande","Digital","RJ","10","2023-01-08","2024-12-30","13871.03","Fiel"
2459,"CLI02459","PF - Premium","Digital","SP","10","2023-04-17","2024-07-30","8524.21","Fiel"
491,"CLI00491","PF - Varejo","Showroom","MG","10","2023-01-27","2024-12-21","5630.50","Fiel"
1535,"CLI01535","PF - Varejo","Indicação","RJ","10","2023-01-22","2024-10-27","12319.88","Fiel"
1755,"CLI01755","PF - Varejo","Recall","SP","10","2023-02-19","2024-07-01","16865.50","Fiel"
54,"CLI00054","PF - Varejo","Recall","SP","10","2023-02-27","2024-12-31","13372.12","Fiel"
3811,"CLI03811","PF - Varejo","Indicação","PR","10","2023-01-29","2024-11-14","5913.08","Fiel"
3682,"CLI03682","PJ - Frota Grande","Indicação","SP","10","2023-01-01","2024-12-23","15592.34","Fiel"
3208,"CLI03208","PF - Premium","Digital","SP","10","2023-02-06","2024-11-04","10589.66","Fiel"
2020,"CLI02020","PJ - Frota Grande","Digital","SP","10","2023-02-21","2024-10-12","9396.67","Fiel"
1185,"CLI01185","PJ - Frota Grande","Showroom","SP","10","2023-01-06","2024-07-28","16352.38","Fiel"
898,"CLI00898","PJ - Frota Pequena","Digital","SP","10","2023-01-13","2024-08-29","11345.57","Fiel"
1574,"CLI01574","PF - Premium","Recall","SP","10","2023-02-02","2024-09-04","12966.52","Fiel"
828,"CLI00828","PF - Varejo","Fidelização","BA","10","2023-02-21","2024-12-05","11167.69","Fiel"
2256,"CLI02256","PF - Varejo","Digital","PR","10","2023-06-28","2024-08-31","15318.16","Fiel"
180,"CLI00180","PF - Varejo","Showroom","MG","10","2023-01-01","2024-11-08","30555.56","Fiel"
1068,"CLI01068","PJ - Frota Grande","Digital","RJ","10","2023-04-05","2024-12-14","20160.46","Fiel"
2450,"CLI02450","PJ - Frota Pequena","Showroom","SP","10","2023-09-03","2024-11-01","13629.81","Fiel"
1015,"CLI01015","PF - Varejo","Recall","BA","10","2023-01-01","2024-03-31","9684.31","Fiel"
3260,"CLI03260","PF - Varejo","Indicação","ES","10","2023-03-19","2024-10-11","12262.78","Fiel"
1077,"CLI01077","PJ - Frota Pequena","Digital","SP","10","2023-04-20","2024-12-30","20686.31","Fiel"
2547,"CLI02547","PF - Premium","CRM Ativo","RJ","9","2023-01-10","2024-09-23","12523.95","Fiel"
729,"CLI00729","PF - Premium","CRM Ativo","SP","9","2023-03-05","2024-11-19","21458.86","Fiel"
983,"CLI00983","PF - Varejo","Indicação","DF","9","2023-03-30","2024-12-03","21004.59","Fiel"
2478,"CLI02478","PF - Varejo","Digital","SP","9","2023-03-10","2024-07-30","15538.18","Fiel"
380,"CLI00380","PF - Varejo","Recall","SP","9","2023-02-04","2024-12-23","16497.54","Fiel"
2862,"CLI02862","PJ - Frota Pequena","Indicação","SP","9","2023-03-03","2024-08-22","16476.29","Fiel"
401,"CLI00401","PF - Premium","Indicação","MG","9","2023-02-01","2024-12-12","13100.83","Fiel"
1073,"CLI01073","PJ - Frota Pequena","CRM Ativo","SP","9","2023-02-19","2024-12-27","18017.58","Fiel"
612,"CLI00612","PF - Premium","Indicação","ES","9","2023-01-21","2024-12-10","13195.27","Fiel"
887,"CLI00887","PJ - Frota Pequena","Digital","MG","9","2023-01-23","2024-12-18","12078.11","Fiel"
2885,"CLI02885","PF - Varejo","Fidelização","MG","9","2023-06-13","2024-08-30","6503.57","Fiel"
1954,"CLI01954","PF - Premium","Digital","DF","9","2023-03-31","2024-10-14","12834.25","Fiel"
3283,"CLI03283","PF - Varejo","Indicação","SP","9","2023-03-01","2024-11-24","12494.97","Fiel"
1731,"CLI01731","PJ - Frota Pequena","Indicação","SP","9","2023-02-01","2024-12-15","25963.28","Fiel"
3233,"CLI03233","PF - Varejo","Digital","BA","9","2023-03-09","2024-11-13","14703.39","Fiel"
402,"CLI00402","PF - Varejo","Showroom","RJ","9","2023-06-12","2024-10-05","8140.28","Fiel"
403,"CLI00403","PJ - Frota Pequena","CRM Ativo","SP","9","2023-02-19","2024-09-01","13136.39","Fiel"
2372,"CLI02372","PF - Varejo","Digital","MG","9","2023-03-01","2024-11-23","15914.55","Fiel"
3310,"CLI03310","PF - Varejo","Showroom","BA","9","2023-02-04","2024-10-05","11215.65","Fiel"
1902,"CLI01902","PJ - Frota Pequena","Digital","PR","9","2023-05-11","2024-10-01","9767.41","Fiel"
1603,"CLI01603","PF - Premium","Showroom","PR","9","2023-03-21","2024-10-29","5446.60","Fiel"
1039,"CLI01039","PJ - Frota Pequena","Digital","RJ","9","2023-02-18","2024-08-13","16366.67","Fiel"
3801,"CLI03801","PF - Varejo","Indicação","RJ","9","2023-03-02","2024-11-09","9945.58","Fiel"
1177,"CLI01177","PF - Varejo","Indicação","SP","9","2023-02-17","2024-12-09","12640.23","Fiel"
2122,"CLI02122","PF - Varejo","Indicação","RS","9","2023-02-05","2024-12-21","5249.62","Fiel"
2865,"CLI02865","PF - Varejo","Recall","PR","9","2023-01-27","2024-12-09","9096.78","Fiel"
2746,"CLI02746","PJ - Frota Grande","Recall","DF","9","2023-02-20","2024-07-02","14551.86","Fiel"
616,"CLI00616","PJ - Frota Grande","Digital","DF","9","2023-02-16","2024-11-08","11439.46","Fiel"
2491,"CLI02491","PF - Premium","Digital","RJ","9","2023-01-19","2024-11-04","23813.72","Fiel"
3366,"CLI03366","PJ - Frota Grande","Digital","RS","9","2023-03-06","2024-12-05","24043.36","Fiel"
604,"CLI00604","PF - Varejo","Digital","SP","9","2023-02-21","2024-09-29","8054.59","Fiel"
1787,"CLI01787","PF - Varejo","Digital","SC","9","2023-02-03","2024-11-23","15728.02","Fiel"
3642,"CLI03642","PF - Varejo","Showroom","ES","9","2023-02-12","2024-11-23","9801.95","Fiel"
1280,"CLI01280","PF - Varejo","Recall","CE","9","2023-05-25","2024-12-17","21491.33","Fiel"
2633,"CLI02633","PF - Premium","Showroom","MG","9","2023-01-31","2024-06-24","9227.35","Fiel"
1979,"CLI01979","PF - Premium","Digital","MG","9","2023-04-15","2024-11-13","7508.19","Fiel"
2503,"CLI02503","PJ - Frota Pequena","Showroom","RJ","9","2023-01-20","2024-03-26","9961.96","Fiel"
190,"CLI00190","PF - Premium","Digital","RJ","9","2023-06-11","2024-11-30","24473.83","Fiel"
1416,"CLI01416","PJ - Frota Pequena","Digital","SC","9","2023-06-08","2024-12-27","9468.61","Fiel"
1596,"CLI01596","PJ - Frota Pequena","Digital","RJ","9","2023-02-16","2024-09-16","6782.93","Fiel"
3501,"CLI03501","PF - Varejo","Showroom","SP","9","2023-02-25","2024-12-23","8877.55","Fiel"
3518,"CLI03518","PJ - Frota Grande","Showroom","BA","9","2023-01-09","2024-08-02","7144.65","Fiel"
2774,"CLI02774","PF - Premium","Showroom","MG","9","2023-02-12","2024-11-30","7777.85","Fiel"
3795,"CLI03795","PF - Premium","Digital","SP","9","2023-05-23","2024-04-13","8055.35","Fiel"
2167,"CLI02167","PF - Varejo","Digital","RS","9","2023-03-19","2024-08-02","6165.36","Fiel"
2857,"CLI02857","PJ - Frota Pequena","Indicação","RS","9","2023-01-06","2024-10-14","11892.15","Fiel"
494,"CLI00494","PF - Varejo","Indicação","RJ","9","2023-02-17","2024-11-06","8267.64","Fiel"
435,"CLI00435","PJ - Frota Pequena","Indicação","MG","9","2023-05-19","2024-12-15","15795.53","Fiel"
583,"CLI00583","PJ - Frota Pequena","Showroom","SP","9","2023-02-28","2024-11-30","4212.86","Fiel"
68,"CLI00068","PF - Varejo","Indicação","MG","9","2023-03-29","2024-11-11","20643.07","Fiel"
201,"CLI00201","PJ - Frota Grande","Digital","RJ","9","2023-02-17","2024-11-29","16826.64","Fiel"
1106,"CLI01106","PJ - Frota Grande","Indicação","CE","9","2023-03-21","2024-10-13","18642.91","Fiel"
580,"CLI00580","PF - Varejo","Indicação","RJ","9","2023-05-05","2024-11-19","9356.08","Fiel"
1142,"CLI01142","PJ - Frota Pequena","Recall","SP","9","2023-08-23","2024-11-26","11710.22","Fiel"
1486,"CLI01486","PJ - Frota Pequena","Fidelização","SP","9","2023-01-07","2024-03-26","9896.07","Fiel"
3778,"CLI03778","PF - Varejo","Showroom","SP","9","2023-02-24","2024-11-14","6400.91","Fiel"
946,"CLI00946","PJ - Frota Grande","Digital","RJ","9","2023-07-06","2024-12-02","14473.46","Fiel"
2449,"CLI02449","PF - Varejo","Digital","RJ","9","2023-04-16","2024-09-07","10735.43","Fiel"
969,"CLI00969","PJ - Frota Pequena","Digital","DF","9","2023-01-15","2024-02-21","10421.45","Fiel"
2835,"CLI02835","PF - Varejo","Showroom","RJ","9","2023-05-20","2024-12-05","15925.73","Fiel"
3886,"CLI03886","PF - Varejo","Digital","RJ","9","2023-05-27","2024-12-31","13953.92","Fiel"
506,"CLI00506","PJ - Frota Pequena","Indicação","BA","9","2023-03-10","2024-12-27","16982.47","Fiel"
3649,"CLI03649","PF - Varejo","Showroom","MG","9","2023-03-28","2024-12-23","8684.55","Fiel"
1519,"CLI01519","PJ - Frota Pequena","Indicação","DF","9","2023-01-29","2024-12-24","21905.93","Fiel"
2487,"CLI02487","PF - Varejo","Indicação","ES","9","2023-07-31","2024-12-21","7606.77","Fiel"
3149,"CLI03149","PF - Varejo","Indicação","RS","9","2023-02-18","2024-08-24","11169.33","Fiel"
1995,"CLI01995","PF - Premium","Indicação","PE","9","2023-07-10","2024-10-29","6203.73","Fiel"
2396,"CLI02396","PJ - Frota Pequena","Fidelização","MG","9","2023-04-08","2024-05-30","9411.54","Fiel"
2546,"CLI02546","PF - Varejo","Showroom","SP","9","2023-02-01","2024-12-21","23913.72","Fiel"
3199,"CLI03199","PJ - Frota Grande","Digital","MG","9","2023-01-27","2024-11-20","15795.31","Fiel"
3937,"CLI03937","PF - Varejo","Digital","SP","9","2023-05-21","2024-10-04","10430.57","Fiel"
1362,"CLI01362","PF - Varejo","Showroom","RJ","9","2023-06-10","2024-11-13","11732.21","Fiel"
2635,"CLI02635","PJ - Frota Grande","Indicação","SP","9","2023-06-27","2024-11-23","14991.16","Fiel"
1592,"CLI01592","PF - Premium","Indicação","RJ","9","2023-07-29","2024-12-10","17861.26","Fiel"
1612,"CLI01612","PJ - Frota Pequena","Showroom","GO","9","2023-02-01","2024-10-04","9602.14","Fiel"
2438,"CLI02438","PF - Varejo","Showroom","MG","9","2023-04-10","2024-12-26","11509.16","Fiel"
1214,"CLI01214","PF - Premium","Digital","GO","9","2023-06-09","2024-10-06","8733.47","Fiel"
1520,"CLI01520","PJ - Frota Pequena","Digital","SC","9","2023-02-06","2024-10-16","9300.28","Fiel"
550,"CLI00550","PF - Premium","Indicação","SP","9","2023-02-28","2024-10-01","13989.11","Fiel"
2021,"CLI02021","PF - Premium","Indicação","MG","9","2023-06-06","2024-07-10","11745.19","Fiel"
1742,"CLI01742","PF - Varejo","CRM Ativo","SP","9","2023-01-07","2024-10-11","16572.83","Fiel"
3059,"CLI03059","PF - Premium","Digital","GO","9","2023-02-18","2024-12-22","11115.86","Fiel"
2231,"CLI02231","PJ - Frota Pequena","Showroom","PE","9","2023-01-14","2024-11-04","13129.02","Fiel"
1665,"CLI01665","PF - Varejo","Fidelização","RJ","9","2023-02-23","2024-12-09","10009.33","Fiel"
1948,"CLI01948","PF - Varejo","Indicação","MG","9","2023-05-28","2024-06-20","10947.72","Fiel"
3368,"CLI03368","PF - Varejo","Showroom","RJ","9","2023-05-02","2024-11-11","11858.82","Fiel"
632,"CLI00632","PF - Varejo","Digital","SP","9","2023-06-10","2024-11-03","13112.30","Fiel"
3201,"CLI03201","PF - Varejo","Showroom","SP","9","2023-03-11","2024-12-16","15362.38","Fiel"
3016,"CLI03016","PF - Varejo","Recall","PR","9","2023-04-12","2024-09-16","7685.36","Fiel"
3854,"CLI03854","PF - Varejo","Showroom","SP","9","2023-01-07","2024-08-23","8251.17","Fiel"
484,"CLI00484","PF - Varejo","Recall","CE","9","2023-04-08","2024-10-29","10465.08","Fiel"
2337,"CLI02337","PF - Premium","Showroom","SP","9","2023-02-13","2024-04-08","10355.12","Fiel"
585,"CLI00585","PF - Varejo","Digital","MG","9","2023-07-16","2024-12-21","7594.28","Fiel"
1754,"CLI01754","PF - Varejo","Digital","RS","9","2023-04-21","2024-11-11","13623.03","Fiel"
533,"CLI00533","PJ - Frota Pequena","Indicação","SP","9","2023-05-04","2024-08-10","14024.37","Fiel"
3557,"CLI03557","PJ - Frota Grande","Indicação","DF","9","2023-04-02","2024-09-01","13181.44","Fiel"
1034,"CLI01034","PJ - Frota Pequena","CRM Ativo","PR","9","2023-03-19","2024-12-17","9003.83","Fiel"
2087,"CLI02087","PF - Varejo","Indicação","MG","9","2023-04-03","2024-10-15","4706.34","Fiel"
2054,"CLI02054","PJ - Frota Pequena","Recall","SP","9","2023-03-01","2024-11-19","17412.64","Fiel"
247,"CLI00247","PF - Varejo","Indicação","ES","9","2023-09-24","2024-12-13","8115.32","Fiel"
423,"CLI00423","PF - Varejo","Indicação","ES","9","2023-01-18","2024-12-23","7955.98","Fiel"
1182,"CLI01182","PJ - Frota Pequena","Digital","MG","9","2023-06-28","2024-11-04","15091.19","Fiel"
102,"CLI00102","PF - Varejo","Indicação","CE","9","2023-01-12","2024-11-07","8553.81","Fiel"
1241,"CLI01241","PF - Varejo","Showroom","PR","9","2023-03-07","2024-11-14","8565.93","Fiel"
3994,"CLI03994","PJ - Frota Pequena","Showroom","SC","9","2023-05-23","2024-10-05","9816.28","Fiel"
3995,"CLI03995","PF - Varejo","Digital","SP","9","2023-02-23","2024-12-12","14862.35","Fiel"
2591,"CLI02591","PF - Varejo","Indicação","ES","9","2023-05-03","2024-09-10","17068.16","Fiel"
3602,"CLI03602","PF - Varejo","CRM Ativo","SC","9","2023-03-17","2024-02-29","16437.81","Fiel"
3572,"CLI03572","PF - Varejo","Indicação","RJ","9","2023-04-10","2024-11-10","8562.42","Fiel"
3581,"CLI03581","PF - Varejo","Indicação","MG","9","2023-02-24","2024-12-27","9550.86","Fiel"
1624,"CLI01624","PJ - Frota Pequena","CRM Ativo","SP","9","2023-01-16","2024-12-23","11281.59","Fiel"
232,"CLI00232","PF - Premium","Recall","RS","9","2023-04-12","2024-12-20","17517.54","Fiel"
358,"CLI00358","PF - Premium","Indicação","PE","9","2023-03-08","2024-12-24","15569.60","Fiel"
3189,"CLI03189","PJ - Frota Grande","Showroom","MG","9","2023-05-01","2024-10-22","6800.13","Fiel"
237,"CLI00237","PF - Varejo","Showroom","PE","9","2023-02-05","2024-11-27","11615.23","Fiel"
2996,"CLI02996","PJ - Frota Grande","Digital","DF","9","2023-01-14","2024-08-26","14027.65","Fiel"
3859,"CLI03859","PF - Varejo","Showroom","PR","9","2023-02-05","2024-08-20","10579.98","Fiel"
902,"CLI00902","PF - Premium","Showroom","SP","9","2023-03-12","2024-11-17","15588.32","Fiel"
1169,"CLI01169","PF - Premium","Indicação","ES","9","2023-01-19","2024-12-21","13958.31","Fiel"
1014,"CLI01014","PF - Varejo","Showroom","SP","9","2023-02-02","2024-12-21","9011.97","Fiel"
1422,"CLI01422","PJ - Frota Grande","Indicação","ES","9","2023-03-10","2024-09-26","10206.86","Fiel"
2565,"CLI02565","PF - Varejo","CRM Ativo","GO","9","2023-03-04","2024-12-04","17121.87","Fiel"
1306,"CLI01306","PF - Premium","Showroom","DF","9","2023-02-12","2024-09-14","13493.25","Fiel"
399,"CLI00399","PF - Premium","Recall","BA","9","2023-06-26","2024-09-23","8790.14","Fiel"
64,"CLI00064","PF - Premium","Showroom","CE","9","2023-02-21","2024-12-26","13314.03","Fiel"
1135,"CLI01135","PF - Varejo","Fidelização","SP","9","2023-06-09","2024-12-06","17476.39","Fiel"
2205,"CLI02205","PJ - Frota Pequena","Indicação","DF","9","2023-05-21","2024-11-03","8692.50","Fiel"
831,"CLI00831","PJ - Frota Pequena","Digital","SP","9","2023-02-14","2024-10-23","7792.49","Fiel"
8,"CLI00008","PJ - Frota Pequena","Recall","PE","9","2023-05-01","2024-10-23","4692.25","Fiel"
2454,"CLI02454","PF - Varejo","Showroom","GO","9","2023-02-02","2024-03-19","6697.08","Fiel"
3867,"CLI03867","PF - Premium","Digital","SP","9","2023-01-28","2024-09-01","16789.28","Fiel"
2573,"CLI02573","PF - Varejo","Showroom","MG","9","2023-01-03","2024-08-11","12519.51","Fiel"
244,"CLI00244","PF - Varejo","CRM Ativo","MG","9","2023-04-13","2024-12-05","8105.66","Fiel"
3939,"CLI03939","PF - Premium","Indicação","ES","9","2023-04-11","2024-12-07","13054.36","Fiel"
3029,"CLI03029","PF - Premium","Indicação","DF","9","2023-02-22","2024-12-10","14476.67","Fiel"
615,"CLI00615","PJ - Frota Pequena","CRM Ativo","SP","9","2023-01-05","2024-06-15","9148.81","Fiel"
3671,"CLI03671","PF - Premium","Digital","MG","9","2023-01-11","2024-12-29","11391.20","Fiel"
3802,"CLI03802","PJ - Frota Pequena","Indicação","PR","9","2023-01-18","2024-11-12","14867.69","Fiel"
1975,"CLI01975","PJ - Frota Pequena","Indicação","SP","9","2023-07-27","2024-11-17","10179.96","Fiel"
832,"CLI00832","PF - Varejo","Indicação","MG","9","2023-08-11","2024-11-18","10612.46","Fiel"
589,"CLI00589","PJ - Frota Pequena","Digital","CE","9","2023-03-07","2024-11-13","9144.04","Fiel"
2480,"CLI02480","PF - Varejo","Indicação","RS","9","2023-02-20","2024-12-09","9092.15","Fiel"
1992,"CLI01992","PJ - Frota Pequena","Showroom","SP","9","2023-03-29","2024-12-29","13378.99","Fiel"
357,"CLI00357","PF - Premium","Digital","PR","9","2023-02-28","2024-11-13","9346.65","Fiel"
1882,"CLI01882","PJ - Frota Pequena","CRM Ativo","RJ","9","2023-01-24","2024-11-04","9911.84","Fiel"
1993,"CLI01993","PF - Varejo","Indicação","SP","9","2023-03-06","2024-09-08","5152.29","Fiel"
3110,"CLI03110","PJ - Frota Pequena","CRM Ativo","CE","9","2023-02-13","2024-10-24","15564.18","Fiel"
2549,"CLI02549","PF - Varejo","Digital","SP","9","2023-03-19","2024-10-28","12856.43","Fiel"
1403,"CLI01403","PF - Varejo","Indicação","SP","9","2023-08-12","2024-09-24","8046.03","Fiel"
2287,"CLI02287","PF - Varejo","Digital","DF","9","2023-06-05","2024-11-01","5360.27","Fiel"
738,"CLI00738","PJ - Frota Pequena","Digital","SP","9","2023-01-28","2024-11-26","14945.68","Fiel"
2258,"CLI02258","PF - Varejo","Recall","PE","9","2023-08-05","2024-04-30","9149.37","Fiel"
880,"CLI00880","PJ - Frota Pequena","Indicação","RJ","9","2023-03-18","2024-01-22","5395.73","Fiel"
2634,"CLI02634","PJ - Frota Pequena","Digital","ES","9","2023-04-03","2024-11-26","21031.77","Fiel"
3635,"CLI03635","PF - Varejo","Digital","GO","9","2023-03-24","2024-08-07","6666.39","Fiel"
2181,"CLI02181","PF - Premium","Indicação","SP","9","2023-03-08","2024-12-14","8451.07","Fiel"
1809,"CLI01809","PF - Varejo","Showroom","MG","9","2023-03-05","2024-11-05","13142.07","Fiel"
3462,"CLI03462","PF - Varejo","Showroom","RJ","9","2023-03-17","2024-12-11","6153.45","Fiel"
3128,"CLI03128","PF - Varejo","Indicação","PR","9","2023-05-07","2024-07-29","9940.75","Fiel"
2840,"CLI02840","PJ - Frota Pequena","Recall","RS","9","2023-03-22","2024-10-11","5340.80","Fiel"
479,"CLI00479","PJ - Frota Pequena","Digital","SP","9","2023-03-03","2024-11-17","5599.58","Fiel"
649,"CLI00649","PF - Varejo","Fidelização","RJ","9","2023-01-19","2024-12-25","5718.63","Fiel"
3730,"CLI03730","PF - Varejo","Indicação","RJ","9","2023-03-19","2024-10-28","9891.00","Fiel"
2324,"CLI02324","PF - Varejo","Recall","BA","9","2023-05-25","2024-11-28","11401.74","Fiel"
2277,"CLI02277","PJ - Frota Grande","Indicação","BA","9","2023-02-05","2024-11-02","8484.47","Fiel"
3840,"CLI03840","PF - Varejo","Indicação","DF","9","2023-03-05","2024-11-27","6702.73","Fiel"
2134,"CLI02134","PF - Premium","Showroom","GO","9","2023-03-11","2024-09-21","8927.63","Fiel"
3411,"CLI03411","PJ - Frota Pequena","Digital","RJ","9","2023-01-31","2024-12-08","5551.07","Fiel"
3819,"CLI03819","PF - Varejo","Recall","RJ","9","2023-04-28","2024-09-19","17597.11","Fiel"
3362,"CLI03362","PF - Varejo","Indicação","PR","9","2023-01-15","2024-11-12","13772.45","Fiel"
3273,"CLI03273","PF - Varejo","Recall","MG","9","2023-01-14","2024-09-26","10275.77","Fiel"
1680,"CLI01680","PF - Varejo","Recall","DF","9","2023-09-16","2024-11-15","13487.47","Fiel"
3259,"CLI03259","PF - Varejo","Fidelização","SP","9","2023-06-12","2024-11-27","3929.41","Fiel"
1856,"CLI01856","PJ - Frota Pequena","Recall","SP","9","2023-01-09","2024-10-17","6891.19","Fiel"
3633,"CLI03633","PJ - Frota Pequena","Digital","RJ","9","2023-09-29","2024-12-31","10112.74","Fiel"
2105,"CLI02105","PF - Varejo","Showroom","RJ","9","2023-04-28","2024-12-18","14597.41","Fiel"
2859,"CLI02859","PF - Varejo","Fidelização","DF","9","2023-02-19","2024-10-10","14531.79","Fiel"
2833,"CLI02833","PF - Premium","Showroom","SP","9","2023-01-08","2024-11-04","8185.49","Fiel"
848,"CLI00848","PF - Varejo","Showroom","PR","9","2023-01-05","2024-03-02","7198.30","Fiel"
2983,"CLI02983","PF - Premium","Fidelização","DF","9","2023-04-19","2024-12-16","15544.63","Fiel"
2049,"CLI02049","PF - Varejo","Digital","BA","9","2023-06-19","2024-10-28","24658.34","Fiel"
3205,"CLI03205","PF - Premium","Digital","SP","9","2023-03-24","2024-12-29","6425.80","Fiel"
2750,"CLI02750","PF - Varejo","Fidelização","MG","9","2023-09-28","2024-11-20","6330.36","Fiel"
3495,"CLI03495","PF - Varejo","Showroom","MG","9","2023-05-02","2024-12-30","13096.04","Fiel"
1987,"CLI01987","PJ - Frota Pequena","CRM Ativo","RS","9","2023-01-05","2024-12-11","8277.68","Fiel"
1022,"CLI01022","PF - Premium","Recall","MG","9","2023-02-15","2024-09-26","11735.13","Fiel"
611,"CLI00611","PF - Varejo","Digital","SP","9","2023-03-02","2024-09-26","13044.53","Fiel"
3750,"CLI03750","PJ - Frota Pequena","Indicação","CE","9","2023-04-17","2024-10-29","12089.74","Fiel"
114,"CLI00114","PF - Premium","CRM Ativo","MG","9","2023-03-17","2024-10-31","15317.91","Fiel"
593,"CLI00593","PF - Varejo","Fidelização","RJ","9","2023-02-17","2024-12-01","18397.05","Fiel"
2393,"CLI02393","PF - Varejo","Digital","RJ","9","2023-02-20","2024-12-05","8198.40","Fiel"
1788,"CLI01788","PJ - Frota Pequena","Indicação","MG","9","2023-02-21","2024-11-25","12333.81","Fiel"
62,"CLI00062","PF - Varejo","Fidelização","GO","9","2023-04-04","2024-06-17","15451.17","Fiel"
1495,"CLI01495","PF - Varejo","Fidelização","PR","9","2023-02-17","2024-06-26","15048.50","Fiel"
2354,"CLI02354","PF - Varejo","Indicação","BA","9","2023-05-16","2024-12-05","8318.69","Fiel"
800,"CLI00800","PF - Varejo","Indicação","SP","9","2023-02-26","2024-03-23","15175.39","Fiel"
2435,"CLI02435","PF - Varejo","CRM Ativo","PE","9","2023-01-14","2024-09-17","13082.27","Fiel"
1288,"CLI01288","PF - Varejo","Digital","GO","9","2023-02-19","2024-11-25","9654.91","Fiel"
2933,"CLI02933","PF - Varejo","Digital","MG","9","2023-02-12","2024-10-02","6673.87","Fiel"
2974,"CLI02974","PJ - Frota Grande","Indicação","DF","9","2023-01-24","2024-10-10","10243.21","Fiel"
2531,"CLI02531","PJ - Frota Pequena","Showroom","MG","9","2023-01-19","2024-11-21","8800.11","Fiel"
1337,"CLI01337","PF - Varejo","Digital","RJ","9","2023-03-20","2024-10-25","8535.17","Fiel"
3372,"CLI03372","PF - Premium","Digital","PE","9","2023-03-07","2024-10-21","7391.19","Fiel"
3245,"CLI03245","PF - Varejo","CRM Ativo","RJ","9","2023-02-18","2024-10-11","7906.81","Fiel"
3413,"CLI03413","PF - Varejo","CRM Ativo","PR","9","2023-02-06","2024-10-22","10266.89","Fiel"
2308,"CLI02308","PF - Varejo","Showroom","RJ","9","2023-01-14","2024-10-17","14185.44","Fiel"
1583,"CLI01583","PF - Premium","CRM Ativo","ES","9","2023-05-24","2024-12-15","9850.78","Fiel"
3977,"CLI03977","PF - Varejo","Indicação","RJ","9","2023-03-15","2024-10-13","6474.75","Fiel"
2299,"CLI02299","PJ - Frota Grande","Fidelização","SP","9","2023-01-02","2024-03-24","16221.21","Fiel"
2331,"CLI02331","PJ - Frota Grande","Showroom","DF","9","2023-03-04","2024-12-15","10042.94","Fiel"
2741,"CLI02741","PF - Varejo","Indicação","SP","9","2023-03-19","2024-11-21","7805.47","Fiel"
1472,"CLI01472","PF - Varejo","Digital","PE","9","2023-05-11","2024-10-31","8280.00","Fiel"
213,"CLI00213","PF - Varejo","Indicação","SP","9","2023-03-20","2024-10-13","12282.62","Fiel"
2123,"CLI02123","PF - Premium","Digital","SP","9","2023-04-07","2024-10-11","9747.24","Fiel"
1395,"CLI01395","PF - Varejo","Indicação","RS","9","2023-04-04","2024-10-13","18014.99","Fiel"
648,"CLI00648","PJ - Frota Pequena","Digital","SP","9","2023-03-21","2024-12-08","10333.39","Fiel"
2402,"CLI02402","PF - Varejo","Indicação","BA","9","2023-02-12","2024-11-17","8663.28","Fiel"
1227,"CLI01227","PJ - Frota Grande","Digital","RJ","9","2023-03-25","2024-11-04","14044.03","Fiel"
1915,"CLI01915","PF - Premium","Recall","MG","9","2023-08-21","2024-09-03","9254.40","Fiel"
791,"CLI00791","PF - Premium","Digital","RJ","9","2023-02-06","2024-12-11","8858.47","Fiel"
419,"CLI00419","PF - Varejo","CRM Ativo","PR","9","2023-03-13","2024-09-24","6025.45","Fiel"
2715,"CLI02715","PF - Varejo","Digital","PR","9","2023-05-13","2024-12-01","6232.17","Fiel"
2385,"CLI02385","PF - Varejo","Showroom","MG","9","2023-06-16","2024-12-04","7354.46","Fiel"
3211,"CLI03211","PJ - Frota Pequena","Digital","SP","9","2023-01-03","2024-12-10","11972.15","Fiel"
3928,"CLI03928","PF - Varejo","Digital","RJ","9","2023-01-29","2024-08-04","13054.69","Fiel"
3521,"CLI03521","PF - Varejo","Recall","SP","9","2023-07-25","2024-12-03","6673.94","Fiel"
3674,"CLI03674","PJ - Frota Pequena","Indicação","RJ","9","2023-01-23","2024-12-01","13246.91","Fiel"
809,"CLI00809","PF - Varejo","Digital","SC","9","2023-04-16","2024-12-28","10046.85","Fiel"
2214,"CLI02214","PF - Varejo","Digital","SP","9","2023-01-29","2024-11-27","11164.08","Fiel"
1829,"CLI01829","PF - Varejo","Showroom","MG","9","2023-02-28","2024-11-10","11068.85","Fiel"
3956,"CLI03956","PF - Premium","Showroom","CE","9","2023-03-22","2024-11-22","10086.19","Fiel"
841,"CLI00841","PJ - Frota Pequena","Indicação","PR","9","2023-02-08","2024-12-25","11406.93","Fiel"
2677,"CLI02677","PF - Premium","Digital","DF","9","2023-01-24","2024-09-01","5622.16","Fiel"
3357,"CLI03357","PF - Varejo","Showroom","PR","9","2023-03-06","2024-09-19","11245.55","Fiel"
172,"CLI00172","PF - Premium","Showroom","PR","9","2023-04-23","2024-11-18","13308.98","Fiel"
2057,"CLI02057","PJ - Frota Pequena","CRM Ativo","ES","9","2023-02-05","2024-09-15","11019.38","Fiel"
3888,"CLI03888","PF - Varejo","Indicação","PR","9","2023-01-26","2024-11-30","13495.46","Fiel"
1747,"CLI01747","PF - Varejo","Digital","GO","9","2023-01-14","2024-11-23","10431.17","Fiel"
395,"CLI00395","PF - Varejo","Indicação","RJ","9","2023-07-29","2024-12-15","13736.64","Fiel"
285,"CLI00285","PF - Varejo","Digital","BA","9","2023-02-06","2024-08-16","18358.35","Fiel"
1922,"CLI01922","PJ - Frota Pequena","Indicação","RJ","9","2023-01-09","2024-11-28","10641.44","Fiel"
1205,"CLI01205","PJ - Frota Grande","Digital","SP","9","2023-02-27","2024-11-06","9218.32","Fiel"
3298,"CLI03298","PJ - Frota Grande","Indicação","MG","9","2023-01-10","2024-08-01","8378.44","Fiel"
3196,"CLI03196","PJ - Frota Pequena","Indicação","RJ","9","2023-01-19","2024-07-28","15144.97","Fiel"
3646,"CLI03646","PJ - Frota Pequena","Showroom","RS","9","2023-01-10","2024-10-22","6900.46","Fiel"
1089,"CLI01089","PJ - Frota Pequena","Indicação","MG","9","2023-04-02","2024-10-07","15102.89","Fiel"
2274,"CLI02274","PJ - Frota Grande","CRM Ativo","DF","9","2023-03-17","2024-11-19","18016.59","Fiel"
3607,"CLI03607","PJ - Frota Grande","Fidelização","SP","9","2023-04-13","2024-11-08","16273.25","Fiel"
3069,"CLI03069","PF - Premium","Indicação","RJ","9","2023-03-20","2024-10-25","10355.69","Fiel"
1818,"CLI01818","PF - Varejo","Indicação","ES","9","2023-05-19","2024-11-08","10965.78","Fiel"
3095,"CLI03095","PF - Premium","Digital","SP","9","2023-01-20","2024-12-25","9942.14","Fiel"
2693,"CLI02693","PF - Varejo","Indicação","RJ","9","2023-03-27","2024-11-28","21757.12","Fiel"
3589,"CLI03589","PF - Premium","Digital","SP","9","2023-06-23","2024-12-11","7804.44","Fiel"
863,"CLI00863","PF - Premium","Fidelização","GO","9","2023-02-10","2024-12-15","10103.52","Fiel"
228,"CLI00228","PF - Premium","Indicação","SP","9","2023-04-13","2024-11-22","26179.33","Fiel"
1507,"CLI01507","PJ - Frota Grande","Digital","PE","9","2023-07-20","2024-07-22","8477.17","Fiel"
432,"CLI00432","PF - Varejo","Digital","SP","9","2023-03-24","2024-09-20","8242.31","Fiel"
2913,"CLI02913","PJ - Frota Grande","Indicação","SP","9","2023-06-04","2024-11-13","20598.05","Fiel"
2282,"CLI02282","PF - Premium","Digital","MG","9","2023-02-04","2024-10-04","16038.98","Fiel"
99,"CLI00099","PF - Varejo","Showroom","CE","9","2023-01-04","2024-12-03","8323.52","Fiel"
113,"CLI00113","PJ - Frota Pequena","Digital","ES","9","2023-03-01","2024-12-18","16053.58","Fiel"
1844,"CLI01844","PJ - Frota Pequena","Showroom","SP","9","2023-02-15","2024-06-30","4401.41","Fiel"
2159,"CLI02159","PF - Varejo","Indicação","SC","9","2023-09-14","2024-12-23","6431.48","Fiel"
1248,"CLI01248","PF - Premium","Indicação","SP","9","2023-04-11","2024-08-31","11573.79","Fiel"
2019,"CLI02019","PF - Varejo","Digital","PR","9","2023-01-02","2024-10-20","9850.45","Fiel"
1411,"CLI01411","PJ - Frota Pequena","Showroom","GO","9","2023-05-12","2024-10-28","8058.54","Fiel"
1681,"CLI01681","PJ - Frota Grande","Showroom","SP","9","2023-02-17","2024-12-23","4292.33","Fiel"
2201,"CLI02201","PF - Varejo","Showroom","RJ","9","2023-05-04","2024-08-02","8110.42","Fiel"
1619,"CLI01619","PF - Varejo","Indicação","CE","9","2023-02-18","2024-11-16","11997.26","Fiel"
2626,"CLI02626","PJ - Frota Pequena","Recall","SP","9","2023-04-07","2024-11-28","29263.11","Fiel"
3774,"CLI03774","PJ - Frota Pequena","Indicação","PR","9","2023-01-21","2024-12-12","7418.57","Fiel"
1321,"CLI01321","PF - Premium","Digital","RJ","9","2023-01-13","2024-11-23","5801.18","Fiel"
59,"CLI00059","PF - Premium","Recall","SP","9","2023-06-20","2024-11-10","9779.34","Fiel"
2157,"CLI02157","PF - Varejo","Indicação","RJ","9","2023-05-13","2024-12-05","10633.77","Fiel"
2506,"CLI02506","PF - Premium","Indicação","SP","9","2023-01-08","2024-11-22","11495.15","Fiel"
605,"CLI00605","PF - Premium","Showroom","GO","9","2023-03-07","2024-12-26","5213.31","Fiel"
746,"CLI00746","PJ - Frota Pequena","Fidelização","SP","9","2023-01-21","2024-12-20","9805.10","Fiel"
3296,"CLI03296","PJ - Frota Grande","Recall","DF","9","2023-01-01","2024-12-29","15485.20","Fiel"
1195,"CLI01195","PF - Varejo","Fidelização","SP","9","2023-04-19","2024-12-24","7000.76","Fiel"
2665,"CLI02665","PJ - Frota Grande","Indicação","BA","9","2023-01-15","2024-11-19","7100.92","Fiel"
1418,"CLI01418","PF - Premium","Showroom","RJ","9","2023-01-05","2024-12-22","23544.09","Fiel"
846,"CLI00846","PJ - Frota Pequena","Fidelização","ES","9","2023-02-09","2024-09-22","16006.22","Fiel"
2773,"CLI02773","PF - Varejo","Recall","DF","9","2023-05-08","2024-10-28","11360.49","Fiel"
2882,"CLI02882","PJ - Frota Grande","Indicação","BA","9","2023-02-26","2024-10-23","7363.27","Fiel"
3804,"CLI03804","PF - Premium","Digital","SP","9","2023-01-03","2024-06-18","11350.05","Fiel"
3445,"CLI03445","PF - Varejo","CRM Ativo","MG","9","2023-01-16","2024-12-01","15035.15","Fiel"
2362,"CLI02362","PF - Varejo","Digital","RS","9","2023-10-26","2024-12-09","10691.88","Fiel"
2251,"CLI02251","PF - Varejo","Recall","SP","9","2023-01-17","2024-12-07","24114.78","Fiel"
1389,"CLI01389","PJ - Frota Grande","Fidelização","MG","9","2023-03-13","2024-10-14","6560.66","Fiel"
3164,"CLI03164","PJ - Frota Pequena","Showroom","SP","9","2023-03-17","2024-05-05","7312.76","Fiel"
3010,"CLI03010","PJ - Frota Pequena","Recall","RS","9","2023-03-17","2024-10-31","10650.58","Fiel"
1626,"CLI01626","PJ - Frota Grande","Indicação","GO","9","2023-02-03","2024-10-13","10392.54","Fiel"
1365,"CLI01365","PF - Varejo","Digital","BA","9","2023-05-15","2024-12-31","21429.48","Fiel"
1897,"CLI01897","PF - Varejo","Digital","SP","9","2023-04-20","2024-11-13","12125.48","Fiel"
1051,"CLI01051","PJ - Frota Pequena","Digital","RS","9","2023-02-05","2024-11-04","16187.90","Fiel"
630,"CLI00630","PJ - Frota Pequena","Fidelização","PR","9","2023-06-06","2024-08-07","6934.10","Fiel"
2229,"CLI02229","PJ - Frota Pequena","Digital","RJ","9","2023-05-02","2024-12-23","5192.93","Fiel"
1076,"CLI01076","PJ - Frota Grande","Indicação","ES","9","2023-01-08","2024-11-30","12376.69","Fiel"
558,"CLI00558","PJ - Frota Pequena","Fidelização","PR","9","2023-01-26","2024-12-08","4382.78","Fiel"
1453,"CLI01453","PF - Varejo","Showroom","PR","9","2023-01-30","2024-12-31","20475.85","Fiel"
1709,"CLI01709","PF - Varejo","Fidelização","RS","9","2023-01-19","2024-12-26","6442.39","Fiel"
3540,"CLI03540","PF - Varejo","Fidelização","RJ","9","2023-02-01","2024-11-29","5887.36","Fiel"
1764,"CLI01764","PF - Premium","Recall","BA","9","2023-01-13","2024-11-21","12505.17","Fiel"
3295,"CLI03295","PF - Premium","Recall","GO","9","2023-04-22","2024-12-18","8263.00","Fiel"
2662,"CLI02662","PF - Varejo","Fidelização","SP","9","2023-02-09","2024-09-03","11141.17","Fiel"
3511,"CLI03511","PJ - Frota Pequena","CRM Ativo","RJ","9","2023-04-03","2024-10-30","11003.79","Fiel"
2989,"CLI02989","PJ - Frota Grande","Digital","SP","9","2023-02-16","2024-12-04","8981.91","Fiel"
1593,"CLI01593","PF - Premium","CRM Ativo","SP","9","2023-03-02","2024-10-03","12891.72","Fiel"
552,"CLI00552","PF - Varejo","Showroom","SP","9","2023-04-22","2024-10-24","14054.68","Fiel"
3875,"CLI03875","PJ - Frota Grande","Digital","DF","9","2023-02-03","2024-10-18","11625.73","Fiel"
325,"CLI00325","PF - Varejo","Fidelização","SP","9","2023-04-30","2024-11-23","10394.68","Fiel"
2853,"CLI02853","PF - Varejo","Fidelização","MG","9","2023-05-06","2024-12-11","5219.96","Fiel"
736,"CLI00736","PJ - Frota Pequena","Showroom","PR","9","2023-05-20","2024-11-24","9056.41","Fiel"
2874,"CLI02874","PF - Varejo","Showroom","DF","9","2023-03-07","2024-08-13","5279.26","Fiel"
2340,"CLI02340","PF - Varejo","Recall","RJ","9","2023-03-14","2024-12-29","9597.08","Fiel"
2347,"CLI02347","PF - Premium","Indicação","RS","9","2023-02-24","2024-12-14","7765.58","Fiel"
2355,"CLI02355","PF - Varejo","Indicação","RJ","9","2023-01-18","2024-10-04","9128.78","Fiel"
3001,"CLI03001","PF - Varejo","Showroom","PR","9","2023-05-15","2024-10-02","7006.05","Fiel"
13,"CLI00013","PJ - Frota Pequena","Showroom","BA","9","2023-01-30","2024-08-31","10396.19","Fiel"
2403,"CLI02403","PF - Premium","Digital","SP","9","2023-04-30","2024-12-07","12988.99","Fiel"
2411,"CLI02411","PJ - Frota Pequena","Indicação","SP","9","2023-01-02","2024-12-24","7652.99","Fiel"
2930,"CLI02930","PF - Varejo","Digital","ES","9","2023-03-01","2024-11-29","7137.54","Fiel"
2358,"CLI02358","PF - Varejo","Fidelização","SP","9","2023-01-22","2024-09-14","7158.54","Fiel"
3183,"CLI03183","PF - Varejo","Showroom","GO","9","2023-01-03","2024-12-15","15420.27","Fiel"
3661,"CLI03661","PF - Premium","Indicação","PR","9","2023-02-06","2024-10-28","11084.51","Fiel"
11,"CLI00011","PF - Premium","Indicação","GO","9","2023-01-10","2024-10-04","17670.97","Fiel"
336,"CLI00336","PF - Varejo","Showroom","SC","9","2023-04-14","2024-10-16","8909.03","Fiel"
3513,"CLI03513","PJ - Frota Grande","Indicação","RS","9","2023-01-31","2024-09-28","14065.51","Fiel"
1412,"CLI01412","PJ - Frota Pequena","Fidelização","RJ","9","2023-03-05","2024-11-05","6085.65","Fiel"
2291,"CLI02291","PJ - Frota Pequena","Showroom","SP","9","2023-01-08","2024-06-13","17591.48","Fiel"
139,"CLI00139","PJ - Frota Grande","Digital","SP","9","2023-01-16","2024-12-28","6770.02","Fiel"
3707,"CLI03707","PF - Varejo","Fidelização","BA","9","2023-05-20","2024-11-15","10141.59","Fiel"
3191,"CLI03191","PJ - Frota Pequena","Indicação","ES","9","2023-02-03","2024-11-13","13466.17","Fiel"
81,"CLI00081","PF - Premium","Recall","SP","9","2023-03-18","2024-12-05","10102.91","Fiel"
1940,"CLI01940","PF - Varejo","Fidelização","SP","9","2023-02-18","2024-10-03","11771.90","Fiel"
3813,"CLI03813","PJ - Frota Pequena","Digital","MG","9","2023-04-10","2024-07-05","10360.18","Fiel"
3770,"CLI03770","PF - Varejo","Indicação","PR","9","2023-02-17","2024-08-09","10142.23","Fiel"
3667,"CLI03667","PF - Varejo","Fidelização","SP","8","2023-02-08","2024-12-16","4507.14","Fiel"
3536,"CLI03536","PF - Varejo","Digital","DF","8","2023-08-10","2024-12-08","5933.66","Fiel"
1402,"CLI01402","PF - Varejo","Showroom","PR","8","2023-02-07","2024-12-16","13586.78","Fiel"
382,"CLI00382","PF - Premium","CRM Ativo","PR","8","2023-06-29","2024-10-13","6124.06","Fiel"
2124,"CLI02124","PJ - Frota Grande","Digital","DF","8","2023-08-11","2024-11-11","13571.22","Fiel"
1832,"CLI01832","PJ - Frota Grande","Digital","SP","8","2023-02-16","2024-10-28","11820.22","Fiel"
1504,"CLI01504","PJ - Frota Pequena","Indicação","DF","8","2023-03-06","2024-10-02","3905.48","Fiel"
3415,"CLI03415","PJ - Frota Pequena","Fidelização","MG","8","2023-05-21","2024-09-11","5106.71","Fiel"
2204,"CLI02204","PF - Premium","CRM Ativo","SP","8","2023-03-23","2024-11-25","7377.92","Fiel"
3586,"CLI03586","PF - Varejo","CRM Ativo","CE","8","2023-03-08","2024-12-07","4699.69","Fiel"
2926,"CLI02926","PF - Varejo","Indicação","BA","8","2023-02-24","2024-10-05","6866.69","Fiel"
3326,"CLI03326","PF - Varejo","Digital","RJ","8","2023-02-18","2024-09-14","7407.87","Fiel"
2843,"CLI02843","PF - Premium","Showroom","SP","8","2023-06-25","2024-10-15","3973.52","Fiel"
2363,"CLI02363","PF - Varejo","Fidelização","GO","8","2023-02-09","2024-12-12","8172.68","Fiel"
3169,"CLI03169","PJ - Frota Pequena","CRM Ativo","SP","8","2023-06-03","2024-12-27","7544.17","Fiel"
2466,"CLI02466","PF - Premium","Fidelização","GO","8","2023-02-02","2024-05-13","10473.71","Fiel"
2592,"CLI02592","PJ - Frota Pequena","Fidelização","PR","8","2023-03-01","2024-10-24","20678.33","Fiel"
755,"CLI00755","PJ - Frota Grande","Indicação","RJ","8","2023-09-14","2024-12-23","9279.04","Fiel"
439,"CLI00439","PF - Varejo","Digital","DF","8","2023-09-05","2024-11-25","9193.74","Fiel"
1821,"CLI01821","PJ - Frota Grande","Fidelização","RJ","8","2024-02-15","2024-12-14","7314.32","Fiel"
3026,"CLI03026","PJ - Frota Grande","Digital","ES","8","2023-02-12","2024-12-04","8089.53","Fiel"
2793,"CLI02793","PF - Premium","Indicação","SP","8","2023-02-22","2024-10-09","7295.29","Fiel"
3013,"CLI03013","PJ - Frota Grande","Digital","DF","8","2023-03-17","2024-06-06","5360.67","Fiel"
2605,"CLI02605","PJ - Frota Pequena","Fidelização","ES","8","2023-02-06","2024-11-19","14801.50","Fiel"
801,"CLI00801","PJ - Frota Pequena","Indicação","RJ","8","2023-03-16","2024-07-10","15623.78","Fiel"
183,"CLI00183","PF - Varejo","Indicação","CE","8","2023-01-18","2024-11-12","6892.05","Fiel"
289,"CLI00289","PF - Varejo","Showroom","PR","8","2024-01-07","2024-12-02","12061.33","Fiel"
3861,"CLI03861","PF - Premium","Fidelização","RS","8","2023-06-07","2024-11-29","12955.62","Fiel"
2448,"CLI02448","PJ - Frota Pequena","CRM Ativo","BA","8","2023-03-01","2024-11-06","5445.89","Fiel"
3088,"CLI03088","PF - Varejo","Fidelização","CE","8","2023-03-06","2024-10-07","8039.05","Fiel"
909,"CLI00909","PF - Premium","Recall","SC","8","2023-03-16","2024-10-29","10902.21","Fiel"
2208,"CLI02208","PF - Premium","Digital","SP","8","2023-03-21","2024-12-27","13093.35","Fiel"
3785,"CLI03785","PF - Premium","Digital","MG","8","2023-05-06","2024-12-19","15504.21","Fiel"
31,"CLI00031","PF - Varejo","Recall","MG","8","2023-07-20","2024-08-27","8971.00","Fiel"
1099,"CLI01099","PF - Varejo","Digital","SP","8","2023-03-07","2024-12-28","19364.13","Fiel"
497,"CLI00497","PF - Varejo","Indicação","SP","8","2023-05-08","2024-09-26","8300.84","Fiel"
3004,"CLI03004","PJ - Frota Pequena","Recall","SP","8","2023-02-28","2024-11-06","5495.30","Fiel"
1371,"CLI01371","PF - Varejo","Digital","RJ","8","2023-01-04","2024-12-29","6683.43","Fiel"
2836,"CLI02836","PJ - Frota Pequena","Digital","ES","8","2023-06-14","2024-10-19","11316.44","Fiel"
2584,"CLI02584","PF - Varejo","Indicação","RS","8","2023-01-17","2024-11-16","16200.12","Fiel"
699,"CLI00699","PF - Varejo","Indicação","RJ","8","2023-01-10","2024-08-10","8232.74","Fiel"
3567,"CLI03567","PF - Varejo","Showroom","SP","8","2023-07-10","2024-09-23","13488.24","Fiel"
37,"CLI00037","PF - Premium","Showroom","SP","8","2023-03-16","2024-12-18","11227.37","Fiel"
3399,"CLI03399","PF - Varejo","Indicação","SP","8","2023-01-25","2024-09-25","5526.26","Fiel"
3609,"CLI03609","PF - Varejo","Showroom","CE","8","2023-01-26","2024-12-30","13735.39","Fiel"
1315,"CLI01315","PF - Varejo","Indicação","SC","8","2023-02-03","2024-02-17","8529.00","Fiel"
3151,"CLI03151","PF - Varejo","Digital","SC","8","2023-08-03","2024-10-25","8214.80","Fiel"
3665,"CLI03665","PF - Varejo","Showroom","SP","8","2023-01-20","2024-11-29","11826.60","Fiel"
1083,"CLI01083","PJ - Frota Grande","Digital","PR","8","2023-03-29","2024-12-13","9000.68","Fiel"
1498,"CLI01498","PF - Premium","Digital","CE","8","2023-04-06","2024-10-27","9150.56","Fiel"
2155,"CLI02155","PF - Varejo","Digital","SP","8","2023-04-07","2024-07-13","8448.52","Fiel"
2994,"CLI02994","PF - Varejo","CRM Ativo","RJ","8","2023-03-27","2024-10-26","11009.90","Fiel"
1744,"CLI01744","PJ - Frota Grande","Digital","RS","8","2023-01-21","2024-11-06","6854.99","Fiel"
1792,"CLI01792","PF - Premium","Recall","MG","8","2023-04-28","2024-12-18","6401.22","Fiel"
1960,"CLI01960","PF - Varejo","Indicação","RS","8","2023-06-15","2024-11-05","12122.31","Fiel"
1800,"CLI01800","PF - Varejo","Indicação","RJ","8","2023-01-14","2024-10-07","11708.23","Fiel"
2924,"CLI02924","PF - Premium","Digital","RJ","8","2023-03-27","2024-07-11","12790.41","Fiel"
3944,"CLI03944","PJ - Frota Pequena","Indicação","SP","8","2023-02-25","2024-11-17","10871.86","Fiel"
4000,"CLI04000","PF - Premium","Indicação","MG","8","2023-02-04","2024-09-04","20818.08","Fiel"
459,"CLI00459","PF - Varejo","Fidelização","BA","8","2023-01-01","2024-12-10","7538.25","Fiel"
3144,"CLI03144","PF - Varejo","Recall","PR","8","2023-02-28","2024-11-13","14851.72","Fiel"
2275,"CLI02275","PF - Varejo","Showroom","SC","8","2023-06-05","2024-12-16","18397.14","Fiel"
1482,"CLI01482","PJ - Frota Pequena","Indicação","SP","8","2023-02-24","2024-12-21","5946.14","Fiel"
3332,"CLI03332","PF - Premium","Fidelização","SP","8","2023-08-06","2024-11-10","13490.70","Fiel"
2532,"CLI02532","PF - Varejo","Fidelização","SP","8","2023-02-13","2024-10-15","14183.04","Fiel"
3800,"CLI03800","PJ - Frota Grande","CRM Ativo","PE","8","2023-02-07","2024-12-21","15836.67","Fiel"
1871,"CLI01871","PJ - Frota Grande","Digital","RJ","8","2023-01-07","2024-10-18","21741.63","Fiel"
116,"CLI00116","PJ - Frota Grande","Indicação","RJ","8","2023-01-12","2024-09-21","8384.60","Fiel"
1249,"CLI01249","PF - Varejo","Recall","DF","8","2023-04-24","2024-09-04","6448.52","Fiel"
412,"CLI00412","PJ - Frota Pequena","Digital","DF","8","2023-03-16","2024-08-28","15482.48","Fiel"
3629,"CLI03629","PF - Varejo","Fidelização","RJ","8","2023-01-15","2024-12-30","4686.42","Fiel"
1720,"CLI01720","PF - Varejo","Indicação","RS","8","2023-04-19","2024-12-22","9575.86","Fiel"
2500,"CLI02500","PF - Varejo","Fidelização","SP","8","2023-01-27","2024-12-03","11706.94","Fiel"
2698,"CLI02698","PJ - Frota Pequena","Showroom","PR","8","2023-03-21","2024-11-19","9411.66","Fiel"
3043,"CLI03043","PF - Premium","Digital","MG","8","2023-08-05","2024-09-27","4756.15","Fiel"
1281,"CLI01281","PJ - Frota Pequena","Recall","SC","8","2023-03-11","2024-12-23","8807.27","Fiel"
681,"CLI00681","PJ - Frota Pequena","Recall","SP","8","2023-01-11","2024-09-22","7430.41","Fiel"
723,"CLI00723","PJ - Frota Grande","Indicação","RS","8","2023-08-14","2024-12-03","9012.23","Fiel"
339,"CLI00339","PF - Premium","Digital","PR","8","2023-03-24","2024-10-30","11483.76","Fiel"
1149,"CLI01149","PJ - Frota Pequena","Digital","DF","8","2023-05-25","2024-04-15","6110.90","Fiel"
1456,"CLI01456","PF - Varejo","Indicação","BA","8","2023-01-06","2024-10-03","10687.11","Fiel"
2035,"CLI02035","PF - Varejo","Digital","MG","8","2023-06-14","2024-12-17","13164.01","Fiel"
797,"CLI00797","PF - Premium","Indicação","RS","8","2023-02-08","2024-10-28","7125.07","Fiel"
2586,"CLI02586","PF - Varejo","Fidelização","RJ","8","2023-02-02","2024-08-03","9816.39","Fiel"
982,"CLI00982","PF - Varejo","Indicação","GO","8","2023-05-12","2024-11-01","6228.41","Fiel"
2583,"CLI02583","PJ - Frota Pequena","Digital","SP","8","2023-04-05","2024-11-30","4223.78","Fiel"
27,"CLI00027","PF - Premium","Digital","SP","8","2023-02-08","2024-11-16","9433.40","Fiel"
3846,"CLI03846","PF - Varejo","Showroom","RJ","8","2023-03-20","2024-12-29","6508.55","Fiel"
25,"CLI00025","PJ - Frota Pequena","Digital","SP","8","2023-04-30","2024-11-03","12386.02","Fiel"
3900,"CLI03900","PJ - Frota Pequena","Fidelização","BA","8","2023-01-08","2024-11-20","8504.61","Fiel"
1810,"CLI01810","PF - Varejo","Showroom","SP","8","2023-02-28","2024-08-09","8587.74","Fiel"
53,"CLI00053","PF - Varejo","Indicação","BA","8","2023-02-19","2024-10-22","9995.36","Fiel"
543,"CLI00543","PF - Premium","Indicação","MG","8","2023-02-08","2024-08-13","16741.15","Fiel"
986,"CLI00986","PJ - Frota Pequena","Digital","SP","8","2023-01-25","2024-11-23","16255.77","Fiel"
1907,"CLI01907","PF - Premium","Indicação","SP","8","2023-01-21","2024-11-05","7500.02","Fiel"
1357,"CLI01357","PF - Varejo","Digital","SP","8","2023-01-17","2024-03-13","7567.09","Fiel"
1335,"CLI01335","PF - Varejo","Digital","BA","8","2023-04-30","2024-11-03","8512.71","Fiel"
3679,"CLI03679","PJ - Frota Pequena","Fidelização","RJ","8","2023-04-02","2024-08-14","8981.69","Fiel"
1589,"CLI01589","PJ - Frota Pequena","CRM Ativo","SC","8","2023-01-23","2024-12-04","10458.65","Fiel"
283,"CLI00283","PF - Premium","Recall","CE","8","2023-01-07","2024-12-05","9176.87","Fiel"
3608,"CLI03608","PJ - Frota Grande","Digital","RJ","8","2023-05-17","2024-07-10","3428.74","Fiel"
3897,"CLI03897","PF - Premium","Recall","BA","8","2023-02-12","2024-11-25","7627.63","Fiel"
2150,"CLI02150","PF - Varejo","Digital","DF","8","2023-03-19","2024-11-15","6506.27","Fiel"
3468,"CLI03468","PJ - Frota Grande","Recall","BA","8","2023-04-07","2024-12-05","6501.67","Fiel"
3731,"CLI03731","PJ - Frota Grande","Indicação","MG","8","2023-03-17","2024-09-16","3469.71","Fiel"
1839,"CLI01839","PF - Varejo","Recall","SP","8","2023-01-26","2024-12-21","7098.85","Fiel"
687,"CLI00687","PF - Premium","Indicação","SP","8","2023-04-29","2024-11-29","12478.15","Fiel"
3297,"CLI03297","PJ - Frota Pequena","Showroom","SP","8","2023-01-09","2024-12-11","8219.93","Fiel"
2198,"CLI02198","PF - Varejo","Showroom","BA","8","2023-03-28","2024-09-08","6140.80","Fiel"
2954,"CLI02954","PJ - Frota Pequena","Indicação","SP","8","2023-06-11","2024-10-15","5692.73","Fiel"
2374,"CLI02374","PJ - Frota Pequena","Digital","RJ","8","2023-02-20","2024-10-21","18765.63","Fiel"
21,"CLI00021","PF - Varejo","Digital","CE","8","2023-02-28","2024-12-11","13104.23","Fiel"
1608,"CLI01608","PF - Varejo","Fidelização","SP","8","2023-02-24","2024-12-30","11761.40","Fiel"
1016,"CLI01016","PF - Varejo","Indicação","PR","8","2023-04-27","2024-12-06","6214.75","Fiel"
2995,"CLI02995","PF - Varejo","Indicação","CE","8","2023-07-13","2024-12-26","5348.75","Fiel"
2920,"CLI02920","PF - Varejo","Indicação","RJ","8","2023-02-16","2024-11-26","19146.52","Fiel"
3984,"CLI03984","PF - Varejo","Digital","SP","8","2023-01-10","2024-08-21","11593.66","Fiel"
1333,"CLI01333","PF - Premium","Digital","RJ","8","2023-01-17","2024-10-13","4196.19","Fiel"
1048,"CLI01048","PF - Varejo","Recall","GO","8","2023-04-02","2024-12-08","4675.11","Fiel"
627,"CLI00627","PJ - Frota Grande","Showroom","GO","8","2023-07-28","2024-09-20","5220.48","Fiel"
470,"CLI00470","PF - Varejo","Showroom","SP","8","2023-03-06","2024-12-06","5581.16","Fiel"
2821,"CLI02821","PF - Varejo","CRM Ativo","SP","8","2023-03-22","2024-09-14","5904.16","Fiel"
1139,"CLI01139","PF - Varejo","CRM Ativo","RS","8","2023-06-27","2024-11-27","3724.36","Fiel"
2144,"CLI02144","PF - Varejo","Digital","RS","8","2023-03-09","2024-12-24","5969.61","Fiel"
2881,"CLI02881","PF - Varejo","Digital","PE","8","2023-04-21","2024-11-14","7477.48","Fiel"
1977,"CLI01977","PF - Varejo","Fidelização","CE","8","2023-01-23","2024-11-14","12313.84","Fiel"
2735,"CLI02735","PF - Premium","Digital","RJ","8","2023-03-15","2024-06-11","8141.47","Fiel"
2916,"CLI02916","PF - Varejo","Indicação","BA","8","2023-04-30","2024-12-10","12161.06","Fiel"
1462,"CLI01462","PF - Premium","Indicação","SP","8","2023-01-14","2024-10-05","13694.78","Fiel"
2685,"CLI02685","PF - Varejo","Showroom","SP","8","2023-01-10","2024-07-13","5938.03","Fiel"
2744,"CLI02744","PF - Premium","Digital","PR","8","2023-02-16","2024-09-20","8518.76","Fiel"
1631,"CLI01631","PF - Varejo","Recall","MG","8","2023-02-12","2024-12-11","2904.78","Fiel"
1745,"CLI01745","PF - Varejo","Fidelização","CE","8","2023-09-25","2024-07-22","10345.55","Fiel"
3032,"CLI03032","PF - Varejo","Digital","MG","8","2023-01-27","2024-11-22","11682.81","Fiel"
2501,"CLI02501","PF - Varejo","Fidelização","SC","8","2023-01-20","2024-11-04","12658.56","Fiel"
1616,"CLI01616","PF - Varejo","CRM Ativo","RJ","8","2023-01-09","2024-03-30","13364.65","Fiel"
84,"CLI00084","PF - Premium","CRM Ativo","PR","8","2023-04-02","2024-10-13","9067.67","Fiel"
2556,"CLI02556","PJ - Frota Grande","Indicação","CE","8","2023-09-02","2024-12-30","4605.71","Fiel"
3061,"CLI03061","PF - Varejo","Indicação","RJ","8","2023-01-24","2024-11-02","9313.36","Fiel"
1627,"CLI01627","PJ - Frota Pequena","Recall","SC","8","2023-09-06","2024-12-28","12608.93","Fiel"
1159,"CLI01159","PF - Premium","Indicação","BA","8","2023-05-31","2024-11-26","10857.60","Fiel"
3651,"CLI03651","PF - Premium","Digital","SP","8","2023-02-17","2024-09-07","15931.38","Fiel"
2819,"CLI02819","PF - Varejo","Showroom","SP","8","2023-02-13","2024-09-08","7320.12","Fiel"
1822,"CLI01822","PF - Varejo","CRM Ativo","MG","8","2023-05-19","2024-12-10","6445.55","Fiel"
3313,"CLI03313","PF - Premium","Showroom","RJ","8","2023-03-28","2024-06-29","4826.35","Fiel"
3052,"CLI03052","PF - Varejo","Recall","ES","8","2023-02-08","2024-12-26","9419.26","Fiel"
1983,"CLI01983","PF - Varejo","Fidelização","MG","8","2023-01-16","2024-08-10","12257.13","Fiel"
445,"CLI00445","PJ - Frota Pequena","Digital","RJ","8","2023-01-20","2024-10-21","6535.15","Fiel"
351,"CLI00351","PJ - Frota Grande","Indicação","PE","8","2023-01-19","2024-09-15","7690.93","Fiel"
964,"CLI00964","PJ - Frota Pequena","Recall","SP","8","2023-09-24","2024-11-19","9844.63","Fiel"
1981,"CLI01981","PF - Varejo","Recall","BA","8","2023-02-27","2024-11-27","7385.18","Fiel"
2330,"CLI02330","PF - Premium","Fidelização","CE","8","2023-02-14","2024-10-25","12085.21","Fiel"
2572,"CLI02572","PF - Varejo","CRM Ativo","RJ","8","2023-02-07","2024-10-09","7818.09","Fiel"
1186,"CLI01186","PJ - Frota Grande","Fidelização","SP","8","2023-04-12","2024-08-27","4515.28","Fiel"
3832,"CLI03832","PF - Premium","Indicação","MG","8","2023-05-13","2023-09-21","17665.75","Fiel"
2557,"CLI02557","PF - Varejo","Showroom","SP","8","2023-02-22","2024-12-31","8396.02","Fiel"
3990,"CLI03990","PJ - Frota Pequena","Fidelização","RS","8","2023-01-01","2024-07-12","10134.30","Fiel"
3843,"CLI03843","PJ - Frota Pequena","CRM Ativo","MG","8","2023-02-28","2024-12-13","5219.28","Fiel"
2472,"CLI02472","PF - Varejo","Digital","SC","8","2023-06-02","2024-11-02","8787.82","Fiel"
3673,"CLI03673","PF - Varejo","Digital","SP","8","2023-01-16","2024-08-30","10083.91","Fiel"
443,"CLI00443","PF - Premium","Indicação","SP","8","2023-08-09","2024-07-19","15391.01","Fiel"
3562,"CLI03562","PF - Varejo","Digital","MG","8","2023-09-18","2024-09-26","10518.36","Fiel"
2015,"CLI02015","PF - Varejo","Indicação","SP","8","2023-01-19","2024-11-29","17632.82","Fiel"
1841,"CLI01841","PF - Varejo","Indicação","ES","8","2023-02-07","2024-10-19","3951.37","Fiel"
1278,"CLI01278","PF - Varejo","CRM Ativo","RJ","8","2023-07-02","2024-11-25","9752.82","Fiel"
3293,"CLI03293","PF - Premium","Recall","DF","8","2023-02-22","2024-11-07","9222.86","Fiel"
2286,"CLI02286","PJ - Frota Pequena","Fidelização","SP","8","2023-04-26","2024-12-29","7378.65","Fiel"
3575,"CLI03575","PF - Varejo","Recall","PR","8","2023-01-29","2024-09-05","14517.37","Fiel"
2827,"CLI02827","PF - Varejo","Fidelização","SP","8","2023-02-08","2024-11-06","16332.45","Fiel"
1746,"CLI01746","PF - Varejo","Digital","SP","8","2023-02-22","2024-11-07","14254.62","Fiel"
2800,"CLI02800","PF - Varejo","Showroom","SC","8","2023-01-24","2024-12-24","11773.42","Fiel"
3596,"CLI03596","PF - Varejo","Indicação","PR","8","2023-02-10","2024-11-11","6139.96","Fiel"
3419,"CLI03419","PF - Varejo","Indicação","SP","8","2023-07-18","2024-12-30","16019.59","Fiel"
3395,"CLI03395","PF - Varejo","Digital","MG","8","2023-02-01","2024-09-27","16395.61","Fiel"
2386,"CLI02386","PF - Varejo","Recall","SC","8","2023-01-02","2024-06-16","13907.87","Fiel"
594,"CLI00594","PF - Varejo","Recall","RS","8","2023-07-06","2024-12-23","14400.82","Fiel"
3713,"CLI03713","PJ - Frota Pequena","Showroom","PR","8","2023-02-11","2024-09-27","7654.45","Fiel"
2975,"CLI02975","PF - Varejo","Indicação","ES","8","2023-02-10","2024-10-21","9308.23","Fiel"
2689,"CLI02689","PJ - Frota Pequena","Showroom","SP","8","2023-03-04","2024-12-10","10310.85","Fiel"
2416,"CLI02416","PF - Varejo","Digital","RJ","8","2023-01-08","2024-07-17","8561.46","Fiel"
2341,"CLI02341","PJ - Frota Pequena","Fidelização","SP","8","2023-05-01","2024-10-18","6794.39","Fiel"
2896,"CLI02896","PJ - Frota Pequena","Digital","SP","8","2023-01-20","2024-12-25","8293.39","Fiel"
1229,"CLI01229","PF - Premium","Showroom","GO","8","2023-03-27","2024-11-12","7756.07","Fiel"
765,"CLI00765","PJ - Frota Pequena","Indicação","PR","8","2023-02-07","2024-10-23","10293.00","Fiel"
3353,"CLI03353","PF - Premium","Digital","PE","8","2023-11-24","2024-11-11","11493.15","Fiel"
3759,"CLI03759","PF - Premium","Indicação","MG","8","2023-01-21","2024-09-10","14817.17","Fiel"
883,"CLI00883","PF - Premium","Indicação","RS","8","2023-01-03","2024-09-20","13332.63","Fiel"
468,"CLI00468","PF - Varejo","Recall","BA","8","2023-08-14","2024-10-11","10879.75","Fiel"
3776,"CLI03776","PF - Varejo","Recall","MG","8","2023-02-19","2024-08-30","8027.68","Fiel"
386,"CLI00386","PF - Varejo","Showroom","SP","8","2023-07-16","2024-11-01","7551.58","Fiel"
654,"CLI00654","PJ - Frota Pequena","CRM Ativo","BA","8","2023-01-20","2024-10-01","6329.34","Fiel"
727,"CLI00727","PF - Varejo","Recall","RS","8","2023-04-27","2024-11-14","13077.15","Fiel"
1189,"CLI01189","PF - Varejo","Indicação","SP","8","2023-03-05","2024-12-27","15192.63","Fiel"
40,"CLI00040","PF - Varejo","CRM Ativo","DF","8","2023-02-01","2024-11-10","9927.20","Fiel"
92,"CLI00092","PJ - Frota Pequena","CRM Ativo","RJ","8","2023-03-07","2024-11-29","8210.19","Fiel"
407,"CLI00407","PJ - Frota Pequena","Indicação","RJ","8","2023-05-02","2024-09-18","5502.28","Fiel"
1180,"CLI01180","PF - Varejo","Indicação","ES","8","2023-02-10","2024-09-13","9343.36","Fiel"
779,"CLI00779","PJ - Frota Pequena","Digital","SP","8","2023-02-18","2024-03-12","6011.80","Fiel"
3328,"CLI03328","PJ - Frota Pequena","Digital","BA","8","2023-02-17","2024-06-09","4625.01","Fiel"
2762,"CLI02762","PF - Premium","Digital","SC","8","2023-01-28","2024-07-26","6116.76","Fiel"
2483,"CLI02483","PF - Varejo","Indicação","RJ","8","2023-02-20","2024-09-28","8559.00","Fiel"
888,"CLI00888","PJ - Frota Grande","Fidelização","RJ","8","2023-02-20","2024-07-02","10144.13","Fiel"
3781,"CLI03781","PJ - Frota Grande","Showroom","CE","8","2023-02-14","2024-09-30","8173.37","Fiel"
3112,"CLI03112","PF - Premium","Showroom","RS","8","2023-01-23","2024-10-10","7412.01","Fiel"
1597,"CLI01597","PJ - Frota Grande","Indicação","RJ","8","2023-02-28","2024-12-15","10217.37","Fiel"
3753,"CLI03753","PJ - Frota Grande","Recall","GO","8","2023-01-05","2024-09-11","2921.40","Fiel"
493,"CLI00493","PF - Varejo","Showroom","RS","8","2023-02-02","2024-12-01","11955.71","Fiel"
3345,"CLI03345","PF - Premium","Digital","MG","8","2023-05-08","2024-08-23","9612.38","Fiel"
1455,"CLI01455","PF - Varejo","Indicação","SP","8","2023-03-08","2024-06-25","14187.38","Fiel"
2270,"CLI02270","PJ - Frota Pequena","Digital","BA","8","2023-03-01","2024-06-12","6197.59","Fiel"
2488,"CLI02488","PF - Varejo","Digital","SP","8","2023-03-22","2024-11-16","10856.36","Fiel"
3035,"CLI03035","PF - Premium","Digital","SP","8","2023-03-19","2024-10-18","13503.63","Fiel"
1638,"CLI01638","PJ - Frota Pequena","Indicação","BA","8","2023-06-28","2024-11-26","11727.17","Fiel"
1040,"CLI01040","PF - Premium","Showroom","RJ","8","2023-07-14","2024-12-17","16564.67","Fiel"
2445,"CLI02445","PF - Varejo","Indicação","RS","8","2023-02-19","2024-10-26","7133.23","Fiel"
3367,"CLI03367","PF - Varejo","Fidelização","SP","8","2023-09-21","2024-06-14","11492.15","Fiel"
29,"CLI00029","PJ - Frota Pequena","Digital","ES","8","2023-07-19","2024-12-28","11262.92","Fiel"
3457,"CLI03457","PF - Varejo","Indicação","PR","8","2023-01-16","2024-11-03","13005.11","Fiel"
875,"CLI00875","PF - Varejo","Digital","SP","8","2023-03-08","2024-09-26","11381.54","Fiel"
2104,"CLI02104","PF - Varejo","Recall","RJ","8","2023-01-03","2024-09-29","6570.07","Fiel"
2888,"CLI02888","PF - Varejo","Showroom","SP","8","2023-02-22","2024-10-19","11468.32","Fiel"
1255,"CLI01255","PF - Premium","Indicação","RS","8","2023-02-18","2024-09-30","4221.57","Fiel"
3889,"CLI03889","PF - Premium","Showroom","CE","8","2023-01-30","2024-03-28","7229.75","Fiel"
1722,"CLI01722","PF - Varejo","Digital","ES","8","2023-05-30","2024-10-29","7103.62","Fiel"
2681,"CLI02681","PF - Premium","Fidelização","DF","8","2023-02-17","2024-08-30","3937.93","Fiel"
327,"CLI00327","PF - Varejo","Recall","BA","8","2023-02-01","2024-10-30","7206.23","Fiel"
1202,"CLI01202","PF - Premium","Showroom","BA","8","2023-03-19","2024-10-17","8363.88","Fiel"
361,"CLI00361","PF - Varejo","CRM Ativo","RJ","8","2023-03-08","2024-05-25","12508.77","Fiel"
595,"CLI00595","PF - Varejo","Digital","RJ","8","2023-07-20","2024-11-23","9113.03","Fiel"
3215,"CLI03215","PJ - Frota Pequena","Recall","MG","8","2023-01-11","2024-12-20","8982.84","Fiel"
3527,"CLI03527","PF - Varejo","Indicação","RJ","8","2023-03-11","2024-09-28","6223.49","Fiel"
2674,"CLI02674","PF - Varejo","Indicação","SP","8","2023-04-14","2024-09-23","6900.83","Fiel"
925,"CLI00925","PJ - Frota Pequena","CRM Ativo","SP","8","2023-01-27","2024-12-13","11713.44","Fiel"
3171,"CLI03171","PJ - Frota Pequena","Indicação","CE","8","2023-01-09","2024-12-31","13911.58","Fiel"
1795,"CLI01795","PF - Varejo","Digital","SP","8","2023-01-21","2024-12-21","10463.41","Fiel"
509,"CLI00509","PF - Varejo","Showroom","PR","8","2023-03-04","2024-11-02","10266.18","Fiel"
1933,"CLI01933","PF - Varejo","Indicação","BA","8","2023-04-19","2024-09-03","12217.26","Fiel"
2152,"CLI02152","PF - Premium","Showroom","SP","8","2023-03-24","2024-09-13","11898.68","Fiel"
3920,"CLI03920","PF - Varejo","Digital","SP","8","2023-05-19","2024-10-28","5455.43","Fiel"
340,"CLI00340","PF - Varejo","CRM Ativo","SP","8","2023-01-16","2024-12-15","12742.75","Fiel"
2302,"CLI02302","PJ - Frota Pequena","Digital","SP","8","2023-03-01","2024-09-26","5294.86","Fiel"
1327,"CLI01327","PF - Premium","Digital","RJ","8","2023-01-27","2024-12-27","7261.46","Fiel"
2005,"CLI02005","PF - Varejo","Indicação","BA","8","2023-03-14","2024-11-25","8467.52","Fiel"
2191,"CLI02191","PF - Varejo","Digital","BA","8","2023-02-27","2024-10-09","5001.32","Fiel"
932,"CLI00932","PJ - Frota Pequena","Fidelização","SC","8","2023-06-23","2024-08-15","6046.79","Fiel"
993,"CLI00993","PF - Varejo","Digital","MG","8","2023-02-03","2024-06-08","12886.51","Fiel"
1273,"CLI01273","PJ - Frota Pequena","Digital","RS","8","2023-02-14","2024-11-08","9655.14","Fiel"
1641,"CLI01641","PF - Varejo","Digital","SP","8","2023-07-09","2024-11-05","19203.76","Fiel"
610,"CLI00610","PJ - Frota Pequena","Recall","PR","8","2023-04-19","2024-11-10","14084.88","Fiel"
529,"CLI00529","PJ - Frota Pequena","Indicação","DF","8","2023-03-01","2024-10-30","6759.29","Fiel"
3472,"CLI03472","PF - Varejo","Fidelização","SP","8","2023-02-15","2024-11-13","7735.59","Fiel"
1672,"CLI01672","PJ - Frota Grande","Indicação","SP","8","2023-02-06","2024-12-10","8033.25","Fiel"
785,"CLI00785","PF - Varejo","Digital","MG","8","2023-01-18","2024-09-23","7505.96","Fiel"
1011,"CLI01011","PF - Varejo","Indicação","ES","8","2023-02-15","2024-12-22","4654.54","Fiel"
835,"CLI00835","PF - Varejo","Showroom","SP","8","2023-02-18","2024-10-16","5911.59","Fiel"
2079,"CLI02079","PF - Varejo","Digital","CE","8","2023-06-26","2024-10-21","4153.93","Fiel"
118,"CLI00118","PF - Varejo","Digital","RJ","8","2023-04-21","2024-12-30","7159.50","Fiel"
3181,"CLI03181","PF - Varejo","Indicação","CE","8","2023-02-13","2024-12-13","9662.60","Fiel"
2301,"CLI02301","PJ - Frota Grande","Digital","SC","8","2023-03-09","2024-11-19","11811.79","Fiel"
2419,"CLI02419","PJ - Frota Pequena","Digital","GO","8","2023-03-02","2024-12-23","3806.12","Fiel"
179,"CLI00179","PJ - Frota Pequena","Digital","RJ","8","2023-02-03","2024-12-13","4861.84","Fiel"
193,"CLI00193","PF - Premium","Indicação","DF","8","2023-01-10","2024-08-04","16973.16","Fiel"
1387,"CLI01387","PJ - Frota Grande","CRM Ativo","SP","8","2023-02-23","2024-11-30","20042.89","Fiel"
2716,"CLI02716","PF - Premium","Indicação","RJ","8","2023-03-25","2024-08-07","13395.67","Fiel"
22,"CLI00022","PF - Varejo","Digital","SP","8","2023-03-24","2024-12-01","7095.44","Fiel"
1287,"CLI01287","PJ - Frota Pequena","Digital","PR","8","2023-01-20","2024-11-30","4938.20","Fiel"
3509,"CLI03509","PJ - Frota Pequena","Digital","ES","8","2023-02-21","2024-11-25","7927.03","Fiel"
3421,"CLI03421","PF - Varejo","Recall","SP","8","2023-03-19","2024-05-28","16509.76","Fiel"
1432,"CLI01432","PF - Premium","Indicação","CE","8","2023-01-13","2024-11-30","12165.16","Fiel"
2967,"CLI02967","PF - Varejo","Showroom","SP","8","2023-02-04","2024-11-23","8983.16","Fiel"
1105,"CLI01105","PJ - Frota Pequena","Indicação","RJ","8","2023-06-01","2024-08-04","10877.73","Fiel"
2702,"CLI02702","PF - Premium","Indicação","SP","8","2023-06-20","2024-12-02","11576.83","Fiel"
2135,"CLI02135","PJ - Frota Pequena","Showroom","SC","8","2023-02-06","2024-11-06","10022.01","Fiel"
1569,"CLI01569","PF - Varejo","Showroom","RJ","8","2023-06-03","2024-08-29","10651.80","Fiel"
3193,"CLI03193","PJ - Frota Grande","Digital","PE","8","2023-03-18","2024-11-27","10741.69","Fiel"
3656,"CLI03656","PF - Varejo","Fidelização","PR","8","2023-06-19","2024-09-19","8661.33","Fiel"
66,"CLI00066","PF - Varejo","Digital","PR","8","2023-10-19","2024-12-22","5532.64","Fiel"
3256,"CLI03256","PF - Premium","Indicação","PR","8","2023-02-01","2024-10-08","4905.67","Fiel"
1674,"CLI01674","PF - Varejo","Indicação","RJ","8","2023-04-24","2024-02-05","6268.01","Fiel"
1648,"CLI01648","PF - Varejo","Indicação","BA","8","2023-02-03","2024-11-06","16180.23","Fiel"
901,"CLI00901","PF - Varejo","Indicação","DF","8","2023-04-09","2024-06-24","10394.34","Fiel"
3167,"CLI03167","PF - Varejo","Recall","BA","8","2023-02-21","2024-12-26","13243.44","Fiel"
2319,"CLI02319","PJ - Frota Pequena","CRM Ativo","SP","8","2023-04-25","2024-07-18","11261.22","Fiel"
1425,"CLI01425","PF - Varejo","Showroom","SP","8","2023-01-12","2024-11-26","9208.14","Fiel"
678,"CLI00678","PJ - Frota Grande","CRM Ativo","CE","8","2023-03-30","2024-10-08","8269.94","Fiel"
3364,"CLI03364","PF - Premium","Digital","DF","8","2023-05-09","2024-12-20","11062.20","Fiel"
2613,"CLI02613","PF - Varejo","Showroom","MG","8","2023-03-09","2024-11-24","11957.01","Fiel"
683,"CLI00683","PF - Varejo","Fidelização","RJ","8","2023-07-08","2024-10-02","6488.56","Fiel"
770,"CLI00770","PJ - Frota Pequena","Fidelização","MG","8","2023-01-29","2024-08-02","7897.14","Fiel"
2470,"CLI02470","PF - Varejo","Indicação","PR","8","2023-03-14","2024-10-10","9631.85","Fiel"
873,"CLI00873","PJ - Frota Pequena","Fidelização","PE","8","2023-05-04","2024-12-25","17532.26","Fiel"
3818,"CLI03818","PF - Premium","Digital","CE","8","2023-02-24","2024-09-23","6321.52","Fiel"
1939,"CLI01939","PJ - Frota Pequena","Fidelização","MG","8","2023-02-19","2024-12-15","16497.96","Fiel"
1125,"CLI01125","PF - Premium","Fidelização","PR","8","2023-03-16","2024-08-18","13760.62","Fiel"
2329,"CLI02329","PJ - Frota Grande","Digital","MG","8","2023-01-14","2024-10-31","10777.58","Fiel"
346,"CLI00346","PF - Varejo","Fidelização","GO","8","2023-05-26","2024-08-24","16765.37","Fiel"
71,"CLI00071","PJ - Frota Grande","Digital","RJ","8","2023-02-07","2024-10-27","8695.38","Fiel"
2265,"CLI02265","PF - Varejo","Digital","CE","8","2023-01-04","2024-06-29","14440.82","Fiel"
588,"CLI00588","PF - Varejo","Showroom","SP","8","2023-01-02","2024-12-30","13675.01","Fiel"
952,"CLI00952","PF - Varejo","Digital","GO","8","2023-01-06","2024-11-09","4705.02","Fiel"
3676,"CLI03676","PJ - Frota Pequena","Recall","MG","8","2023-06-03","2024-10-17","8537.47","Fiel"
1449,"CLI01449","PF - Premium","CRM Ativo","MG","8","2023-04-14","2024-11-25","7013.58","Fiel"
3009,"CLI03009","PF - Varejo","Indicação","PR","8","2023-01-12","2024-04-07","8986.09","Fiel"
217,"CLI00217","PF - Varejo","Showroom","DF","8","2023-02-16","2024-12-11","11996.07","Fiel"
3882,"CLI03882","PJ - Frota Pequena","Digital","RJ","8","2023-07-28","2024-11-27","9475.10","Fiel"
360,"CLI00360","PF - Premium","Indicação","RS","8","2023-01-02","2024-12-16","13811.16","Fiel"
743,"CLI00743","PF - Varejo","Indicação","DF","8","2023-01-26","2024-11-29","7658.73","Fiel"
790,"CLI00790","PF - Varejo","Digital","SP","8","2023-02-01","2024-11-13","11388.26","Fiel"
278,"CLI00278","PF - Varejo","Showroom","SP","8","2023-03-22","2024-12-08","2446.55","Fiel"
1601,"CLI01601","PF - Varejo","CRM Ativo","CE","8","2023-01-29","2024-10-06","3502.67","Fiel"
466,"CLI00466","PF - Varejo","Indicação","SP","8","2023-02-06","2024-11-28","12242.80","Fiel"
3021,"CLI03021","PJ - Frota Pequena","Showroom","RJ","8","2023-04-07","2024-10-19","9829.87","Fiel"
2658,"CLI02658","PF - Premium","Digital","PE","8","2023-07-01","2024-07-23","14336.40","Fiel"
2095,"CLI02095","PJ - Frota Grande","Recall","MG","8","2023-02-01","2024-11-01","9114.17","Fiel"
2009,"CLI02009","PF - Varejo","Digital","PR","8","2023-01-13","2024-10-09","5936.17","Fiel"
3344,"CLI03344","PF - Varejo","Indicação","SP","8","2023-01-06","2024-12-29","5508.68","Fiel"
3023,"CLI03023","PJ - Frota Pequena","CRM Ativo","SP","8","2023-04-27","2024-11-26","8155.22","Fiel"
2817,"CLI02817","PJ - Frota Pequena","Recall","RJ","8","2023-02-25","2024-10-11","8563.56","Fiel"
2743,"CLI02743","PF - Varejo","Fidelização","RJ","8","2023-09-11","2024-10-31","7546.80","Fiel"
302,"CLI00302","PF - Varejo","Fidelização","SP","8","2023-01-01","2024-11-15","14812.41","Fiel"
1215,"CLI01215","PF - Varejo","Fidelização","SP","8","2023-03-20","2024-12-08","4080.75","Fiel"
718,"CLI00718","PF - Premium","Indicação","DF","8","2023-02-27","2024-11-02","17413.49","Fiel"
1575,"CLI01575","PF - Premium","Digital","RJ","8","2023-02-20","2024-12-31","14933.14","Fiel"
1094,"CLI01094","PF - Varejo","Indicação","SP","8","2023-04-11","2024-10-06","6637.76","Fiel"
3535,"CLI03535","PF - Varejo","Showroom","SP","8","2023-05-07","2024-10-19","5801.89","Fiel"
1414,"CLI01414","PF - Varejo","Showroom","SP","8","2023-03-16","2024-12-11","4140.35","Fiel"
2828,"CLI02828","PJ - Frota Pequena","Indicação","PR","8","2023-09-22","2024-12-29","15689.37","Fiel"
3094,"CLI03094","PF - Varejo","Digital","SP","8","2023-01-15","2024-12-21","23238.95","Fiel"
3424,"CLI03424","PJ - Frota Pequena","Digital","SP","8","2023-06-03","2024-11-02","8312.01","Fiel"
3316,"CLI03316","PJ - Frota Grande","Fidelização","RJ","8","2023-06-04","2024-12-27","4654.50","Fiel"
2993,"CLI02993","PF - Varejo","CRM Ativo","SP","8","2023-03-25","2024-09-27","3958.83","Fiel"
1041,"CLI01041","PF - Premium","Indicação","PR","8","2023-01-09","2024-03-09","10780.65","Fiel"
3677,"CLI03677","PJ - Frota Grande","CRM Ativo","SP","8","2023-03-06","2024-12-06","9394.93","Fiel"
1284,"CLI01284","PJ - Frota Pequena","Digital","SP","8","2023-03-31","2024-04-22","7687.44","Fiel"
2577,"CLI02577","PJ - Frota Pequena","Showroom","PR","8","2023-06-12","2024-12-20","11862.85","Fiel"
2614,"CLI02614","PF - Varejo","Digital","RJ","8","2023-02-25","2024-10-23","15379.63","Fiel"
1532,"CLI01532","PJ - Frota Grande","Recall","PR","8","2023-09-27","2024-11-11","10044.04","Fiel"
3881,"CLI03881","PF - Premium","Recall","SP","8","2023-03-30","2024-11-03","16827.10","Fiel"
2339,"CLI02339","PF - Varejo","Fidelização","RJ","8","2023-01-02","2024-09-21","14176.04","Fiel"
521,"CLI00521","PF - Varejo","Fidelização","SC","8","2023-06-10","2024-10-17","6188.81","Fiel"
1831,"CLI01831","PF - Varejo","Digital","MG","8","2023-03-06","2024-11-13","9264.90","Fiel"
1075,"CLI01075","PJ - Frota Grande","Showroom","MG","8","2023-05-27","2024-12-20","5397.18","Fiel"
3428,"CLI03428","PJ - Frota Pequena","Showroom","SP","8","2023-04-12","2024-10-17","15937.23","Fiel"
2033,"CLI02033","PJ - Frota Grande","Showroom","SP","8","2023-01-17","2024-11-28","11267.78","Fiel"
1637,"CLI01637","PF - Varejo","Recall","SP","8","2023-03-26","2024-10-30","27762.69","Fiel"
1500,"CLI01500","PJ - Frota Pequena","Fidelização","SP","8","2023-05-06","2024-12-28","14903.39","Fiel"
1912,"CLI01912","PF - Varejo","Showroom","PR","8","2023-01-03","2024-12-10","8024.43","Fiel"
2060,"CLI02060","PF - Varejo","Showroom","SP","8","2023-03-21","2024-11-03","7331.34","Fiel"
3525,"CLI03525","PF - Varejo","Recall","RJ","8","2023-05-16","2024-12-16","9344.50","Fiel"
3551,"CLI03551","PF - Premium","Digital","SP","8","2023-02-21","2024-11-14","2715.97","Fiel"
890,"CLI00890","PJ - Frota Pequena","Digital","DF","8","2023-03-08","2024-11-21","14982.30","Fiel"
224,"CLI00224","PJ - Frota Grande","Showroom","SP","8","2023-01-09","2024-09-30","5304.89","Fiel"
3929,"CLI03929","PJ - Frota Pequena","Digital","MG","8","2023-01-30","2024-10-11","7687.88","Fiel"
3669,"CLI03669","PF - Varejo","Indicação","RS","8","2023-01-17","2024-10-22","10360.63","Fiel"
1872,"CLI01872","PJ - Frota Grande","Fidelização","ES","8","2023-12-25","2024-11-27","12289.71","Fiel"
1235,"CLI01235","PF - Varejo","Digital","BA","8","2023-06-13","2024-12-13","5062.52","Fiel"
1814,"CLI01814","PF - Varejo","Showroom","PR","8","2023-04-18","2024-11-28","11037.30","Fiel"
2431,"CLI02431","PF - Premium","Showroom","RJ","8","2023-10-08","2024-06-12","13522.77","Fiel"
1141,"CLI01141","PJ - Frota Grande","Digital","SP","8","2023-01-01","2024-11-21","3184.89","Fiel"
3220,"CLI03220","PF - Varejo","Indicação","DF","8","2023-06-13","2024-12-26","6975.18","Fiel"
812,"CLI00812","PF - Premium","Digital","SP","8","2023-05-09","2024-10-26","12084.05","Fiel"
279,"CLI00279","PF - Varejo","Digital","PR","8","2023-03-29","2024-09-23","9960.61","Fiel"
2334,"CLI02334","PF - Varejo","Fidelização","RS","8","2023-05-22","2024-12-24","4026.42","Fiel"
2809,"CLI02809","PF - Varejo","Fidelização","SP","8","2023-01-19","2024-11-19","13365.22","Fiel"
3598,"CLI03598","PF - Varejo","Recall","RS","8","2023-05-11","2024-07-25","9697.65","Fiel"
2309,"CLI02309","PF - Varejo","Showroom","SP","8","2023-01-17","2024-09-06","10141.20","Fiel"
9,"CLI00009","PF - Varejo","Indicação","RJ","8","2023-03-11","2024-12-28","6267.46","Fiel"
2031,"CLI02031","PF - Varejo","Digital","PE","8","2023-01-17","2024-11-03","5374.09","Fiel"
3139,"CLI03139","PF - Premium","Digital","SP","8","2023-03-06","2024-12-30","15863.40","Fiel"
3429,"CLI03429","PJ - Frota Pequena","Indicação","DF","8","2023-01-01","2024-12-27","4841.11","Fiel"
2804,"CLI02804","PJ - Frota Pequena","Digital","SP","8","2023-03-12","2024-11-29","19571.01","Fiel"
566,"CLI00566","PF - Varejo","CRM Ativo","RJ","8","2023-01-06","2024-06-08","11803.09","Fiel"
2407,"CLI02407","PF - Varejo","Digital","SP","8","2023-01-26","2024-12-25","8012.92","Fiel"
940,"CLI00940","PF - Varejo","Indicação","GO","8","2023-02-21","2024-09-28","4215.51","Fiel"
1640,"CLI01640","PJ - Frota Grande","Showroom","SP","8","2023-01-06","2024-06-30","10479.26","Fiel"
966,"CLI00966","PJ - Frota Grande","Fidelização","RS","8","2023-01-18","2024-11-03","4597.41","Fiel"
3339,"CLI03339","PJ - Frota Grande","Recall","CE","8","2023-04-18","2024-11-26","5996.53","Fiel"
1682,"CLI01682","PF - Varejo","Digital","PR","8","2023-05-28","2024-10-12","15636.84","Fiel"
2855,"CLI02855","PF - Premium","Indicação","MG","8","2023-02-18","2024-11-21","12607.79","Fiel"
656,"CLI00656","PF - Varejo","CRM Ativo","MG","8","2023-06-24","2024-10-31","20251.68","Fiel"
3812,"CLI03812","PF - Varejo","Indicação","PR","8","2023-08-06","2024-10-29","4243.48","Fiel"
2510,"CLI02510","PF - Varejo","Recall","SP","8","2023-02-28","2024-12-06","8034.09","Fiel"
3352,"CLI03352","PF - Varejo","Indicação","PE","8","2023-01-28","2024-12-15","4263.17","Fiel"
3992,"CLI03992","PF - Premium","Recall","RJ","8","2023-03-12","2024-10-21","15778.91","Fiel"
3934,"CLI03934","PF - Varejo","Indicação","SP","8","2023-02-05","2024-08-19","7784.38","Fiel"
756,"CLI00756","PJ - Frota Pequena","Digital","RJ","8","2023-02-18","2024-11-08","4996.82","Fiel"
3687,"CLI03687","PF - Varejo","Fidelização","DF","8","2023-02-13","2024-10-09","12779.39","Fiel"
3624,"CLI03624","PF - Varejo","CRM Ativo","MG","8","2023-05-26","2024-12-29","6106.24","Fiel"
2631,"CLI02631","PF - Varejo","CRM Ativo","DF","8","2023-02-03","2024-08-14","6654.55","Fiel"
769,"CLI00769","PF - Varejo","Indicação","MG","8","2023-01-20","2024-11-22","15039.10","Fiel"
1156,"CLI01156","PJ - Frota Pequena","Showroom","SP","8","2023-03-09","2024-10-07","5359.17","Fiel"
2962,"CLI02962","PF - Premium","CRM Ativo","RJ","8","2023-02-04","2024-12-18","18649.80","Fiel"
3579,"CLI03579","PJ - Frota Grande","Digital","MG","8","2023-04-02","2024-11-08","11712.88","Fiel"
3922,"CLI03922","PF - Premium","Indicação","PE","8","2023-01-20","2024-11-08","8711.38","Fiel"
510,"CLI00510","PF - Premium","Fidelização","MG","8","2023-01-07","2024-12-15","13612.08","Fiel"
579,"CLI00579","PF - Varejo","Indicação","RJ","8","2023-08-29","2024-12-05","4110.37","Fiel"
824,"CLI00824","PF - Varejo","Fidelização","CE","8","2023-06-02","2024-09-15","14410.44","Fiel"
261,"CLI00261","PJ - Frota Pequena","Indicação","SP","8","2023-07-14","2024-02-15","11197.53","Fiel"
191,"CLI00191","PJ - Frota Grande","Recall","RJ","8","2023-03-14","2024-11-16","18751.96","Fiel"
3764,"CLI03764","PF - Varejo","Indicação","RJ","8","2023-01-21","2024-10-06","10905.41","Fiel"
1390,"CLI01390","PF - Varejo","Fidelização","BA","8","2023-08-04","2024-10-02","10379.90","Fiel"
1060,"CLI01060","PJ - Frota Pequena","Digital","RJ","8","2023-09-05","2024-12-10","13806.24","Fiel"
1743,"CLI01743","PF - Varejo","CRM Ativo","PR","8","2023-04-11","2024-05-30","11509.58","Fiel"
1127,"CLI01127","PF - Varejo","Digital","SP","8","2023-02-09","2024-12-27","3741.32","Fiel"
2530,"CLI02530","PF - Varejo","CRM Ativo","RJ","8","2023-03-10","2024-11-04","6255.59","Fiel"
3662,"CLI03662","PF - Varejo","Digital","DF","8","2023-11-29","2024-12-23","10975.96","Fiel"
2906,"CLI02906","PF - Varejo","Digital","RJ","8","2023-01-19","2024-09-27","7921.46","Fiel"
221,"CLI00221","PJ - Frota Pequena","Fidelização","RJ","8","2023-02-07","2024-09-14","12020.74","Fiel"
2046,"CLI02046","PF - Varejo","Indicação","SP","8","2023-04-09","2024-10-31","9827.48","Fiel"
2071,"CLI02071","PF - Varejo","Indicação","RJ","8","2023-03-25","2023-11-20","7628.00","Fiel"
2323,"CLI02323","PF - Varejo","Recall","SP","8","2023-03-14","2024-10-05","11999.51","Fiel"
1705,"CLI01705","PF - Varejo","Indicação","SP","8","2023-07-16","2024-12-19","10550.06","Fiel"
618,"CLI00618","PF - Varejo","Digital","MG","8","2023-03-05","2024-03-10","8996.89","Fiel"
160,"CLI00160","PJ - Frota Grande","Recall","SP","8","2023-03-05","2024-12-18","4365.47","Fiel"
3116,"CLI03116","PF - Varejo","Digital","SP","8","2023-05-06","2024-12-28","8420.13","Fiel"
3912,"CLI03912","PF - Varejo","Recall","RS","8","2023-01-08","2024-11-30","13655.86","Fiel"
1559,"CLI01559","PF - Premium","Fidelização","SP","8","2023-01-12","2024-11-25","10319.52","Fiel"
3857,"CLI03857","PF - Varejo","Recall","SP","8","2023-02-13","2024-09-30","7967.37","Fiel"
3070,"CLI03070","PF - Premium","Digital","RS","8","2023-04-24","2024-12-28","3845.21","Fiel"
2868,"CLI02868","PJ - Frota Pequena","Digital","PR","8","2023-06-11","2024-10-26","10001.66","Fiel"
2692,"CLI02692","PF - Varejo","Showroom","RJ","8","2023-07-03","2024-12-15","3662.65","Fiel"
1892,"CLI01892","PF - Varejo","Indicação","GO","8","2023-01-21","2024-12-29","7222.40","Fiel"
447,"CLI00447","PF - Varejo","Showroom","CE","8","2023-02-05","2023-11-19","7701.14","Fiel"
1442,"CLI01442","PF - Varejo","Digital","RS","8","2023-01-30","2024-12-13","13674.87","Fiel"
3576,"CLI03576","PJ - Frota Pequena","Digital","RJ","8","2023-01-22","2024-12-24","4395.13","Fiel"
1502,"CLI01502","PF - Varejo","Recall","RJ","8","2023-03-12","2024-04-12","5203.71","Fiel"
3841,"CLI03841","PF - Premium","Indicação","SP","8","2023-03-10","2024-10-30","6936.49","Fiel"
3444,"CLI03444","PF - Premium","Fidelização","GO","8","2023-01-08","2024-12-10","10878.80","Fiel"
263,"CLI00263","PF - Varejo","CRM Ativo","MG","8","2023-05-07","2024-12-21","12076.20","Fiel"
2700,"CLI02700","PF - Varejo","CRM Ativo","SP","8","2023-03-04","2024-12-13","10605.58","Fiel"
706,"CLI00706","PF - Varejo","Showroom","SP","8","2023-02-26","2024-11-29","11642.56","Fiel"
1758,"CLI01758","PF - Varejo","Digital","SP","8","2023-04-13","2024-09-20","4476.88","Fiel"
1143,"CLI01143","PF - Varejo","Digital","RS","8","2023-03-09","2024-10-26","11182.26","Fiel"
1549,"CLI01549","PF - Varejo","Digital","SP","8","2023-03-08","2024-11-21","23494.36","Fiel"
1120,"CLI01120","PF - Premium","Digital","SP","8","2023-03-25","2024-12-30","6360.67","Fiel"
989,"CLI00989","PF - Premium","Indicação","MG","8","2023-03-03","2024-12-10","8113.77","Fiel"
452,"CLI00452","PF - Varejo","CRM Ativo","PR","8","2023-03-14","2024-12-08","13160.05","Fiel"
569,"CLI00569","PF - Varejo","Indicação","RJ","8","2023-05-18","2024-10-11","6439.80","Fiel"
1677,"CLI01677","PJ - Frota Pequena","Digital","SP","8","2023-03-24","2024-07-04","14982.06","Fiel"
3980,"CLI03980","PF - Varejo","Recall","SP","8","2023-08-22","2024-11-13","17456.71","Fiel"
2161,"CLI02161","PF - Premium","Showroom","SP","8","2023-01-11","2024-06-15","3575.08","Fiel"
3902,"CLI03902","PF - Varejo","Digital","MG","8","2023-03-10","2024-09-11","11277.66","Fiel"
3329,"CLI03329","PF - Varejo","Digital","RJ","8","2023-02-03","2024-10-15","2812.81","Fiel"
1881,"CLI01881","PF - Varejo","Showroom","SP","8","2023-02-07","2024-10-19","16169.05","Fiel"
1211,"CLI01211","PF - Premium","Digital","SP","8","2023-02-05","2024-04-14","4771.46","Fiel"
3983,"CLI03983","PF - Varejo","Indicação","GO","8","2023-02-24","2024-09-01","8337.56","Fiel"
3037,"CLI03037","PF - Varejo","Digital","DF","8","2023-01-25","2024-07-31","9451.87","Fiel"
987,"CLI00987","PF - Varejo","CRM Ativo","PR","8","2023-03-29","2023-12-05","10429.39","Fiel"
488,"CLI00488","PF - Premium","Digital","PE","8","2023-02-06","2024-12-07","12196.63","Fiel"
1644,"CLI01644","PF - Varejo","CRM Ativo","PR","8","2023-02-09","2024-12-06","17632.04","Fiel"
3381,"CLI03381","PF - Premium","Recall","PR","8","2023-03-05","2024-10-23","6211.25","Fiel"
3600,"CLI03600","PF - Premium","Showroom","SP","8","2023-01-02","2024-11-03","4275.63","Fiel"
965,"CLI00965","PJ - Frota Pequena","CRM Ativo","SP","8","2023-03-07","2024-12-27","12811.84","Fiel"
1509,"CLI01509","PF - Varejo","Fidelização","GO","8","2023-01-05","2024-12-16","7547.16","Fiel"
1606,"CLI01606","PF - Premium","CRM Ativo","MG","8","2023-01-08","2024-11-03","3110.16","Fiel"
573,"CLI00573","PJ - Frota Pequena","CRM Ativo","SP","8","2023-02-25","2024-12-29","12187.60","Fiel"
256,"CLI00256","PF - Premium","Indicação","SP","8","2023-04-02","2024-11-02","6934.09","Fiel"
1976,"CLI01976","PF - Varejo","Fidelização","DF","8","2023-01-16","2024-09-30","5172.69","Fiel"
3337,"CLI03337","PF - Varejo","Fidelização","SP","8","2023-05-11","2024-11-23","7626.21","Fiel"
3145,"CLI03145","PF - Varejo","Digital","RJ","8","2023-01-20","2024-12-14","7230.85","Fiel"
1622,"CLI01622","PF - Premium","Indicação","CE","8","2023-04-26","2024-11-22","7442.27","Fiel"
2295,"CLI02295","PF - Varejo","Recall","MG","8","2023-02-12","2024-09-27","13160.50","Fiel"
1751,"CLI01751","PF - Varejo","Indicação","ES","8","2023-07-18","2024-09-11","6882.79","Fiel"
1257,"CLI01257","PF - Premium","Indicação","GO","8","2023-03-17","2024-11-18","2603.69","Fiel"
3250,"CLI03250","PJ - Frota Pequena","CRM Ativo","RS","8","2023-03-15","2024-06-08","9272.76","Fiel"
2867,"CLI02867","PF - Varejo","CRM Ativo","RJ","8","2023-02-15","2024-04-07","4995.63","Fiel"
1904,"CLI01904","PF - Premium","Indicação","SP","8","2023-01-15","2024-11-21","13597.08","Fiel"
3241,"CLI03241","PJ - Frota Grande","CRM Ativo","SP","8","2023-03-18","2024-07-18","9401.89","Fiel"
1609,"CLI01609","PF - Varejo","Indicação","RJ","8","2023-03-01","2024-12-07","11445.42","Fiel"
2620,"CLI02620","PF - Varejo","Showroom","RJ","8","2023-02-26","2024-11-17","3339.76","Fiel"
1689,"CLI01689","PF - Varejo","CRM Ativo","SP","8","2023-08-17","2024-09-18","6539.46","Fiel"
3106,"CLI03106","PF - Varejo","Digital","ES","8","2023-01-18","2024-10-13","18607.39","Fiel"
2694,"CLI02694","PF - Varejo","Showroom","SP","8","2023-01-04","2024-07-29","14908.36","Fiel"
897,"CLI00897","PJ - Frota Grande","Recall","SP","8","2024-02-17","2024-12-11","12349.41","Fiel"
1470,"CLI01470","PF - Premium","Indicação","RJ","8","2023-03-20","2024-12-01","12648.55","Fiel"
3561,"CLI03561","PF - Varejo","CRM Ativo","SP","8","2023-03-20","2024-01-16","6622.20","Fiel"
1527,"CLI01527","PF - Varejo","Digital","CE","8","2023-05-28","2024-09-29","20669.55","Fiel"
451,"CLI00451","PF - Premium","Indicação","ES","8","2023-02-12","2024-11-15","10895.48","Fiel"
2513,"CLI02513","PF - Varejo","CRM Ativo","SP","8","2023-05-24","2024-10-23","5240.22","Fiel"
1984,"CLI01984","PJ - Frota Pequena","Indicação","SP","8","2023-03-15","2024-03-03","31412.51","Fiel"
2766,"CLI02766","PF - Varejo","Fidelização","PR","8","2023-03-11","2024-11-12","12138.02","Fiel"
426,"CLI00426","PF - Varejo","Digital","ES","8","2023-03-21","2024-04-23","10535.59","Fiel"
3467,"CLI03467","PF - Premium","Showroom","GO","8","2023-01-28","2024-07-22","6994.20","Fiel"
2714,"CLI02714","PF - Premium","Indicação","PE","8","2023-02-06","2024-11-27","8892.44","Fiel"
2858,"CLI02858","PF - Varejo","CRM Ativo","SP","8","2023-01-11","2024-08-06","6330.41","Fiel"
1066,"CLI01066","PF - Premium","Fidelização","PR","8","2023-05-15","2024-10-26","5682.81","Fiel"
1419,"CLI01419","PF - Varejo","CRM Ativo","RJ","8","2023-02-16","2024-04-23","9336.99","Fiel"
238,"CLI00238","PF - Varejo","Indicação","SP","8","2023-05-14","2024-10-29","10619.97","Fiel"
3803,"CLI03803","PF - Varejo","Indicação","MG","8","2023-05-04","2024-09-12","12524.67","Fiel"
763,"CLI00763","PF - Varejo","Recall","DF","8","2023-01-21","2024-12-03","7668.89","Fiel"
441,"CLI00441","PJ - Frota Pequena","Recall","PR","8","2023-09-07","2024-11-28","13270.34","Fiel"
971,"CLI00971","PF - Varejo","Digital","RJ","8","2023-02-16","2024-12-17","15939.36","Fiel"
1375,"CLI01375","PF - Premium","Recall","MG","8","2023-03-12","2024-09-21","4184.22","Fiel"
2918,"CLI02918","PJ - Frota Grande","Digital","RJ","8","2023-10-02","2024-12-14","9227.60","Fiel"
1804,"CLI01804","PJ - Frota Pequena","Showroom","MG","8","2023-04-19","2024-02-19","7188.20","Fiel"
1662,"CLI01662","PF - Varejo","Digital","GO","8","2023-03-22","2024-03-06","14288.75","Fiel"
174,"CLI00174","PJ - Frota Grande","Indicação","BA","8","2023-01-16","2023-11-10","11311.56","Fiel"
1299,"CLI01299","PJ - Frota Pequena","Indicação","SP","8","2023-01-28","2024-04-10","6415.75","Fiel"
949,"CLI00949","PJ - Frota Pequena","Fidelização","MG","8","2023-01-06","2024-06-02","5558.55","Fiel"
2164,"CLI02164","PJ - Frota Pequena","Digital","SP","8","2023-03-03","2024-11-04","13527.79","Fiel"
3118,"CLI03118","PF - Varejo","Indicação","ES","8","2023-03-18","2024-12-06","8690.32","Fiel"
1471,"CLI01471","PF - Premium","Digital","CE","8","2023-01-14","2024-11-06","4624.98","Fiel"
1118,"CLI01118","PJ - Frota Pequena","Showroom","PR","8","2023-04-09","2024-10-27","9820.88","Fiel"
537,"CLI00537","PF - Varejo","Showroom","SP","7","2023-08-10","2024-12-14","8703.03","Fiel"
133,"CLI00133","PF - Premium","Fidelização","RJ","7","2023-06-30","2024-11-21","5720.21","Fiel"
700,"CLI00700","PF - Varejo","Recall","SP","7","2023-03-09","2024-02-29","4179.50","Fiel"
3894,"CLI03894","PJ - Frota Pequena","Showroom","SP","7","2023-02-22","2024-09-11","16837.90","Fiel"
733,"CLI00733","PF - Varejo","CRM Ativo","BA","7","2023-06-07","2024-12-13","6209.70","Fiel"
1401,"CLI01401","PJ - Frota Pequena","Digital","RJ","7","2023-02-04","2024-06-11","4641.93","Fiel"
2081,"CLI02081","PJ - Frota Pequena","Fidelização","SP","7","2023-05-28","2024-12-29","8283.40","Fiel"
2239,"CLI02239","PJ - Frota Pequena","Recall","RJ","7","2023-02-15","2024-12-13","11883.67","Fiel"
1347,"CLI01347","PF - Premium","Showroom","SP","7","2023-02-07","2023-12-10","4604.38","Fiel"
1061,"CLI01061","PF - Varejo","Recall","SP","7","2023-01-21","2024-09-16","6034.20","Fiel"
2956,"CLI02956","PF - Varejo","Fidelização","GO","7","2023-03-29","2024-10-01","9088.27","Fiel"
3876,"CLI03876","PF - Varejo","Showroom","BA","7","2023-04-27","2024-12-12","6494.96","Fiel"
2228,"CLI02228","PF - Premium","Recall","RS","7","2023-05-26","2024-12-09","12782.87","Fiel"
1676,"CLI01676","PF - Varejo","Digital","SP","7","2023-03-06","2023-12-26","7927.65","Fiel"
477,"CLI00477","PF - Varejo","Recall","PR","7","2023-01-20","2024-11-21","6528.75","Fiel"
751,"CLI00751","PF - Varejo","CRM Ativo","RS","7","2023-02-15","2024-03-26","8619.82","Fiel"
2725,"CLI02725","PF - Premium","Digital","SP","7","2023-05-24","2024-12-11","9428.48","Fiel"
1586,"CLI01586","PF - Premium","Digital","SP","7","2023-02-07","2024-04-17","4954.73","Fiel"
1072,"CLI01072","PJ - Frota Pequena","Digital","PE","7","2023-01-17","2024-09-02","8351.82","Fiel"
2755,"CLI02755","PF - Premium","CRM Ativo","BA","7","2023-01-01","2024-11-12","5248.58","Fiel"
2212,"CLI02212","PF - Varejo","Fidelização","SP","7","2023-02-21","2024-12-19","4676.45","Fiel"
2474,"CLI02474","PF - Varejo","Indicação","MG","7","2023-01-26","2024-10-27","5426.78","Fiel"
3694,"CLI03694","PF - Varejo","Digital","BA","7","2023-02-07","2024-12-09","5264.80","Fiel"
3115,"CLI03115","PJ - Frota Pequena","Indicação","SP","7","2023-02-26","2024-10-21","3877.22","Fiel"
1116,"CLI01116","PJ - Frota Pequena","Indicação","RJ","7","2023-09-20","2024-12-27","11673.79","Fiel"
2051,"CLI02051","PF - Premium","Digital","SP","7","2023-07-20","2024-03-06","9854.73","Fiel"
199,"CLI00199","PF - Varejo","Indicação","RJ","7","2023-06-01","2024-12-21","12448.89","Fiel"
1103,"CLI01103","PJ - Frota Grande","Indicação","RJ","7","2023-09-22","2024-10-04","6757.29","Fiel"
669,"CLI00669","PF - Varejo","Showroom","CE","7","2023-03-19","2024-12-28","4983.54","Fiel"
1820,"CLI01820","PF - Varejo","Digital","SC","7","2023-02-12","2024-05-13","5532.57","Fiel"
2048,"CLI02048","PF - Premium","Digital","MG","7","2023-03-13","2024-09-30","5602.49","Fiel"
3275,"CLI03275","PF - Varejo","Indicação","PR","7","2023-03-11","2024-12-22","4320.66","Fiel"
2359,"CLI02359","PJ - Frota Pequena","Showroom","RJ","7","2023-03-07","2024-10-28","13577.60","Fiel"
3938,"CLI03938","PJ - Frota Pequena","CRM Ativo","RS","7","2023-06-29","2024-12-26","8994.75","Fiel"
2938,"CLI02938","PF - Varejo","CRM Ativo","RJ","7","2023-01-16","2024-12-28","3156.92","Fiel"
3697,"CLI03697","PJ - Frota Grande","Digital","MG","7","2023-07-15","2024-12-02","11498.41","Fiel"
2335,"CLI02335","PJ - Frota Pequena","Digital","SP","7","2023-02-21","2024-10-24","3456.30","Fiel"
51,"CLI00051","PF - Varejo","CRM Ativo","RJ","7","2023-05-02","2024-11-30","4922.15","Fiel"
923,"CLI00923","PF - Premium","CRM Ativo","RJ","7","2023-08-12","2024-11-06","11687.65","Fiel"
3966,"CLI03966","PF - Varejo","Showroom","RJ","7","2023-06-29","2024-11-27","4667.29","Fiel"
230,"CLI00230","PF - Premium","Showroom","GO","7","2023-03-14","2024-11-06","8893.08","Fiel"
132,"CLI00132","PJ - Frota Pequena","Digital","DF","7","2023-02-28","2024-10-02","9371.61","Fiel"
930,"CLI00930","PJ - Frota Pequena","Showroom","SP","7","2023-04-02","2024-12-16","9127.77","Fiel"
2545,"CLI02545","PF - Varejo","Digital","RJ","7","2023-03-27","2024-08-16","6234.16","Fiel"
3793,"CLI03793","PF - Varejo","Indicação","RJ","7","2023-04-23","2024-05-27","13371.92","Fiel"
2125,"CLI02125","PF - Varejo","Indicação","MG","7","2023-01-13","2024-09-14","11122.62","Fiel"
2368,"CLI02368","PF - Varejo","Recall","MG","7","2023-03-12","2024-12-26","9442.55","Fiel"
1310,"CLI01310","PJ - Frota Pequena","Recall","SP","7","2023-08-15","2024-12-29","10202.58","Fiel"
658,"CLI00658","PF - Varejo","Showroom","RJ","7","2023-03-16","2024-05-05","11730.54","Fiel"
644,"CLI00644","PF - Varejo","Digital","SP","7","2023-05-18","2024-05-01","5199.85","Fiel"
292,"CLI00292","PJ - Frota Pequena","Indicação","PR","7","2023-05-12","2024-09-23","8262.67","Fiel"
3700,"CLI03700","PF - Varejo","Digital","SP","7","2023-05-11","2024-06-18","3221.19","Fiel"
2751,"CLI02751","PF - Premium","Indicação","MG","7","2023-01-03","2024-11-08","3845.87","Fiel"
3427,"CLI03427","PF - Varejo","Digital","RJ","7","2023-07-19","2024-12-07","6617.69","Fiel"
250,"CLI00250","PF - Varejo","CRM Ativo","ES","7","2023-07-12","2024-08-14","7556.90","Fiel"
3519,"CLI03519","PJ - Frota Grande","Showroom","SC","7","2023-02-21","2024-11-23","15393.17","Fiel"
2027,"CLI02027","PF - Varejo","Showroom","PR","7","2023-07-06","2024-10-10","6118.51","Fiel"
3693,"CLI03693","PF - Premium","Indicação","GO","7","2023-03-25","2024-11-19","16919.84","Fiel"
1264,"CLI01264","PF - Varejo","Digital","MG","7","2023-11-17","2024-12-02","7323.10","Fiel"
2412,"CLI02412","PJ - Frota Pequena","Digital","BA","7","2023-03-20","2024-10-28","5180.54","Fiel"
3732,"CLI03732","PF - Varejo","Recall","SP","7","2023-01-08","2024-10-11","3499.63","Fiel"
3018,"CLI03018","PJ - Frota Pequena","Recall","SP","7","2023-05-08","2024-11-18","11488.60","Fiel"
3301,"CLI03301","PF - Varejo","Digital","BA","7","2023-01-24","2024-11-17","9823.34","Fiel"
274,"CLI00274","PJ - Frota Pequena","Digital","SP","7","2023-04-06","2024-10-20","11594.48","Fiel"
128,"CLI00128","PF - Premium","Showroom","PE","7","2023-05-01","2024-08-07","9891.07","Fiel"
3806,"CLI03806","PF - Varejo","Fidelização","SP","7","2023-02-21","2024-03-13","12072.24","Fiel"
3131,"CLI03131","PF - Varejo","Recall","RS","7","2023-06-03","2024-11-05","9713.36","Fiel"
2599,"CLI02599","PF - Varejo","Digital","PR","7","2023-01-30","2024-11-16","13902.49","Fiel"
1980,"CLI01980","PF - Premium","Fidelização","SP","7","2023-06-06","2024-12-21","8665.48","Fiel"
3047,"CLI03047","PF - Varejo","Recall","MG","7","2023-01-27","2024-12-07","11816.92","Fiel"
1927,"CLI01927","PF - Premium","Digital","SP","7","2023-03-11","2024-11-07","10477.38","Fiel"
1739,"CLI01739","PJ - Frota Pequena","Showroom","SP","7","2023-06-11","2024-08-09","4749.79","Fiel"
1639,"CLI01639","PF - Varejo","Digital","PR","7","2023-03-08","2024-11-19","5653.85","Fiel"
555,"CLI00555","PF - Varejo","Recall","ES","7","2023-02-15","2024-10-10","10314.06","Fiel"
3054,"CLI03054","PJ - Frota Pequena","Digital","ES","7","2023-05-21","2024-10-12","3105.07","Fiel"
1398,"CLI01398","PF - Varejo","Digital","GO","7","2023-03-20","2024-10-12","13269.31","Fiel"
1646,"CLI01646","PF - Varejo","Indicação","MG","7","2023-02-09","2024-07-09","4515.96","Fiel"
847,"CLI00847","PF - Varejo","Digital","SP","7","2023-02-10","2024-03-16","12511.67","Fiel"
519,"CLI00519","PF - Premium","Showroom","RJ","7","2023-08-23","2024-10-14","3207.04","Fiel"
3331,"CLI03331","PF - Varejo","Digital","SP","7","2023-01-23","2024-12-28","3717.03","Fiel"
448,"CLI00448","PF - Varejo","Indicação","ES","7","2023-04-21","2024-10-16","3671.88","Fiel"
1046,"CLI01046","PF - Varejo","Recall","PR","7","2023-01-18","2024-07-03","10935.29","Fiel"
639,"CLI00639","PF - Premium","Digital","RS","7","2023-01-17","2024-12-12","11463.49","Fiel"
3664,"CLI03664","PJ - Frota Pequena","Digital","DF","7","2023-03-13","2024-10-18","11239.04","Fiel"
911,"CLI00911","PF - Varejo","Fidelização","SP","7","2023-02-01","2024-11-26","11209.91","Fiel"
1956,"CLI01956","PF - Premium","Fidelização","MG","7","2023-05-04","2024-10-13","8801.13","Fiel"
2900,"CLI02900","PF - Varejo","Indicação","SP","7","2023-04-23","2024-07-21","10601.01","Fiel"
2961,"CLI02961","PF - Varejo","Indicação","SP","7","2023-04-12","2024-11-05","12068.31","Fiel"
1092,"CLI01092","PF - Varejo","Indicação","PR","7","2023-01-28","2024-12-24","10498.32","Fiel"
1428,"CLI01428","PF - Premium","Showroom","RS","7","2023-11-01","2024-10-15","11316.29","Fiel"
2807,"CLI02807","PJ - Frota Pequena","Recall","BA","7","2023-01-09","2024-05-28","5823.89","Fiel"
498,"CLI00498","PF - Varejo","Digital","RJ","7","2023-02-21","2024-10-15","11281.69","Fiel"
3860,"CLI03860","PJ - Frota Pequena","Digital","RJ","7","2023-01-24","2024-04-16","4305.54","Fiel"
3571,"CLI03571","PF - Premium","Indicação","SP","7","2023-01-20","2024-11-02","6650.19","Fiel"
2086,"CLI02086","PJ - Frota Pequena","Digital","CE","7","2023-04-05","2024-12-14","11098.10","Fiel"
2875,"CLI02875","PF - Varejo","Indicação","SP","7","2023-05-18","2024-11-08","2000.23","Fiel"
83,"CLI00083","PF - Varejo","Indicação","RS","7","2023-01-19","2024-04-17","6706.43","Fiel"
620,"CLI00620","PJ - Frota Pequena","Recall","PE","7","2023-06-03","2024-10-31","7959.50","Fiel"
1346,"CLI01346","PJ - Frota Pequena","CRM Ativo","MG","7","2023-01-16","2024-12-01","11497.82","Fiel"
2893,"CLI02893","PF - Varejo","Fidelização","CE","7","2023-05-14","2024-12-24","12224.76","Fiel"
2067,"CLI02067","PF - Premium","CRM Ativo","BA","7","2023-02-16","2024-12-05","13891.42","Fiel"
1941,"CLI01941","PF - Varejo","Digital","PE","7","2023-04-06","2024-12-08","14170.31","Fiel"
3019,"CLI03019","PJ - Frota Pequena","Showroom","RS","7","2023-01-12","2024-07-22","11940.12","Fiel"
3720,"CLI03720","PF - Varejo","Indicação","SP","7","2023-03-15","2024-08-23","10420.18","Fiel"
122,"CLI00122","PJ - Frota Pequena","Recall","RJ","7","2023-01-20","2024-12-29","10449.79","Fiel"
2728,"CLI02728","PJ - Frota Pequena","Digital","SP","7","2023-01-21","2024-11-15","5533.45","Fiel"
1001,"CLI01001","PJ - Frota Pequena","Digital","SP","7","2023-01-21","2024-05-15","11578.40","Fiel"
2848,"CLI02848","PF - Varejo","Digital","RJ","7","2023-01-21","2024-10-05","9382.56","Fiel"
2679,"CLI02679","PF - Varejo","Indicação","SP","7","2023-02-15","2024-12-05","7601.59","Fiel"
3192,"CLI03192","PF - Varejo","Digital","SP","7","2023-05-28","2024-08-11","9041.62","Fiel"
3638,"CLI03638","PJ - Frota Pequena","Digital","RJ","7","2023-06-03","2024-06-22","3288.39","Fiel"
1483,"CLI01483","PF - Premium","Indicação","RS","7","2023-06-07","2024-11-28","11595.46","Fiel"
2061,"CLI02061","PF - Varejo","Showroom","RJ","7","2023-02-06","2024-10-24","7655.99","Fiel"
3166,"CLI03166","PJ - Frota Grande","Recall","SP","7","2023-05-05","2024-08-26","12109.00","Fiel"
385,"CLI00385","PF - Varejo","Showroom","SP","7","2023-03-13","2024-11-29","10751.02","Fiel"
3744,"CLI03744","PF - Varejo","Showroom","SP","7","2023-01-15","2024-05-23","6122.53","Fiel"
2163,"CLI02163","PF - Varejo","Indicação","RJ","7","2023-04-15","2024-06-05","5681.26","Fiel"
1290,"CLI01290","PJ - Frota Pequena","Indicação","PE","7","2023-02-10","2024-12-09","11573.42","Fiel"
1602,"CLI01602","PF - Premium","Showroom","PE","7","2023-02-15","2024-10-23","16623.71","Fiel"
2712,"CLI02712","PF - Varejo","Indicação","RS","7","2023-05-15","2024-12-19","7806.20","Fiel"
1806,"CLI01806","PF - Varejo","Showroom","DF","7","2023-04-06","2024-12-18","15530.96","Fiel"
2982,"CLI02982","PJ - Frota Pequena","CRM Ativo","SP","7","2023-05-07","2024-10-26","9727.44","Fiel"
1174,"CLI01174","PJ - Frota Grande","Digital","PE","7","2023-07-10","2024-01-16","8345.11","Fiel"
3455,"CLI03455","PF - Premium","Digital","SP","7","2023-07-08","2024-11-15","6884.08","Fiel"
1198,"CLI01198","PF - Premium","Showroom","PE","7","2023-05-06","2024-10-13","5515.58","Fiel"
2687,"CLI02687","PF - Premium","Digital","BA","7","2023-06-23","2024-11-02","4385.34","Fiel"
2544,"CLI02544","PJ - Frota Pequena","Indicação","SP","7","2023-08-01","2024-12-13","11268.83","Fiel"
3062,"CLI03062","PF - Varejo","CRM Ativo","SP","7","2023-01-02","2024-12-07","4388.70","Fiel"
1698,"CLI01698","PJ - Frota Pequena","Digital","SP","7","2023-02-21","2024-12-26","5745.58","Fiel"
1894,"CLI01894","PF - Varejo","CRM Ativo","RJ","7","2023-01-15","2024-10-18","7936.62","Fiel"
2763,"CLI02763","PF - Varejo","Digital","MG","7","2023-08-27","2024-11-01","10763.01","Fiel"
3170,"CLI03170","PF - Varejo","Showroom","BA","7","2023-03-19","2024-10-22","9037.27","Fiel"
1388,"CLI01388","PF - Premium","Recall","SP","7","2023-01-27","2024-08-24","9499.21","Fiel"
3594,"CLI03594","PF - Varejo","Showroom","SP","7","2023-07-24","2024-09-23","11738.29","Fiel"
110,"CLI00110","PF - Premium","Showroom","PR","7","2023-01-06","2024-11-16","7475.64","Fiel"
349,"CLI00349","PF - Varejo","Digital","PE","7","2023-07-07","2024-12-11","14751.41","Fiel"
1276,"CLI01276","PF - Premium","Digital","SP","7","2023-08-14","2024-12-06","11248.44","Fiel"
766,"CLI00766","PF - Premium","Digital","SP","7","2023-01-20","2024-11-04","13839.64","Fiel"
1319,"CLI01319","PF - Premium","Digital","SP","7","2023-02-14","2024-06-09","12142.58","Fiel"
2065,"CLI02065","PJ - Frota Grande","Fidelização","RJ","7","2023-02-19","2024-03-08","17455.61","Fiel"
2,"CLI00002","PF - Varejo","Recall","SP","7","2023-01-26","2024-02-25","17905.91","Fiel"
2826,"CLI02826","PF - Varejo","Digital","SP","7","2023-05-28","2024-11-12","3517.82","Fiel"
3453,"CLI03453","PJ - Frota Grande","Digital","RS","7","2023-01-26","2024-09-28","9306.74","Fiel"
3941,"CLI03941","PF - Varejo","Digital","RJ","7","2023-01-09","2024-12-10","11234.10","Fiel"
177,"CLI00177","PF - Varejo","Indicação","GO","7","2023-03-31","2024-12-16","17651.60","Fiel"
96,"CLI00096","PJ - Frota Pequena","Digital","SP","7","2023-01-21","2024-08-24","6680.16","Fiel"
2200,"CLI02200","PJ - Frota Grande","Indicação","SP","7","2023-04-12","2024-11-24","8679.31","Fiel"
3393,"CLI03393","PJ - Frota Pequena","Digital","RJ","7","2023-02-27","2024-12-21","7710.07","Fiel"
3735,"CLI03735","PJ - Frota Pequena","Fidelização","SP","7","2023-01-18","2024-05-11","6124.04","Fiel"
1213,"CLI01213","PF - Varejo","Digital","RS","7","2023-04-02","2024-11-17","4533.75","Fiel"
1843,"CLI01843","PF - Premium","Digital","SP","7","2023-05-02","2024-05-11","5941.19","Fiel"
1140,"CLI01140","PF - Varejo","Showroom","CE","7","2023-02-23","2024-06-30","10762.30","Fiel"
1778,"CLI01778","PF - Varejo","Digital","BA","7","2023-01-13","2024-08-02","12078.67","Fiel"
3708,"CLI03708","PF - Varejo","Digital","DF","7","2023-01-18","2024-11-04","10089.47","Fiel"
2799,"CLI02799","PF - Premium","Digital","MG","7","2023-09-05","2024-04-29","2814.31","Fiel"
2734,"CLI02734","PJ - Frota Pequena","Recall","DF","7","2023-02-11","2024-10-24","7778.38","Fiel"
1617,"CLI01617","PJ - Frota Pequena","Recall","RJ","7","2023-06-30","2024-11-11","13253.35","Fiel"
3870,"CLI03870","PF - Premium","Digital","PE","7","2023-01-11","2024-12-01","13182.84","Fiel"
3777,"CLI03777","PF - Varejo","Digital","ES","7","2023-01-29","2024-11-11","4839.95","Fiel"
3948,"CLI03948","PJ - Frota Pequena","Digital","RS","7","2023-01-05","2024-09-11","9806.82","Fiel"
2173,"CLI02173","PF - Varejo","Fidelização","DF","7","2023-03-26","2024-10-06","13561.35","Fiel"
2146,"CLI02146","PF - Varejo","Showroom","SP","7","2023-08-15","2024-12-23","5144.59","Fiel"
3125,"CLI03125","PJ - Frota Pequena","Recall","RJ","7","2023-03-12","2024-11-30","5394.22","Fiel"
913,"CLI00913","PF - Varejo","Recall","RJ","7","2023-04-04","2024-12-14","10325.82","Fiel"
1712,"CLI01712","PJ - Frota Grande","Digital","SP","7","2023-08-13","2024-12-20","7852.14","Fiel"
331,"CLI00331","PF - Varejo","Digital","RJ","7","2023-03-23","2024-12-04","5500.78","Fiel"
1925,"CLI01925","PJ - Frota Grande","Indicação","BA","7","2023-05-15","2024-11-13","12262.94","Fiel"
3590,"CLI03590","PF - Premium","Digital","SP","7","2023-07-04","2024-10-02","11000.30","Fiel"
229,"CLI00229","PJ - Frota Grande","Indicação","PR","7","2023-03-25","2024-06-15","7169.49","Fiel"
900,"CLI00900","PF - Varejo","Indicação","DF","7","2023-02-13","2024-09-06","13664.28","Fiel"
2575,"CLI02575","PF - Varejo","CRM Ativo","SP","7","2023-10-31","2024-10-19","2649.59","Fiel"
1197,"CLI01197","PJ - Frota Pequena","Indicação","DF","7","2023-04-08","2024-10-25","7280.72","Fiel"
1063,"CLI01063","PF - Varejo","Recall","PR","7","2023-07-31","2024-11-13","5314.91","Fiel"
1379,"CLI01379","PJ - Frota Pequena","Digital","MG","7","2023-02-04","2024-12-28","7089.89","Fiel"
2434,"CLI02434","PJ - Frota Grande","Indicação","PR","7","2023-06-28","2024-05-16","8107.11","Fiel"
3775,"CLI03775","PF - Varejo","Digital","PR","7","2023-07-02","2024-11-11","16070.15","Fiel"
1445,"CLI01445","PF - Varejo","Digital","GO","7","2023-08-05","2024-12-09","5129.24","Fiel"
1854,"CLI01854","PF - Varejo","Digital","SP","7","2023-01-06","2024-12-15","10199.87","Fiel"
2683,"CLI02683","PF - Premium","Indicação","RS","7","2023-05-10","2024-07-16","6628.64","Fiel"
553,"CLI00553","PJ - Frota Pequena","Showroom","PR","7","2023-02-24","2024-10-17","5790.50","Fiel"
3315,"CLI03315","PF - Varejo","Recall","SP","7","2023-04-18","2024-12-26","14334.45","Fiel"
184,"CLI00184","PF - Premium","Fidelização","CE","7","2023-10-16","2024-11-23","5332.69","Fiel"
990,"CLI00990","PJ - Frota Pequena","Indicação","SP","7","2023-10-27","2024-12-10","5679.38","Fiel"
2460,"CLI02460","PF - Premium","CRM Ativo","GO","7","2023-05-25","2024-10-12","4944.21","Fiel"
3722,"CLI03722","PF - Varejo","Digital","PR","7","2023-01-02","2024-12-08","8826.48","Fiel"
3528,"CLI03528","PF - Varejo","Showroom","RJ","7","2023-03-06","2024-08-27","12603.41","Fiel"
245,"CLI00245","PF - Premium","Fidelização","BA","7","2023-02-04","2024-10-08","9069.83","Fiel"
2615,"CLI02615","PF - Premium","Showroom","SP","7","2023-08-01","2024-08-19","11597.95","Fiel"
1972,"CLI01972","PF - Varejo","Fidelização","RJ","7","2023-02-04","2024-09-05","3232.95","Fiel"
137,"CLI00137","PF - Varejo","Digital","CE","7","2023-03-30","2024-09-21","11420.39","Fiel"
3325,"CLI03325","PF - Varejo","Recall","MG","7","2023-05-23","2024-09-28","9804.21","Fiel"
1885,"CLI01885","PF - Premium","Indicação","BA","7","2023-04-24","2024-11-27","6183.05","Fiel"
2563,"CLI02563","PF - Varejo","CRM Ativo","MG","7","2023-05-20","2024-09-10","8877.87","Fiel"
2417,"CLI02417","PJ - Frota Pequena","CRM Ativo","MG","7","2023-04-02","2024-12-28","6988.31","Fiel"
2625,"CLI02625","PF - Premium","Fidelização","MG","7","2023-01-03","2024-11-10","9672.27","Fiel"
365,"CLI00365","PF - Varejo","Digital","SP","7","2023-03-07","2024-05-05","11892.75","Fiel"
2729,"CLI02729","PF - Varejo","Indicação","SP","7","2023-02-18","2024-07-15","3620.76","Fiel"
3414,"CLI03414","PJ - Frota Pequena","Digital","RJ","7","2023-01-29","2024-12-30","4414.26","Fiel"
2718,"CLI02718","PF - Varejo","Recall","SP","7","2023-03-15","2024-10-09","10846.74","Fiel"
3258,"CLI03258","PF - Premium","Indicação","PR","7","2023-04-26","2024-12-07","12341.75","Fiel"
2997,"CLI02997","PJ - Frota Grande","CRM Ativo","RJ","7","2023-02-21","2024-04-03","7202.08","Fiel"
667,"CLI00667","PF - Varejo","Digital","PR","7","2023-02-26","2024-11-30","5075.82","Fiel"
3217,"CLI03217","PJ - Frota Pequena","Showroom","MG","7","2023-06-23","2024-09-25","11234.81","Fiel"
316,"CLI00316","PF - Premium","Indicação","RJ","7","2023-05-22","2024-03-09","9716.74","Fiel"
1430,"CLI01430","PF - Premium","Fidelização","ES","7","2023-05-28","2024-10-28","3103.10","Fiel"
1282,"CLI01282","PF - Varejo","Digital","SP","7","2023-02-27","2024-12-30","13305.93","Fiel"
2863,"CLI02863","PF - Varejo","Showroom","SP","7","2023-08-31","2024-06-14","3976.34","Fiel"
1344,"CLI01344","PF - Varejo","Digital","DF","7","2023-04-18","2024-11-17","7794.15","Fiel"
3148,"CLI03148","PF - Varejo","Fidelização","RS","7","2023-05-01","2024-09-29","5558.56","Fiel"
3121,"CLI03121","PJ - Frota Grande","Showroom","PE","7","2023-01-15","2024-08-13","11944.43","Fiel"
950,"CLI00950","PF - Varejo","Fidelização","RJ","7","2023-02-15","2024-10-16","9205.15","Fiel"
3958,"CLI03958","PJ - Frota Grande","Indicação","RJ","7","2023-02-28","2024-10-28","6312.55","Fiel"
1805,"CLI01805","PJ - Frota Grande","Indicação","MG","7","2023-03-07","2024-12-04","6799.02","Fiel"
338,"CLI00338","PF - Varejo","Indicação","DF","7","2023-01-10","2024-07-09","6096.72","Fiel"
1707,"CLI01707","PF - Varejo","Indicação","PE","7","2023-06-12","2024-10-04","3014.15","Fiel"
941,"CLI00941","PF - Varejo","Recall","MG","7","2023-06-07","2024-09-29","11896.61","Fiel"
3086,"CLI03086","PF - Varejo","Fidelização","RJ","7","2023-02-09","2024-10-08","10388.62","Fiel"
2675,"CLI02675","PF - Varejo","Digital","SC","7","2023-02-13","2024-12-26","3298.46","Fiel"
879,"CLI00879","PF - Varejo","Showroom","SP","7","2023-11-24","2024-12-23","12278.24","Fiel"
1234,"CLI01234","PF - Premium","Indicação","BA","7","2023-01-08","2024-11-09","5838.01","Fiel"
378,"CLI00378","PF - Varejo","Digital","SP","7","2023-02-11","2024-05-08","23089.77","Fiel"
2073,"CLI02073","PF - Premium","Digital","RJ","7","2023-02-12","2024-10-05","15413.60","Fiel"
1688,"CLI01688","PF - Varejo","Digital","RJ","7","2023-04-22","2024-10-30","10237.44","Fiel"
178,"CLI00178","PF - Premium","Digital","DF","7","2023-02-02","2024-10-29","14876.69","Fiel"
3194,"CLI03194","PF - Varejo","Showroom","MG","7","2023-04-02","2024-12-13","6910.95","Fiel"
106,"CLI00106","PJ - Frota Grande","CRM Ativo","CE","7","2023-09-13","2024-12-25","14419.16","Fiel"
2778,"CLI02778","PF - Premium","Recall","SP","7","2023-04-25","2024-12-22","4985.42","Fiel"
2013,"CLI02013","PF - Premium","Fidelização","SP","7","2023-02-21","2024-08-15","11395.79","Fiel"
1044,"CLI01044","PF - Varejo","Digital","PR","7","2023-03-10","2024-09-16","9582.84","Fiel"
1450,"CLI01450","PF - Varejo","Showroom","BA","7","2023-03-02","2024-12-29","14988.72","Fiel"
1725,"CLI01725","PF - Varejo","Indicação","PR","7","2023-08-02","2024-11-02","5183.11","Fiel"
1356,"CLI01356","PF - Varejo","Digital","RS","7","2023-04-04","2024-10-20","10010.58","Fiel"
1738,"CLI01738","PF - Varejo","Digital","MG","7","2023-01-24","2024-12-21","7393.28","Fiel"
1154,"CLI01154","PF - Premium","Showroom","GO","7","2023-08-13","2024-12-26","3347.51","Fiel"
1848,"CLI01848","PJ - Frota Pequena","Digital","PR","7","2023-01-21","2024-07-14","13743.12","Fiel"
786,"CLI00786","PF - Varejo","CRM Ativo","SP","7","2023-03-12","2024-08-11","7191.11","Fiel"
2195,"CLI02195","PF - Varejo","Digital","ES","7","2023-01-05","2024-12-21","9970.71","Fiel"
3063,"CLI03063","PJ - Frota Pequena","Digital","RJ","7","2023-02-27","2024-10-21","4001.61","Fiel"
2749,"CLI02749","PJ - Frota Grande","Digital","PE","7","2023-04-23","2024-12-18","2578.50","Fiel"
1153,"CLI01153","PJ - Frota Pequena","Indicação","PE","7","2023-01-09","2024-11-27","6622.77","Fiel"
1529,"CLI01529","PJ - Frota Grande","Recall","GO","7","2023-01-09","2024-08-23","5079.83","Fiel"
1973,"CLI01973","PF - Varejo","Indicação","SP","7","2023-09-08","2024-11-30","2051.96","Fiel"
1958,"CLI01958","PF - Varejo","Digital","MG","7","2023-10-06","2024-11-11","7545.66","Fiel"
1286,"CLI01286","PJ - Frota Grande","Indicação","SP","7","2023-03-31","2024-07-24","11877.71","Fiel"
1513,"CLI01513","PF - Varejo","Digital","SP","7","2023-05-07","2024-10-25","4350.11","Fiel"
1323,"CLI01323","PJ - Frota Grande","Digital","MG","7","2023-01-22","2024-10-24","5140.37","Fiel"
1714,"CLI01714","PF - Varejo","Showroom","SP","7","2023-11-24","2024-12-02","7854.88","Fiel"
1849,"CLI01849","PF - Varejo","Indicação","BA","7","2023-03-02","2024-12-10","4270.52","Fiel"
591,"CLI00591","PF - Premium","Digital","PR","7","2023-02-20","2024-07-28","3683.99","Fiel"
3573,"CLI03573","PF - Varejo","Showroom","BA","7","2023-01-01","2024-11-03","3418.97","Fiel"
303,"CLI00303","PF - Varejo","Showroom","RJ","7","2023-04-12","2024-11-10","5009.44","Fiel"
3156,"CLI03156","PF - Varejo","Indicação","SP","7","2023-01-27","2024-12-17","13381.05","Fiel"
2398,"CLI02398","PF - Varejo","CRM Ativo","DF","7","2023-04-23","2024-11-30","9063.20","Fiel"
3109,"CLI03109","PF - Varejo","Digital","RJ","7","2023-02-01","2024-09-02","4267.96","Fiel"
2482,"CLI02482","PF - Varejo","Digital","RS","7","2023-02-14","2024-11-12","4306.62","Fiel"
3650,"CLI03650","PF - Varejo","Digital","SC","7","2023-01-04","2024-01-18","5095.86","Fiel"
2249,"CLI02249","PJ - Frota Pequena","Indicação","RS","7","2023-02-26","2024-11-09","6729.45","Fiel"
1351,"CLI01351","PF - Premium","CRM Ativo","SP","7","2023-04-03","2024-10-26","16000.88","Fiel"
1057,"CLI01057","PJ - Frota Grande","Digital","SP","7","2023-03-15","2024-12-21","5999.48","Fiel"
2914,"CLI02914","PF - Premium","Digital","SP","7","2023-03-31","2024-10-31","5877.79","Fiel"
2192,"CLI02192","PF - Premium","Fidelização","SP","7","2023-01-04","2024-11-13","2168.34","Fiel"
323,"CLI00323","PJ - Frota Pequena","Digital","RS","7","2023-01-09","2024-11-15","11079.03","Fiel"
1466,"CLI01466","PF - Varejo","Recall","SC","7","2023-01-02","2024-03-22","5190.22","Fiel"
1219,"CLI01219","PF - Varejo","Indicação","SC","7","2023-03-15","2024-09-17","6171.71","Fiel"
1817,"CLI01817","PJ - Frota Pequena","Showroom","SP","7","2023-04-30","2024-11-30","3318.09","Fiel"
268,"CLI00268","PF - Premium","Indicação","SP","7","2023-01-10","2024-11-23","14685.60","Fiel"
3893,"CLI03893","PF - Premium","Indicação","RJ","7","2023-01-22","2024-11-28","8321.57","Fiel"
734,"CLI00734","PJ - Frota Pequena","Digital","GO","7","2023-01-10","2024-09-03","9511.53","Fiel"
1396,"CLI01396","PF - Premium","Fidelização","SC","7","2023-02-02","2024-09-05","4108.12","Fiel"
917,"CLI00917","PF - Varejo","Fidelização","MG","7","2023-05-12","2024-11-27","8870.83","Fiel"
2659,"CLI02659","PF - Premium","Digital","PR","7","2023-02-13","2024-03-06","7233.31","Fiel"
3972,"CLI03972","PF - Varejo","CRM Ativo","CE","7","2023-03-29","2024-11-05","7580.13","Fiel"
3228,"CLI03228","PF - Varejo","Showroom","BA","7","2023-05-22","2024-12-14","9090.84","Fiel"
1210,"CLI01210","PJ - Frota Pequena","Indicação","RJ","7","2023-03-10","2024-08-27","5951.30","Fiel"
1544,"CLI01544","PJ - Frota Pequena","Indicação","SP","7","2023-06-14","2024-12-27","12246.54","Fiel"
1655,"CLI01655","PJ - Frota Pequena","Digital","SC","7","2023-02-24","2024-05-14","2824.81","Fiel"
2156,"CLI02156","PF - Varejo","Digital","SP","7","2023-03-24","2024-12-25","5349.57","Fiel"
3924,"CLI03924","PJ - Frota Pequena","Digital","BA","7","2023-04-15","2024-12-11","11185.53","Fiel"
476,"CLI00476","PF - Varejo","Recall","MG","7","2023-05-23","2024-12-29","10420.66","Fiel"
702,"CLI00702","PF - Varejo","Digital","RS","7","2023-07-16","2024-07-15","2105.90","Fiel"
568,"CLI00568","PF - Premium","Indicação","SP","7","2023-03-24","2024-12-07","4919.88","Fiel"
3454,"CLI03454","PJ - Frota Pequena","Digital","BA","7","2023-07-18","2024-11-09","3425.63","Fiel"
2165,"CLI02165","PJ - Frota Pequena","Indicação","PR","7","2023-02-17","2024-11-30","10552.74","Fiel"
2760,"CLI02760","PF - Varejo","Fidelização","GO","7","2024-03-31","2024-08-23","6856.45","Fiel"
2727,"CLI02727","PJ - Frota Pequena","Fidelização","RJ","7","2023-03-06","2024-10-18","5406.75","Fiel"
2597,"CLI02597","PF - Varejo","Showroom","CE","7","2023-03-01","2024-11-11","5341.38","Fiel"
1540,"CLI01540","PF - Varejo","Indicação","ES","7","2023-05-05","2024-09-17","7512.39","Fiel"
1989,"CLI01989","PJ - Frota Pequena","Showroom","BA","7","2023-01-13","2024-10-08","12891.30","Fiel"
1091,"CLI01091","PF - Premium","CRM Ativo","SP","7","2023-05-13","2024-11-12","4263.91","Fiel"
3848,"CLI03848","PF - Varejo","Showroom","CE","7","2023-04-22","2024-12-31","3693.28","Fiel"
1295,"CLI01295","PJ - Frota Grande","Recall","BA","7","2023-03-16","2024-10-14","5147.59","Fiel"
1045,"CLI01045","PF - Varejo","Indicação","ES","7","2023-01-11","2024-11-04","13600.07","Fiel"
2012,"CLI02012","PF - Premium","Digital","RJ","7","2023-03-15","2024-08-07","7553.27","Fiel"
1307,"CLI01307","PF - Varejo","Digital","ES","7","2023-01-11","2024-11-18","5937.67","Fiel"
1780,"CLI01780","PF - Varejo","Showroom","SP","7","2023-06-28","2024-07-25","15862.48","Fiel"
3031,"CLI03031","PF - Premium","Indicação","SP","7","2023-04-08","2024-06-07","9496.40","Fiel"
1951,"CLI01951","PJ - Frota Pequena","CRM Ativo","RJ","7","2023-02-28","2024-11-14","10737.30","Fiel"
981,"CLI00981","PF - Varejo","Showroom","PR","7","2023-02-15","2024-11-09","13911.25","Fiel"
1263,"CLI01263","PF - Varejo","CRM Ativo","MG","7","2023-09-14","2024-08-14","14746.47","Fiel"
757,"CLI00757","PF - Varejo","Indicação","MG","7","2023-02-12","2024-06-19","6629.12","Fiel"
1334,"CLI01334","PJ - Frota Grande","Fidelização","MG","7","2023-01-07","2024-06-13","4931.28","Fiel"
3261,"CLI03261","PF - Premium","Recall","PR","7","2023-06-02","2024-06-18","10246.11","Fiel"
2839,"CLI02839","PF - Varejo","Indicação","SP","7","2023-08-01","2024-03-11","8649.47","Fiel"
2451,"CLI02451","PJ - Frota Pequena","Digital","MG","7","2023-06-28","2024-06-01","13086.14","Fiel"
3418,"CLI03418","PF - Varejo","Recall","SP","7","2023-03-23","2024-12-23","5110.91","Fiel"
214,"CLI00214","PF - Premium","Indicação","SP","7","2023-05-01","2024-08-21","4363.28","Fiel"
676,"CLI00676","PF - Varejo","Indicação","SP","7","2023-03-23","2024-05-25","9399.83","Fiel"
3308,"CLI03308","PF - Varejo","Indicação","SP","7","2023-04-12","2024-07-07","6969.46","Fiel"
2276,"CLI02276","PJ - Frota Grande","Digital","PR","7","2023-02-02","2024-11-11","4514.34","Fiel"
876,"CLI00876","PF - Varejo","CRM Ativo","CE","7","2023-04-24","2024-07-07","10733.34","Fiel"
2538,"CLI02538","PF - Varejo","Indicação","SP","7","2023-06-16","2024-09-18","7328.38","Fiel"
383,"CLI00383","PJ - Frota Pequena","Indicação","SP","7","2023-07-14","2024-12-16","10375.90","Fiel"
2514,"CLI02514","PF - Varejo","Indicação","ES","7","2023-02-08","2024-12-04","6887.83","Fiel"
1866,"CLI01866","PF - Premium","Digital","ES","7","2023-01-07","2024-11-29","4937.54","Fiel"
400,"CLI00400","PF - Varejo","Recall","PE","7","2024-01-14","2024-08-15","6210.57","Fiel"
1924,"CLI01924","PJ - Frota Grande","Digital","ES","7","2023-07-20","2024-11-22","6451.71","Fiel"
1718,"CLI01718","PF - Varejo","Digital","SC","7","2023-04-12","2024-11-20","6393.77","Fiel"
2397,"CLI02397","PJ - Frota Pequena","Showroom","SP","7","2023-01-10","2024-09-10","15320.24","Fiel"
2296,"CLI02296","PF - Varejo","Digital","RS","7","2023-09-23","2024-12-14","4593.12","Fiel"
2667,"CLI02667","PF - Varejo","Showroom","SP","7","2023-01-06","2024-11-10","4353.64","Fiel"
483,"CLI00483","PJ - Frota Pequena","CRM Ativo","PE","7","2023-03-23","2023-12-30","4447.10","Fiel"
2178,"CLI02178","PF - Varejo","Digital","ES","7","2023-01-23","2024-11-13","6569.66","Fiel"
3207,"CLI03207","PF - Premium","Indicação","RJ","7","2023-01-28","2024-10-16","8357.49","Fiel"
294,"CLI00294","PJ - Frota Grande","Showroom","SP","7","2023-06-02","2024-12-30","4317.73","Fiel"
326,"CLI00326","PF - Varejo","Indicação","CE","7","2023-11-29","2024-12-10","12410.88","Fiel"
977,"CLI00977","PF - Varejo","CRM Ativo","SP","7","2023-06-26","2024-11-25","13397.95","Fiel"
3890,"CLI03890","PF - Varejo","Indicação","PR","7","2023-01-24","2024-07-25","8436.12","Fiel"
1762,"CLI01762","PF - Varejo","Digital","MG","7","2023-01-16","2023-12-19","10630.57","Fiel"
2829,"CLI02829","PF - Varejo","Fidelização","RJ","7","2023-05-22","2024-10-12","4709.58","Fiel"
814,"CLI00814","PF - Varejo","Digital","CE","7","2023-01-13","2023-12-11","10212.15","Fiel"
926,"CLI00926","PJ - Frota Grande","Indicação","SP","7","2023-02-06","2024-10-23","5292.20","Fiel"
186,"CLI00186","PF - Premium","Showroom","DF","7","2023-08-05","2024-03-21","19255.35","Fiel"
1460,"CLI01460","PF - Premium","Indicação","MG","7","2023-03-15","2024-11-19","5312.94","Fiel"
1816,"CLI01816","PF - Premium","Digital","RJ","7","2023-04-02","2024-10-01","8403.45","Fiel"
3374,"CLI03374","PJ - Frota Grande","Digital","SP","7","2023-02-23","2024-04-10","7335.31","Fiel"
2452,"CLI02452","PF - Premium","Digital","SC","7","2023-01-02","2024-09-26","8293.41","Fiel"
1458,"CLI01458","PJ - Frota Pequena","Digital","CE","7","2023-05-23","2024-09-20","5067.22","Fiel"
778,"CLI00778","PF - Premium","Indicação","PR","7","2023-01-07","2024-10-11","5361.17","Fiel"
3383,"CLI03383","PF - Varejo","Fidelização","RJ","7","2023-04-08","2024-09-26","10087.62","Fiel"
2130,"CLI02130","PF - Premium","Fidelização","RS","7","2023-04-08","2024-12-10","12675.70","Fiel"
259,"CLI00259","PF - Varejo","Digital","RS","7","2023-01-20","2024-10-13","7402.58","Fiel"
3251,"CLI03251","PF - Varejo","Indicação","SP","7","2023-03-29","2024-11-29","11531.24","Fiel"
1378,"CLI01378","PJ - Frota Pequena","Indicação","SP","7","2023-01-04","2024-12-30","4179.20","Fiel"
3076,"CLI03076","PJ - Frota Pequena","Showroom","SP","7","2023-07-31","2024-12-18","22614.92","Fiel"
1126,"CLI01126","PF - Varejo","Showroom","SC","7","2023-08-19","2024-12-24","15399.50","Fiel"
1692,"CLI01692","PF - Premium","Fidelização","RJ","7","2023-02-08","2024-09-01","17114.47","Fiel"
984,"CLI00984","PF - Varejo","Indicação","SP","7","2023-03-05","2024-11-16","8235.61","Fiel"
3758,"CLI03758","PJ - Frota Pequena","Digital","BA","7","2023-02-10","2024-12-14","8839.19","Fiel"
312,"CLI00312","PF - Varejo","Showroom","DF","7","2023-04-30","2024-11-25","10749.80","Fiel"
3809,"CLI03809","PF - Varejo","Fidelização","RS","7","2023-02-03","2024-11-25","11276.60","Fiel"
1524,"CLI01524","PJ - Frota Grande","Digital","RS","7","2023-02-25","2024-11-22","10340.78","Fiel"
2006,"CLI02006","PF - Varejo","Showroom","SP","7","2023-01-16","2024-09-21","8872.66","Fiel"
1477,"CLI01477","PJ - Frota Pequena","Indicação","RJ","7","2023-03-06","2024-10-05","5492.79","Fiel"
2541,"CLI02541","PF - Varejo","Fidelização","DF","7","2023-03-01","2024-09-21","13439.11","Fiel"
271,"CLI00271","PF - Varejo","Digital","CE","7","2023-01-21","2024-09-17","15856.89","Fiel"
1093,"CLI01093","PF - Varejo","CRM Ativo","DF","7","2023-07-24","2024-11-13","9348.44","Fiel"
2108,"CLI02108","PF - Varejo","CRM Ativo","SP","7","2023-04-19","2024-12-05","4898.97","Fiel"
126,"CLI00126","PF - Varejo","Digital","SP","7","2023-01-26","2024-12-24","3755.61","Fiel"
2093,"CLI02093","PJ - Frota Pequena","Showroom","BA","7","2023-07-21","2024-08-22","13128.96","Fiel"
3726,"CLI03726","PF - Varejo","CRM Ativo","MG","7","2023-01-16","2024-11-19","4064.01","Fiel"
839,"CLI00839","PF - Varejo","Indicação","BA","7","2023-06-19","2024-11-25","3941.82","Fiel"
1296,"CLI01296","PF - Varejo","Fidelização","MG","7","2023-03-20","2024-11-03","7809.93","Fiel"
3309,"CLI03309","PF - Varejo","Indicação","SP","7","2023-03-21","2024-12-26","12819.20","Fiel"
3198,"CLI03198","PF - Varejo","Indicação","SP","7","2023-07-15","2024-10-04","6319.44","Fiel"
2429,"CLI02429","PF - Varejo","Digital","RS","7","2023-02-12","2024-11-24","4985.09","Fiel"
3249,"CLI03249","PF - Premium","Digital","ES","7","2023-08-27","2024-12-20","14462.38","Fiel"
1101,"CLI01101","PF - Varejo","Indicação","SP","7","2023-06-24","2024-10-26","6909.59","Fiel"
1342,"CLI01342","PJ - Frota Pequena","Indicação","PR","7","2023-03-12","2024-10-13","8025.28","Fiel"
2979,"CLI02979","PF - Varejo","Indicação","MG","7","2023-01-02","2024-10-02","4877.51","Fiel"
3767,"CLI03767","PF - Varejo","Indicação","RS","7","2023-01-25","2024-12-19","11992.91","Fiel"
1770,"CLI01770","PF - Varejo","CRM Ativo","PR","7","2023-04-06","2024-10-28","4727.73","Fiel"
836,"CLI00836","PF - Premium","Digital","SP","7","2023-02-15","2024-12-14","9386.91","Fiel"
3051,"CLI03051","PF - Varejo","Digital","SP","7","2023-02-23","2024-12-24","5056.77","Fiel"
1530,"CLI01530","PF - Varejo","Indicação","DF","7","2023-01-25","2024-08-14","16175.58","Fiel"
851,"CLI00851","PF - Premium","Recall","RS","7","2023-03-05","2024-09-19","5745.43","Fiel"
717,"CLI00717","PJ - Frota Pequena","Digital","BA","7","2023-01-18","2024-11-27","10402.64","Fiel"
3057,"CLI03057","PJ - Frota Grande","Showroom","CE","7","2023-09-12","2024-10-20","14395.85","Fiel"
210,"CLI00210","PF - Varejo","Digital","MG","7","2023-01-28","2024-05-07","4275.48","Fiel"
1013,"CLI01013","PF - Premium","Showroom","PR","7","2023-03-13","2024-06-10","3655.66","Fiel"
752,"CLI00752","PF - Premium","Indicação","RJ","7","2023-04-03","2024-12-17","7879.38","Fiel"
3493,"CLI03493","PF - Varejo","Fidelização","MG","7","2023-01-26","2024-12-30","4802.55","Fiel"
2145,"CLI02145","PJ - Frota Pequena","Fidelização","SP","7","2023-07-26","2024-07-25","11669.54","Fiel"
3959,"CLI03959","PF - Varejo","Indicação","MG","7","2023-02-04","2024-11-27","9477.82","Fiel"
2070,"CLI02070","PF - Varejo","Showroom","SP","7","2023-03-05","2024-04-04","7175.83","Fiel"
2866,"CLI02866","PF - Varejo","Digital","RJ","7","2023-03-01","2024-12-17","2277.80","Fiel"
2254,"CLI02254","PJ - Frota Pequena","Showroom","SP","7","2023-05-10","2024-11-16","17486.03","Fiel"
3165,"CLI03165","PJ - Frota Pequena","Digital","SP","7","2023-01-26","2024-12-28","6198.27","Fiel"
1354,"CLI01354","PJ - Frota Pequena","Indicação","DF","7","2023-01-15","2024-07-24","4324.08","Fiel"
1383,"CLI01383","PF - Premium","Fidelização","BA","7","2023-01-31","2024-12-10","12600.78","Fiel"
2678,"CLI02678","PF - Premium","Digital","SP","7","2023-05-29","2024-12-08","7520.27","Fiel"
155,"CLI00155","PF - Varejo","Indicação","RJ","7","2023-02-09","2024-12-28","7241.15","Fiel"
427,"CLI00427","PF - Premium","Digital","RS","7","2023-03-06","2024-01-26","11105.22","Fiel"
416,"CLI00416","PJ - Frota Pequena","CRM Ativo","MG","7","2023-03-19","2024-12-27","9487.27","Fiel"
1988,"CLI01988","PJ - Frota Grande","Digital","SP","7","2023-01-23","2024-10-16","11314.72","Fiel"
3931,"CLI03931","PJ - Frota Pequena","Recall","SP","7","2023-10-23","2024-08-16","12777.93","Fiel"
2507,"CLI02507","PJ - Frota Grande","Fidelização","MG","7","2023-07-09","2024-09-05","8164.52","Fiel"
3951,"CLI03951","PF - Varejo","Digital","PR","7","2023-05-08","2024-11-05","7864.02","Fiel"
3336,"CLI03336","PF - Premium","Indicação","DF","7","2023-06-27","2024-07-09","3820.14","Fiel"
1935,"CLI01935","PF - Varejo","Digital","BA","7","2023-02-15","2024-10-12","11562.08","Fiel"
396,"CLI00396","PF - Premium","Indicação","GO","7","2023-12-08","2024-11-25","13668.87","Fiel"
2356,"CLI02356","PF - Varejo","CRM Ativo","BA","7","2023-07-17","2024-09-29","5575.46","Fiel"
2349,"CLI02349","PF - Varejo","Digital","MG","7","2023-02-20","2024-12-05","11072.33","Fiel"
264,"CLI00264","PF - Premium","Indicação","PE","7","2023-05-09","2024-11-12","11535.97","Fiel"
1340,"CLI01340","PF - Premium","Digital","SP","7","2023-03-30","2024-08-27","3724.79","Fiel"
2476,"CLI02476","PF - Varejo","Digital","ES","7","2023-09-04","2024-07-25","5795.40","Fiel"
2268,"CLI02268","PJ - Frota Pequena","Digital","DF","7","2023-02-23","2024-06-11","8793.78","Fiel"
3904,"CLI03904","PF - Varejo","Fidelização","CE","7","2023-01-26","2024-06-09","9913.53","Fiel"
306,"CLI00306","PF - Premium","Indicação","SP","7","2023-03-01","2024-09-26","6824.75","Fiel"
2336,"CLI02336","PF - Premium","Digital","GO","7","2023-06-23","2024-07-14","4507.38","Fiel"
2604,"CLI02604","PF - Premium","Digital","RJ","7","2023-02-10","2024-10-22","10547.72","Fiel"
564,"CLI00564","PF - Premium","Recall","SP","7","2023-02-07","2024-05-17","12166.76","Fiel"
3274,"CLI03274","PF - Premium","CRM Ativo","SP","7","2023-06-10","2024-10-05","9931.60","Fiel"
2475,"CLI02475","PJ - Frota Pequena","Recall","PR","7","2023-05-29","2024-11-20","14717.59","Fiel"
584,"CLI00584","PF - Varejo","Digital","SP","7","2023-01-02","2024-08-24","10859.64","Fiel"
806,"CLI00806","PF - Varejo","Digital","RJ","7","2023-01-10","2024-12-27","6064.34","Fiel"
2371,"CLI02371","PF - Varejo","Indicação","PR","7","2023-01-04","2024-10-25","8062.09","Fiel"
1043,"CLI01043","PJ - Frota Pequena","Recall","SP","7","2023-03-05","2024-06-19","4434.63","Fiel"
3729,"CLI03729","PJ - Frota Pequena","Digital","CE","7","2023-05-06","2024-07-01","7595.57","Fiel"
3691,"CLI03691","PJ - Frota Pequena","Showroom","MG","7","2023-04-15","2024-12-11","14729.15","Fiel"
1903,"CLI01903","PJ - Frota Grande","Showroom","SP","7","2023-01-03","2024-09-08","7343.29","Fiel"
1790,"CLI01790","PF - Varejo","Showroom","CE","7","2023-02-13","2024-11-05","8350.14","Fiel"
2003,"CLI02003","PF - Varejo","Showroom","SP","7","2023-06-18","2024-11-01","3115.79","Fiel"
1577,"CLI01577","PF - Varejo","Indicação","BA","7","2023-02-26","2024-11-17","12571.85","Fiel"
1292,"CLI01292","PF - Varejo","Digital","BA","7","2023-03-18","2024-11-24","13754.19","Fiel"
915,"CLI00915","PF - Varejo","Showroom","SP","7","2023-03-20","2024-12-21","5588.75","Fiel"
2810,"CLI02810","PF - Varejo","Recall","MG","7","2023-02-19","2024-07-15","7529.38","Fiel"
2517,"CLI02517","PF - Varejo","Indicação","SP","7","2023-03-11","2024-07-26","8975.29","Fiel"
1491,"CLI01491","PF - Varejo","Recall","PE","7","2023-01-31","2024-12-27","7881.75","Fiel"
1181,"CLI01181","PF - Varejo","Indicação","SP","7","2023-10-07","2024-09-12","4384.95","Fiel"
1873,"CLI01873","PF - Varejo","Recall","GO","7","2023-01-25","2024-03-09","9511.77","Fiel"
619,"CLI00619","PJ - Frota Pequena","CRM Ativo","RJ","7","2023-02-13","2024-12-09","8636.84","Fiel"
3655,"CLI03655","PJ - Frota Pequena","Showroom","PR","7","2023-11-15","2024-11-27","5616.09","Fiel"
2931,"CLI02931","PF - Varejo","Indicação","SP","7","2023-02-22","2024-06-09","13189.74","Fiel"
1615,"CLI01615","PF - Varejo","Recall","SP","7","2023-05-19","2024-12-24","8271.88","Fiel"
3443,"CLI03443","PJ - Frota Pequena","Fidelização","DF","7","2023-03-21","2024-12-15","3461.83","Fiel"
159,"CLI00159","PF - Varejo","Recall","PR","7","2023-07-22","2024-10-23","10267.36","Fiel"
3780,"CLI03780","PJ - Frota Grande","Showroom","RJ","7","2023-03-24","2024-12-26","12130.52","Fiel"
1768,"CLI01768","PF - Varejo","Digital","PR","7","2023-02-27","2024-09-05","7393.79","Fiel"
3177,"CLI03177","PF - Varejo","Indicação","RJ","7","2023-03-23","2024-11-12","9319.24","Fiel"
2870,"CLI02870","PJ - Frota Pequena","Showroom","RJ","7","2023-02-19","2024-08-22","6836.27","Fiel"
554,"CLI00554","PF - Varejo","Indicação","SP","7","2023-04-11","2024-11-26","7667.81","Fiel"
3478,"CLI03478","PJ - Frota Grande","Recall","SP","7","2023-03-08","2024-12-16","4930.27","Fiel"
3825,"CLI03825","PJ - Frota Pequena","Indicação","SC","7","2023-01-22","2024-11-20","4876.87","Fiel"
2622,"CLI02622","PF - Varejo","Indicação","PR","7","2023-06-12","2024-10-20","9835.15","Fiel"
1604,"CLI01604","PF - Varejo","Indicação","MG","7","2023-08-08","2024-08-09","6682.66","Fiel"
2300,"CLI02300","PF - Premium","Digital","SP","7","2023-06-19","2024-10-18","2706.65","Fiel"
2160,"CLI02160","PF - Varejo","Indicação","MG","7","2023-01-03","2024-12-19","2103.50","Fiel"
2353,"CLI02353","PF - Varejo","Digital","RJ","7","2023-10-20","2024-12-29","8002.87","Fiel"
3218,"CLI03218","PJ - Frota Grande","Digital","SP","7","2023-02-17","2024-08-12","10565.68","Fiel"
1438,"CLI01438","PJ - Frota Pequena","Indicação","RJ","7","2023-03-16","2024-11-10","6271.72","Fiel"
3206,"CLI03206","PF - Varejo","CRM Ativo","SC","7","2023-11-05","2024-08-31","4951.71","Fiel"
197,"CLI00197","PF - Varejo","CRM Ativo","GO","7","2023-04-07","2024-04-14","5164.30","Fiel"
3436,"CLI03436","PF - Varejo","Indicação","PR","7","2023-01-04","2024-10-25","7191.29","Fiel"
2769,"CLI02769","PJ - Frota Pequena","Showroom","ES","7","2023-01-18","2024-08-22","6242.89","Fiel"
2646,"CLI02646","PF - Varejo","Recall","DF","7","2023-03-11","2024-07-29","2110.83","Fiel"
1201,"CLI01201","PF - Varejo","Showroom","SP","7","2023-02-21","2024-12-07","4379.60","Fiel"
2059,"CLI02059","PJ - Frota Grande","Recall","CE","7","2023-01-06","2024-11-24","6870.07","Fiel"
1196,"CLI01196","PF - Premium","Indicação","PE","7","2023-02-23","2024-12-18","7458.20","Fiel"
446,"CLI00446","PJ - Frota Pequena","Showroom","SP","7","2023-03-16","2024-10-03","4668.24","Fiel"
3359,"CLI03359","PF - Varejo","CRM Ativo","RJ","7","2023-03-22","2024-12-12","6158.43","Fiel"
1452,"CLI01452","PF - Premium","CRM Ativo","MG","7","2023-03-10","2024-05-02","8528.93","Fiel"
735,"CLI00735","PF - Varejo","Digital","ES","7","2023-01-15","2024-09-05","10097.28","Fiel"
1846,"CLI01846","PF - Varejo","Showroom","ES","7","2023-05-09","2024-12-01","3521.82","Fiel"
3072,"CLI03072","PJ - Frota Pequena","Recall","RS","7","2023-01-12","2024-06-28","3584.35","Fiel"
410,"CLI00410","PF - Premium","Fidelização","MG","7","2023-04-04","2024-11-15","8868.44","Fiel"
3338,"CLI03338","PF - Premium","Digital","PR","7","2023-05-05","2024-05-31","8653.16","Fiel"
3005,"CLI03005","PF - Varejo","Fidelização","MG","7","2023-01-21","2024-04-25","7524.20","Fiel"
3240,"CLI03240","PF - Premium","Indicação","PE","7","2023-02-03","2024-12-26","13132.90","Fiel"
597,"CLI00597","PF - Varejo","Showroom","SP","7","2023-09-22","2024-12-21","6357.52","Fiel"
2561,"CLI02561","PF - Varejo","Digital","RJ","7","2023-08-18","2024-08-27","5644.27","Fiel"
3045,"CLI03045","PJ - Frota Pequena","Indicação","CE","7","2023-01-15","2024-11-13","3144.29","Fiel"
2522,"CLI02522","PF - Varejo","Digital","SP","7","2023-03-06","2024-11-24","3123.25","Fiel"
709,"CLI00709","PF - Varejo","Indicação","SP","7","2023-02-17","2024-09-25","5628.23","Fiel"
3709,"CLI03709","PF - Premium","Recall","DF","7","2024-01-21","2024-12-04","10213.35","Fiel"
3281,"CLI03281","PJ - Frota Pequena","CRM Ativo","PR","7","2023-03-20","2024-09-05","18892.97","Fiel"
3425,"CLI03425","PJ - Frota Pequena","Indicação","SP","7","2023-06-07","2024-11-24","10082.82","Fiel"
2639,"CLI02639","PJ - Frota Grande","Indicação","GO","7","2023-03-28","2024-10-26","6882.15","Fiel"
2552,"CLI02552","PF - Varejo","Digital","RJ","7","2023-08-31","2024-09-28","8565.54","Fiel"
3130,"CLI03130","PF - Varejo","CRM Ativo","SP","7","2023-03-19","2024-10-23","6309.89","Fiel"
1506,"CLI01506","PJ - Frota Pequena","Indicação","MG","7","2023-03-10","2024-11-16","2946.05","Fiel"
367,"CLI00367","PF - Varejo","Indicação","RJ","7","2023-02-11","2024-06-29","4313.01","Fiel"
1696,"CLI01696","PJ - Frota Pequena","Showroom","MG","7","2023-05-20","2024-11-03","13830.16","Fiel"
1187,"CLI01187","PF - Varejo","Indicação","RJ","7","2023-05-17","2024-04-06","3608.99","Fiel"
513,"CLI00513","PJ - Frota Pequena","Fidelização","DF","7","2023-11-09","2024-08-25","7522.72","Fiel"
3238,"CLI03238","PF - Varejo","CRM Ativo","BA","7","2023-12-19","2024-12-24","6198.33","Fiel"
1716,"CLI01716","PJ - Frota Grande","Indicação","RJ","7","2023-03-09","2024-04-19","8716.59","Fiel"
167,"CLI00167","PF - Varejo","Digital","MG","7","2023-04-29","2024-12-15","6561.90","Fiel"
1704,"CLI01704","PF - Premium","Indicação","ES","7","2023-03-03","2024-02-03","9538.56","Fiel"
2216,"CLI02216","PF - Premium","Showroom","BA","7","2023-02-11","2024-09-12","6022.99","Fiel"
1562,"CLI01562","PF - Premium","Digital","PE","7","2023-01-11","2024-10-24","6554.61","Fiel"
894,"CLI00894","PF - Premium","Digital","RS","7","2023-02-18","2024-11-15","11438.78","Fiel"
2798,"CLI02798","PF - Varejo","Fidelização","SP","7","2023-06-09","2024-06-23","7892.00","Fiel"
1479,"CLI01479","PF - Varejo","Indicação","RJ","7","2023-02-19","2024-09-15","7776.54","Fiel"
2002,"CLI02002","PJ - Frota Pequena","Digital","RS","7","2023-01-09","2024-10-02","8327.57","Fiel"
334,"CLI00334","PF - Varejo","Digital","PR","7","2023-03-10","2024-11-12","3672.28","Fiel"
3723,"CLI03723","PF - Premium","Digital","SP","7","2023-02-06","2024-12-07","9079.36","Fiel"
2566,"CLI02566","PF - Varejo","Digital","SP","7","2023-03-01","2024-07-19","10674.18","Fiel"
1855,"CLI01855","PF - Varejo","Indicação","RS","7","2023-02-10","2024-12-17","7030.32","Fiel"
2516,"CLI02516","PF - Premium","Showroom","RJ","7","2023-03-22","2024-08-22","5304.40","Fiel"
3698,"CLI03698","PF - Varejo","Recall","MG","7","2023-01-07","2024-09-12","2709.28","Fiel"
3837,"CLI03837","PF - Varejo","Indicação","RS","7","2023-01-27","2024-09-14","3762.54","Fiel"
2137,"CLI02137","PF - Varejo","Digital","RJ","7","2023-01-17","2024-08-10","3254.62","Fiel"
46,"CLI00046","PF - Varejo","Indicação","RS","7","2023-01-08","2024-10-10","13804.12","Fiel"
2666,"CLI02666","PF - Varejo","Digital","SP","7","2023-09-05","2024-07-11","2397.51","Fiel"
260,"CLI00260","PJ - Frota Grande","Showroom","RJ","7","2023-04-27","2024-09-29","8644.08","Fiel"
1160,"CLI01160","PF - Premium","Digital","GO","7","2023-03-11","2024-11-30","7112.74","Fiel"
3873,"CLI03873","PJ - Frota Pequena","Digital","SP","7","2023-03-25","2024-08-13","13075.65","Fiel"
2823,"CLI02823","PJ - Frota Grande","CRM Ativo","CE","7","2023-08-10","2024-09-27","11673.24","Fiel"
405,"CLI00405","PJ - Frota Pequena","Digital","RS","7","2023-02-19","2024-12-27","4458.23","Fiel"
549,"CLI00549","PF - Varejo","Fidelização","SP","7","2023-08-04","2024-12-24","12112.46","Fiel"
2455,"CLI02455","PJ - Frota Grande","Digital","BA","7","2023-03-29","2023-11-13","4505.45","Fiel"
1858,"CLI01858","PF - Premium","Fidelização","ES","7","2023-04-16","2024-07-09","7634.70","Fiel"
130,"CLI00130","PF - Premium","Indicação","RS","7","2023-02-09","2024-11-24","3822.96","Fiel"
486,"CLI00486","PF - Premium","Indicação","RJ","7","2023-08-15","2024-11-26","9196.93","Fiel"
1528,"CLI01528","PF - Varejo","Indicação","SP","7","2023-04-01","2024-08-22","6888.57","Fiel"
623,"CLI00623","PF - Premium","Recall","PE","7","2023-01-19","2024-11-22","4799.24","Fiel"
2153,"CLI02153","PF - Varejo","Digital","GO","7","2023-04-16","2024-10-21","5730.16","Fiel"
1669,"CLI01669","PF - Varejo","Fidelização","RJ","7","2023-08-23","2024-10-05","11546.47","Fiel"
5,"CLI00005","PF - Varejo","Indicação","SC","7","2023-02-28","2024-10-24","6766.12","Fiel"
1123,"CLI01123","PF - Premium","Recall","RJ","7","2023-04-18","2024-11-27","5114.23","Fiel"
1251,"CLI01251","PF - Premium","Digital","SP","7","2023-07-29","2024-09-26","8815.72","Fiel"
2811,"CLI02811","PJ - Frota Pequena","Showroom","SP","7","2023-03-10","2024-10-29","7014.31","Fiel"
2271,"CLI02271","PF - Varejo","Indicação","GO","7","2023-02-16","2024-10-26","10152.04","Fiel"
2502,"CLI02502","PF - Premium","Indicação","ES","7","2023-06-13","2024-07-27","3382.96","Fiel"
2624,"CLI02624","PF - Premium","Showroom","BA","7","2023-03-08","2024-12-10","4279.46","Fiel"
3741,"CLI03741","PF - Varejo","Showroom","CE","7","2023-01-12","2024-10-29","13604.40","Fiel"
3369,"CLI03369","PF - Varejo","Digital","BA","7","2023-01-15","2024-10-09","12668.49","Fiel"
136,"CLI00136","PF - Premium","Digital","MG","7","2023-10-24","2024-06-20","11529.75","Fiel"
1322,"CLI01322","PJ - Frota Pequena","Digital","PR","7","2023-02-17","2024-12-23","4948.24","Fiel"
1761,"CLI01761","PF - Premium","Indicação","MG","7","2023-03-02","2024-06-10","10083.51","Fiel"
196,"CLI00196","PJ - Frota Pequena","CRM Ativo","PE","7","2023-04-20","2024-12-31","12058.15","Fiel"
1982,"CLI01982","PF - Varejo","CRM Ativo","SP","7","2023-04-19","2024-10-09","8955.66","Fiel"
2911,"CLI02911","PF - Varejo","Recall","GO","7","2023-02-11","2024-11-29","4500.84","Fiel"
576,"CLI00576","PJ - Frota Grande","Fidelização","SP","7","2023-03-02","2024-12-10","6117.12","Fiel"
2851,"CLI02851","PF - Varejo","Indicação","RS","7","2023-03-01","2024-12-06","7831.27","Fiel"
3127,"CLI03127","PF - Varejo","Indicação","RS","7","2023-01-27","2024-12-27","3919.12","Fiel"
3077,"CLI03077","PF - Varejo","Recall","ES","7","2023-02-01","2024-10-19","3586.78","Fiel"
3508,"CLI03508","PF - Premium","Indicação","DF","7","2023-05-29","2024-12-14","8929.20","Fiel"
3568,"CLI03568","PF - Varejo","Showroom","CE","7","2023-06-07","2024-12-16","15688.52","Fiel"
3566,"CLI03566","PF - Premium","Indicação","DF","7","2023-01-13","2024-07-30","5730.18","Fiel"
1611,"CLI01611","PF - Varejo","Digital","SP","7","2023-07-21","2024-11-04","12358.21","Fiel"
2644,"CLI02644","PF - Premium","Indicação","MG","7","2023-07-16","2024-12-22","8668.04","Fiel"
3556,"CLI03556","PF - Varejo","Indicação","CE","7","2023-04-03","2024-09-02","13202.17","Fiel"
3214,"CLI03214","PF - Premium","Digital","SP","7","2023-01-19","2024-10-27","7011.93","Fiel"
2850,"CLI02850","PF - Varejo","CRM Ativo","MG","6","2023-08-10","2024-12-02","7102.76","Fiel"
3936,"CLI03936","PF - Varejo","Recall","PR","6","2023-01-07","2024-09-08","14075.51","Fiel"
951,"CLI00951","PF - Varejo","Digital","MG","6","2023-04-23","2024-04-17","4354.31","Fiel"
2196,"CLI02196","PJ - Frota Pequena","Digital","CE","6","2023-02-03","2024-12-25","12301.37","Fiel"
1552,"CLI01552","PF - Varejo","Recall","SC","6","2023-03-06","2024-10-23","13048.96","Fiel"
3725,"CLI03725","PJ - Frota Grande","CRM Ativo","MG","6","2023-03-23","2024-12-02","9114.02","Fiel"
1811,"CLI01811","PF - Varejo","Indicação","RJ","6","2023-05-19","2024-11-28","12537.27","Fiel"
2469,"CLI02469","PF - Premium","Fidelização","SP","6","2023-02-28","2024-12-16","6396.02","Fiel"
173,"CLI00173","PF - Varejo","Digital","PE","6","2023-02-19","2024-08-23","5147.15","Fiel"
3150,"CLI03150","PJ - Frota Pequena","CRM Ativo","SP","6","2023-02-17","2024-09-25","5134.07","Fiel"
1004,"CLI01004","PJ - Frota Pequena","Showroom","PR","6","2023-03-19","2024-06-08","3986.63","Fiel"
3071,"CLI03071","PF - Varejo","Digital","PE","6","2023-08-07","2024-12-23","4222.00","Fiel"
3834,"CLI03834","PJ - Frota Grande","Digital","RJ","6","2023-01-30","2024-09-24","8757.46","Fiel"
3460,"CLI03460","PF - Varejo","Digital","SC","6","2023-09-21","2024-12-29","3935.41","Fiel"
3855,"CLI03855","PF - Varejo","Digital","PR","6","2023-03-26","2024-12-04","15019.58","Fiel"
307,"CLI00307","PF - Premium","Showroom","MG","6","2024-01-11","2024-10-15","6132.72","Fiel"
305,"CLI00305","PJ - Frota Pequena","Showroom","DF","6","2023-06-06","2024-12-25","3951.83","Fiel"
3068,"CLI03068","PF - Varejo","Digital","SC","6","2023-04-10","2024-10-09","7542.03","Fiel"
50,"CLI00050","PF - Premium","Indicação","RJ","6","2023-02-23","2023-11-26","10496.38","Fiel"
1942,"CLI01942","PF - Premium","Digital","SP","6","2023-06-07","2024-12-04","9775.58","Fiel"
1967,"CLI01967","PF - Varejo","Indicação","MG","6","2023-03-09","2024-09-24","4817.36","Fiel"
3046,"CLI03046","PF - Varejo","Fidelização","PR","6","2023-01-14","2024-11-26","10855.96","Fiel"
182,"CLI00182","PF - Premium","Indicação","PE","6","2023-01-03","2024-10-25","2324.00","Fiel"
1613,"CLI01613","PJ - Frota Grande","Showroom","PE","6","2023-02-23","2024-10-31","11506.45","Fiel"
2579,"CLI02579","PF - Varejo","Digital","DF","6","2023-08-05","2024-05-08","2125.57","Fiel"
3717,"CLI03717","PJ - Frota Grande","Showroom","MG","6","2023-05-04","2024-11-18","11006.15","Fiel"
3378,"CLI03378","PF - Varejo","Digital","SP","6","2023-04-11","2024-12-04","14772.25","Fiel"
3786,"CLI03786","PF - Varejo","Indicação","SP","6","2023-02-01","2024-11-08","10456.85","Fiel"
2925,"CLI02925","PJ - Frota Pequena","Digital","PR","6","2023-02-04","2024-12-11","3448.65","Fiel"
3107,"CLI03107","PF - Varejo","Fidelização","CE","6","2023-03-31","2024-12-11","8255.32","Fiel"
30,"CLI00030","PF - Varejo","Digital","RJ","6","2023-06-04","2024-11-30","1702.56","Fiel"
1678,"CLI01678","PF - Varejo","Indicação","PR","6","2023-03-07","2024-12-22","6808.12","Fiel"
209,"CLI00209","PF - Varejo","Recall","SP","6","2023-01-14","2024-03-26","6857.10","Fiel"
296,"CLI00296","PJ - Frota Pequena","Showroom","MG","6","2023-01-20","2024-03-18","6502.65","Fiel"
972,"CLI00972","PF - Varejo","Indicação","SP","6","2023-09-16","2024-12-31","5377.44","Fiel"
2864,"CLI02864","PJ - Frota Pequena","Digital","GO","6","2023-02-08","2024-09-13","11906.39","Fiel"
3689,"CLI03689","PF - Varejo","Digital","DF","6","2023-06-05","2024-10-02","3981.89","Fiel"
3499,"CLI03499","PF - Varejo","CRM Ativo","SP","6","2023-02-01","2024-08-11","5056.64","Fiel"
2736,"CLI02736","PF - Varejo","Indicação","PR","6","2023-02-13","2024-09-15","7236.58","Fiel"
2224,"CLI02224","PJ - Frota Pequena","Digital","PR","6","2023-05-11","2024-10-29","5892.54","Fiel"
2494,"CLI02494","PJ - Frota Grande","Digital","SP","6","2023-01-05","2024-05-21","7754.73","Fiel"
2498,"CLI02498","PF - Varejo","Digital","SP","6","2023-03-05","2024-10-31","2308.93","Fiel"
3675,"CLI03675","PF - Varejo","Digital","SP","6","2023-06-25","2024-08-28","3204.08","Fiel"
2894,"CLI02894","PF - Varejo","Indicação","RS","6","2023-05-08","2024-04-20","11255.63","Fiel"
462,"CLI00462","PJ - Frota Pequena","Fidelização","SP","6","2023-01-13","2024-09-24","4663.51","Fiel"
188,"CLI00188","PF - Varejo","Showroom","SP","6","2023-02-07","2024-10-26","10358.56","Fiel"
1878,"CLI01878","PF - Premium","Fidelização","BA","6","2023-07-15","2024-10-21","16057.11","Fiel"
1467,"CLI01467","PF - Varejo","Showroom","PR","6","2023-07-29","2024-06-20","6275.56","Fiel"
3908,"CLI03908","PF - Varejo","Showroom","SP","6","2023-03-06","2024-12-25","3043.26","Fiel"
2971,"CLI02971","PJ - Frota Pequena","Showroom","MG","6","2023-05-21","2024-11-11","6734.37","Fiel"
2695,"CLI02695","PJ - Frota Pequena","Indicação","PE","6","2023-02-08","2024-09-01","6003.15","Fiel"
2078,"CLI02078","PF - Varejo","Showroom","MG","6","2023-03-12","2024-09-19","14915.35","Fiel"
722,"CLI00722","PF - Varejo","Indicação","SP","6","2023-04-04","2024-12-29","8584.14","Fiel"
2010,"CLI02010","PF - Varejo","CRM Ativo","SP","6","2023-09-24","2024-11-24","5257.40","Fiel"
740,"CLI00740","PF - Varejo","Showroom","GO","6","2023-02-16","2024-07-04","5544.61","Fiel"
1663,"CLI01663","PF - Varejo","Indicação","DF","6","2023-05-26","2024-06-25","3416.48","Fiel"
78,"CLI00078","PF - Varejo","Indicação","SP","6","2023-02-14","2024-05-30","3936.15","Fiel"
3792,"CLI03792","PF - Premium","CRM Ativo","SP","6","2023-05-10","2024-03-30","4056.44","Fiel"
1998,"CLI01998","PF - Varejo","Showroom","CE","6","2023-05-20","2024-12-23","7257.79","Fiel"
2175,"CLI02175","PJ - Frota Pequena","Indicação","RJ","6","2023-02-06","2024-12-17","10496.46","Fiel"
713,"CLI00713","PF - Varejo","Showroom","MG","6","2023-04-08","2024-07-08","14620.47","Fiel"
701,"CLI00701","PJ - Frota Pequena","Showroom","SP","6","2023-01-10","2024-11-30","3454.84","Fiel"
2688,"CLI02688","PF - Varejo","Indicação","SP","6","2023-01-25","2024-11-06","7962.92","Fiel"
3000,"CLI03000","PF - Premium","Fidelização","ES","6","2023-07-07","2024-05-29","11022.45","Fiel"
3852,"CLI03852","PF - Varejo","Recall","ES","6","2023-08-11","2024-07-29","8087.55","Fiel"
535,"CLI00535","PF - Premium","Digital","DF","6","2023-05-11","2024-07-10","4967.29","Fiel"
3056,"CLI03056","PF - Varejo","Indicação","SP","6","2023-03-10","2024-12-17","2385.09","Fiel"
3117,"CLI03117","PJ - Frota Pequena","Fidelização","SP","6","2023-01-05","2024-04-06","3605.19","Fiel"
3441,"CLI03441","PF - Varejo","Showroom","SP","6","2023-03-17","2024-04-29","7164.90","Fiel"
2050,"CLI02050","PF - Varejo","Indicação","SC","6","2023-05-09","2024-11-21","4834.68","Fiel"
1293,"CLI01293","PJ - Frota Grande","Indicação","CE","6","2023-09-25","2024-12-16","7634.99","Fiel"
2312,"CLI02312","PF - Varejo","Digital","MG","6","2023-02-06","2024-12-25","4016.64","Fiel"
3079,"CLI03079","PF - Premium","Showroom","SP","6","2023-05-29","2024-10-15","21214.24","Fiel"
3269,"CLI03269","PF - Varejo","Digital","MG","6","2023-03-24","2024-12-05","7589.02","Fiel"
2939,"CLI02939","PF - Premium","Fidelização","RS","6","2023-06-21","2024-09-04","10826.22","Fiel"
2305,"CLI02305","PF - Premium","Showroom","BA","6","2023-01-13","2024-02-14","10450.61","Fiel"
544,"CLI00544","PJ - Frota Pequena","Digital","RJ","6","2023-02-26","2024-03-19","7941.08","Fiel"
2120,"CLI02120","PF - Varejo","Digital","ES","6","2023-06-17","2024-11-08","7655.99","Fiel"
606,"CLI00606","PF - Varejo","Digital","SP","6","2023-01-21","2024-08-13","5087.88","Fiel"
1667,"CLI01667","PF - Varejo","Showroom","SP","6","2023-03-29","2024-08-31","7369.64","Fiel"
614,"CLI00614","PJ - Frota Pequena","Indicação","CE","6","2023-03-12","2024-05-08","5834.88","Fiel"
2110,"CLI02110","PJ - Frota Grande","Digital","GO","6","2023-10-10","2024-12-18","8038.17","Fiel"
1752,"CLI01752","PF - Varejo","Showroom","RJ","6","2023-05-02","2024-11-28","3620.86","Fiel"
849,"CLI00849","PF - Premium","Indicação","SP","6","2023-04-05","2024-11-13","3966.96","Fiel"
2055,"CLI02055","PF - Premium","Indicação","RJ","6","2023-01-14","2024-12-15","4588.77","Fiel"
919,"CLI00919","PF - Premium","CRM Ativo","SP","6","2023-11-01","2024-12-26","5051.36","Fiel"
269,"CLI00269","PF - Varejo","Showroom","RJ","6","2023-02-08","2024-10-17","8048.58","Fiel"
1789,"CLI01789","PJ - Frota Pequena","Indicação","MG","6","2023-02-25","2024-11-28","5240.49","Fiel"
2690,"CLI02690","PF - Premium","Fidelização","BA","6","2023-03-08","2024-11-22","10822.82","Fiel"
3318,"CLI03318","PF - Varejo","Digital","SP","6","2023-05-29","2024-08-21","8034.67","Fiel"
844,"CLI00844","PJ - Frota Pequena","Indicação","PR","6","2023-04-16","2024-03-13","7066.34","Fiel"
2628,"CLI02628","PF - Varejo","Recall","MG","6","2023-07-19","2024-01-28","8804.55","Fiel"
1970,"CLI01970","PF - Varejo","Digital","GO","6","2023-03-22","2024-12-22","4745.52","Fiel"
538,"CLI00538","PJ - Frota Pequena","Indicação","GO","6","2023-03-20","2024-10-26","14367.10","Fiel"
2998,"CLI02998","PJ - Frota Pequena","Indicação","RS","6","2023-03-19","2024-08-22","8961.53","Fiel"
1965,"CLI01965","PF - Varejo","Digital","SC","6","2023-02-15","2023-11-29","4404.15","Fiel"
1005,"CLI01005","PF - Varejo","Digital","PR","6","2023-02-12","2024-08-10","7842.65","Fiel"
2845,"CLI02845","PF - Varejo","Fidelização","MG","6","2023-03-01","2023-08-18","15326.21","Fiel"
1654,"CLI01654","PF - Premium","Indicação","MG","6","2023-11-10","2024-12-09","4841.72","Fiel"
2190,"CLI02190","PJ - Frota Pequena","Digital","RS","6","2023-02-11","2024-08-11","7606.04","Fiel"
2344,"CLI02344","PF - Varejo","Digital","SP","6","2023-05-27","2024-11-01","9221.74","Fiel"
996,"CLI00996","PF - Varejo","Digital","RJ","6","2023-01-01","2024-02-20","8229.69","Fiel"
69,"CLI00069","PF - Varejo","Recall","SP","6","2023-01-07","2024-09-27","1392.82","Fiel"
2264,"CLI02264","PJ - Frota Pequena","Showroom","SP","6","2023-03-18","2024-09-06","4561.83","Fiel"
3587,"CLI03587","PJ - Frota Pequena","Fidelização","BA","6","2023-03-09","2024-09-17","4709.77","Fiel"
1338,"CLI01338","PJ - Frota Pequena","Digital","CE","6","2023-02-07","2024-09-02","4546.13","Fiel"
3584,"CLI03584","PF - Varejo","Fidelização","DF","6","2023-03-24","2024-09-09","15320.55","Fiel"
3588,"CLI03588","PF - Premium","CRM Ativo","GO","6","2023-01-21","2024-08-09","5956.54","Fiel"
2519,"CLI02519","PJ - Frota Pequena","Indicação","SP","6","2023-02-10","2024-06-24","8752.32","Fiel"
165,"CLI00165","PF - Varejo","Indicação","RS","6","2023-07-01","2024-07-13","5222.21","Fiel"
56,"CLI00056","PJ - Frota Grande","Digital","ES","6","2023-08-02","2024-12-19","3641.00","Fiel"
144,"CLI00144","PF - Varejo","Indicação","SP","6","2023-04-24","2024-10-22","5225.04","Fiel"
2499,"CLI02499","PF - Varejo","Indicação","SP","6","2024-03-23","2024-07-14","8577.28","Fiel"
3084,"CLI03084","PJ - Frota Pequena","Indicação","MG","6","2023-06-13","2024-11-24","11250.46","Fiel"
2058,"CLI02058","PF - Premium","Digital","DF","6","2023-07-17","2024-10-16","3190.45","Fiel"
2217,"CLI02217","PF - Varejo","Digital","GO","6","2023-02-08","2024-10-06","11066.42","Fiel"
3361,"CLI03361","PF - Premium","Digital","DF","6","2023-03-31","2024-08-29","14451.84","Fiel"
32,"CLI00032","PF - Varejo","Fidelização","SP","6","2023-03-06","2023-11-22","12367.45","Fiel"
2186,"CLI02186","PJ - Frota Pequena","Showroom","SP","6","2023-02-07","2024-09-05","7717.69","Fiel"
3267,"CLI03267","PF - Varejo","Indicação","RJ","6","2023-02-14","2024-10-17","11651.40","Fiel"
3993,"CLI03993","PF - Premium","CRM Ativo","SP","6","2023-01-25","2024-11-15","5315.29","Fiel"
3850,"CLI03850","PF - Premium","Indicação","BA","6","2023-01-21","2024-08-31","8008.20","Fiel"
2342,"CLI02342","PF - Premium","CRM Ativo","ES","6","2023-11-05","2024-12-10","6490.92","Fiel"
1759,"CLI01759","PF - Varejo","Fidelização","SC","6","2023-04-04","2024-11-03","11086.31","Fiel"
1064,"CLI01064","PF - Varejo","Indicação","RJ","6","2023-02-09","2024-11-07","5058.20","Fiel"
2795,"CLI02795","PF - Varejo","Recall","CE","6","2023-02-12","2024-10-09","4126.63","Fiel"
1994,"CLI01994","PF - Varejo","Fidelização","SP","6","2023-02-06","2024-12-23","8904.45","Fiel"
1171,"CLI01171","PF - Varejo","Showroom","SP","6","2023-02-01","2024-12-22","8317.67","Fiel"
3203,"CLI03203","PF - Varejo","Digital","RS","6","2023-03-31","2024-09-11","3776.09","Fiel"
1353,"CLI01353","PF - Varejo","Recall","BA","6","2023-02-22","2024-12-11","2887.96","Fiel"
2937,"CLI02937","PF - Varejo","Indicação","SP","6","2023-02-01","2024-12-01","3547.73","Fiel"
1031,"CLI01031","PF - Premium","Indicação","RJ","6","2023-01-23","2024-12-23","15282.68","Fiel"
842,"CLI00842","PF - Premium","Digital","SC","6","2023-06-21","2024-08-21","7944.31","Fiel"
1192,"CLI01192","PF - Varejo","Indicação","PE","6","2023-03-30","2024-08-25","9047.59","Fiel"
2206,"CLI02206","PJ - Frota Pequena","CRM Ativo","RS","6","2023-03-17","2024-10-17","3940.60","Fiel"
1717,"CLI01717","PF - Premium","Digital","SC","6","2023-04-25","2024-06-24","3482.29","Fiel"
960,"CLI00960","PF - Premium","Digital","SP","6","2023-10-17","2024-09-24","8841.10","Fiel"
2464,"CLI02464","PF - Varejo","Showroom","PR","6","2023-03-14","2024-05-27","4773.72","Fiel"
2947,"CLI02947","PF - Varejo","CRM Ativo","PE","6","2023-08-23","2024-11-25","8706.39","Fiel"
1542,"CLI01542","PF - Varejo","Showroom","RS","6","2023-05-16","2024-10-03","11137.48","Fiel"
2887,"CLI02887","PJ - Frota Pequena","Digital","MG","6","2023-02-16","2024-04-20","10122.21","Fiel"
1636,"CLI01636","PF - Varejo","Showroom","PR","6","2023-02-25","2024-10-24","8199.48","Fiel"
2493,"CLI02493","PJ - Frota Pequena","Indicação","DF","6","2023-08-04","2024-09-25","9249.77","Fiel"
3219,"CLI03219","PJ - Frota Pequena","Fidelização","SP","6","2023-03-09","2024-12-28","10645.92","Fiel"
3279,"CLI03279","PF - Varejo","Fidelização","SP","6","2023-05-11","2024-12-01","6901.09","Fiel"
1931,"CLI01931","PF - Premium","Indicação","BA","6","2023-07-11","2024-12-15","2764.16","Fiel"
3704,"CLI03704","PJ - Frota Pequena","Indicação","RJ","6","2023-01-10","2024-07-06","4470.18","Fiel"
203,"CLI00203","PF - Varejo","Digital","RJ","6","2023-09-03","2024-11-08","9199.88","Fiel"
2408,"CLI02408","PF - Varejo","Digital","PR","6","2023-01-17","2024-12-14","3774.84","Fiel"
2944,"CLI02944","PF - Varejo","Indicação","RJ","6","2024-03-09","2024-11-22","6350.54","Fiel"
988,"CLI00988","PJ - Frota Pequena","Digital","SC","6","2023-05-03","2024-11-07","6047.17","Fiel"
1534,"CLI01534","PJ - Frota Pequena","Indicação","GO","6","2023-05-18","2024-12-12","14207.40","Fiel"
202,"CLI00202","PF - Varejo","Indicação","MG","6","2023-04-03","2024-11-10","8087.99","Fiel"
2587,"CLI02587","PF - Premium","Digital","SC","6","2023-05-13","2024-10-18","7240.75","Fiel"
2588,"CLI02588","PF - Varejo","CRM Ativo","MG","6","2023-04-17","2024-12-19","4942.57","Fiel"
1555,"CLI01555","PF - Varejo","Digital","BA","6","2023-04-23","2024-11-27","7929.39","Fiel"
2927,"CLI02927","PF - Varejo","Showroom","SP","6","2023-06-07","2024-07-19","14481.39","Fiel"
666,"CLI00666","PF - Varejo","Indicação","RJ","6","2023-04-25","2024-12-21","10609.09","Fiel"
2213,"CLI02213","PF - Varejo","CRM Ativo","SP","6","2023-01-07","2024-10-30","4398.17","Fiel"
3839,"CLI03839","PJ - Frota Pequena","Fidelização","SP","6","2023-01-11","2024-11-11","6458.65","Fiel"
2039,"CLI02039","PJ - Frota Pequena","Indicação","SP","6","2023-02-07","2024-10-24","6147.27","Fiel"
2539,"CLI02539","PF - Varejo","Recall","BA","6","2023-04-01","2024-03-02","7973.89","Fiel"
3892,"CLI03892","PF - Varejo","Showroom","PR","6","2023-04-12","2024-12-24","3513.23","Fiel"
3039,"CLI03039","PF - Premium","Digital","SP","6","2023-03-20","2024-04-21","10457.35","Fiel"
3734,"CLI03734","PJ - Frota Pequena","Recall","RJ","6","2023-08-05","2024-11-26","13357.05","Fiel"
3230,"CLI03230","PF - Premium","Indicação","CE","6","2023-03-29","2024-11-21","5771.75","Fiel"
539,"CLI00539","PF - Premium","Showroom","MG","6","2023-02-11","2024-10-30","10043.45","Fiel"
3559,"CLI03559","PJ - Frota Grande","Indicação","SP","6","2023-02-24","2024-11-18","5299.07","Fiel"
2182,"CLI02182","PF - Varejo","Recall","SP","6","2023-01-29","2024-01-18","3705.38","Fiel"
417,"CLI00417","PJ - Frota Pequena","Indicação","MG","6","2023-02-16","2024-12-04","3269.43","Fiel"
1830,"CLI01830","PF - Varejo","Showroom","MG","6","2023-03-04","2023-11-07","4768.31","Fiel"
2040,"CLI02040","PF - Varejo","Indicação","ES","6","2023-06-25","2024-03-06","2503.94","Fiel"
3703,"CLI03703","PF - Varejo","Showroom","MG","6","2023-05-04","2024-07-20","8516.35","Fiel"
1289,"CLI01289","PF - Varejo","Digital","SC","6","2023-02-18","2024-10-05","8628.41","Fiel"
695,"CLI00695","PJ - Frota Grande","CRM Ativo","ES","6","2023-09-02","2024-11-06","17204.79","Fiel"
3954,"CLI03954","PF - Varejo","CRM Ativo","SC","6","2023-05-03","2024-06-10","4548.98","Fiel"
2553,"CLI02553","PF - Varejo","Showroom","PR","6","2023-02-10","2024-06-11","4874.91","Fiel"
1694,"CLI01694","PF - Varejo","Indicação","MG","6","2023-03-15","2024-11-18","2958.85","Fiel"
1614,"CLI01614","PF - Varejo","Digital","SP","6","2023-09-03","2024-04-13","2895.62","Fiel"
2921,"CLI02921","PF - Premium","CRM Ativo","ES","6","2023-06-11","2024-09-05","9181.09","Fiel"
803,"CLI00803","PF - Varejo","Digital","SP","6","2023-02-16","2024-07-31","2984.12","Fiel"
35,"CLI00035","PF - Premium","Recall","MG","6","2023-03-18","2024-12-25","6475.95","Fiel"
3244,"CLI03244","PJ - Frota Pequena","Digital","SP","6","2023-01-01","2024-06-20","5587.91","Fiel"
220,"CLI00220","PF - Varejo","Indicação","PR","6","2023-02-26","2024-11-15","6781.51","Fiel"
1913,"CLI01913","PF - Premium","Digital","PR","6","2023-07-04","2024-12-15","5685.69","Fiel"
747,"CLI00747","PF - Varejo","Digital","RJ","6","2023-11-10","2024-12-30","8142.22","Fiel"
2719,"CLI02719","PF - Varejo","Indicação","RJ","6","2023-06-21","2024-09-21","5845.05","Fiel"
496,"CLI00496","PJ - Frota Pequena","Digital","CE","6","2023-01-17","2024-11-26","8973.73","Fiel"
2803,"CLI02803","PF - Premium","Indicação","MG","6","2023-01-15","2024-10-04","3264.47","Fiel"
645,"CLI00645","PF - Varejo","Showroom","RJ","6","2023-06-07","2024-09-10","10490.12","Fiel"
1009,"CLI01009","PF - Varejo","Fidelização","ES","6","2023-02-13","2024-12-25","4980.25","Fiel"
1877,"CLI01877","PF - Varejo","Indicação","SP","6","2024-02-05","2024-11-20","10063.15","Fiel"
1170,"CLI01170","PF - Varejo","Showroom","PR","6","2023-07-11","2024-12-05","5789.17","Fiel"
2370,"CLI02370","PJ - Frota Pequena","Recall","PE","6","2023-01-21","2024-09-17","7509.34","Fiel"
2567,"CLI02567","PF - Varejo","Digital","SP","6","2023-03-01","2024-05-12","5914.60","Fiel"
1038,"CLI01038","PF - Premium","Fidelização","ES","6","2023-02-19","2024-11-09","5467.84","Fiel"
2273,"CLI02273","PF - Varejo","Digital","MG","6","2023-06-06","2024-10-30","11509.66","Fiel"
2745,"CLI02745","PF - Varejo","Recall","RJ","6","2023-03-20","2024-12-21","3784.22","Fiel"
1217,"CLI01217","PF - Premium","Digital","SP","6","2023-09-12","2024-10-10","10466.39","Fiel"
868,"CLI00868","PJ - Frota Pequena","Showroom","SP","6","2023-02-05","2024-07-06","5105.91","Fiel"
418,"CLI00418","PF - Varejo","Digital","SP","6","2023-09-10","2024-10-23","8508.82","Fiel"
3715,"CLI03715","PF - Varejo","Recall","MG","6","2023-01-12","2024-12-09","10616.55","Fiel"
39,"CLI00039","PF - Varejo","CRM Ativo","SP","6","2023-09-22","2024-11-23","7941.24","Fiel"
1837,"CLI01837","PJ - Frota Grande","Showroom","RS","6","2023-04-21","2024-03-18","6283.61","Fiel"
608,"CLI00608","PF - Varejo","Recall","SP","6","2023-03-27","2024-08-18","5109.17","Fiel"
2726,"CLI02726","PF - Varejo","Fidelização","MG","6","2024-02-07","2024-12-01","3169.86","Fiel"
463,"CLI00463","PJ - Frota Pequena","Showroom","PR","6","2023-02-07","2024-05-11","8700.79","Fiel"
3539,"CLI03539","PF - Premium","Indicação","SP","6","2023-03-27","2024-11-21","16595.48","Fiel"
3919,"CLI03919","PJ - Frota Pequena","Recall","MG","6","2023-03-21","2024-12-28","10956.85","Fiel"
3680,"CLI03680","PF - Premium","Fidelização","MG","6","2023-01-07","2024-05-08","4452.38","Fiel"
1179,"CLI01179","PF - Varejo","Digital","RS","6","2023-06-03","2024-10-23","4296.50","Fiel"
3845,"CLI03845","PF - Varejo","Fidelização","SP","6","2023-05-02","2024-11-22","6291.99","Fiel"
2936,"CLI02936","PF - Premium","Digital","SP","6","2023-05-04","2024-12-04","7738.38","Fiel"
967,"CLI00967","PF - Varejo","Showroom","MG","6","2023-02-22","2024-08-19","16360.95","Fiel"
3627,"CLI03627","PF - Varejo","Digital","ES","6","2023-01-25","2024-10-02","4575.30","Fiel"
2878,"CLI02878","PF - Varejo","Digital","DF","6","2023-05-13","2024-12-24","3864.22","Fiel"
3996,"CLI03996","PF - Varejo","Digital","SP","6","2023-03-03","2024-12-26","2119.77","Fiel"
2580,"CLI02580","PF - Premium","Indicação","BA","6","2023-02-08","2024-07-18","3890.50","Fiel"
48,"CLI00048","PF - Varejo","Showroom","SP","6","2023-01-08","2024-08-05","6915.75","Fiel"
3340,"CLI03340","PF - Varejo","Showroom","MG","6","2023-02-15","2024-11-16","5481.23","Fiel"
2032,"CLI02032","PF - Varejo","Digital","GO","6","2023-03-15","2024-08-14","7935.57","Fiel"
456,"CLI00456","PF - Varejo","Indicação","SP","6","2023-01-17","2024-10-17","10209.30","Fiel"
796,"CLI00796","PJ - Frota Pequena","Fidelização","BA","6","2023-06-27","2024-11-06","6881.81","Fiel"
1896,"CLI01896","PF - Premium","Indicação","RS","6","2023-06-09","2024-12-31","8493.21","Fiel"
1247,"CLI01247","PF - Varejo","Indicação","BA","6","2023-01-17","2024-11-14","12685.20","Fiel"
2731,"CLI02731","PF - Premium","Indicação","PE","6","2023-02-07","2024-11-09","4498.92","Fiel"
3420,"CLI03420","PJ - Frota Pequena","Showroom","MG","6","2023-02-10","2024-11-24","3148.98","Fiel"
2395,"CLI02395","PJ - Frota Pequena","Indicação","SP","6","2023-06-24","2024-10-25","4232.45","Fiel"
3791,"CLI03791","PF - Premium","Digital","MG","6","2023-06-14","2024-10-27","13791.53","Fiel"
233,"CLI00233","PJ - Frota Grande","Digital","RJ","6","2023-04-16","2024-12-16","9143.25","Fiel"
2854,"CLI02854","PJ - Frota Grande","Fidelização","CE","6","2023-03-31","2024-12-27","11743.84","Fiel"
1115,"CLI01115","PF - Varejo","Recall","PR","6","2023-03-01","2024-07-26","2352.44","Fiel"
2950,"CLI02950","PF - Premium","Digital","CE","6","2023-02-07","2024-12-04","12162.74","Fiel"
1137,"CLI01137","PJ - Frota Pequena","Digital","RS","6","2023-04-20","2024-08-06","6596.90","Fiel"
2421,"CLI02421","PF - Varejo","Indicação","MG","6","2023-01-23","2024-05-18","4553.39","Fiel"
3891,"CLI03891","PF - Varejo","Indicação","RJ","6","2023-08-18","2024-07-13","8638.91","Fiel"
2786,"CLI02786","PF - Premium","Indicação","SP","6","2023-01-13","2024-11-17","4442.50","Fiel"
3933,"CLI03933","PF - Varejo","Fidelização","GO","6","2023-01-06","2024-08-10","7929.87","Fiel"
684,"CLI00684","PJ - Frota Pequena","Showroom","SP","6","2023-01-07","2024-12-02","7987.66","Fiel"
916,"CLI00916","PF - Premium","CRM Ativo","RJ","6","2023-03-15","2024-09-05","8998.64","Fiel"
2873,"CLI02873","PF - Varejo","Showroom","RS","6","2023-03-12","2023-12-01","8822.38","Fiel"
3622,"CLI03622","PF - Premium","CRM Ativo","CE","6","2023-03-21","2024-10-21","3074.89","Fiel"
1132,"CLI01132","PJ - Frota Pequena","CRM Ativo","SP","6","2023-05-20","2024-10-05","12815.60","Fiel"
26,"CLI00026","PF - Varejo","Fidelização","DF","6","2023-05-02","2024-11-14","6261.32","Fiel"
3312,"CLI03312","PJ - Frota Pequena","Indicação","RJ","6","2023-02-10","2024-12-08","8699.72","Fiel"
3618,"CLI03618","PF - Varejo","Showroom","RJ","6","2023-03-01","2024-10-24","8990.79","Fiel"
3974,"CLI03974","PF - Premium","Fidelização","CE","6","2023-01-12","2024-05-10","9403.57","Fiel"
2935,"CLI02935","PF - Varejo","Recall","SP","6","2023-01-13","2024-11-23","4766.21","Fiel"
2861,"CLI02861","PF - Varejo","Indicação","RS","6","2023-02-06","2024-09-18","4630.66","Fiel"
1298,"CLI01298","PJ - Frota Pequena","Digital","PR","6","2023-02-26","2024-12-04","2646.86","Fiel"
574,"CLI00574","PF - Varejo","Digital","RJ","6","2023-01-07","2024-08-24","6160.64","Fiel"
1496,"CLI01496","PJ - Frota Grande","Digital","SP","6","2023-03-19","2024-10-15","12173.29","Fiel"
45,"CLI00045","PF - Varejo","Indicação","SC","6","2023-01-12","2024-04-20","9235.26","Fiel"
2508,"CLI02508","PF - Varejo","Digital","MG","6","2023-10-11","2024-12-17","6087.23","Fiel"
2619,"CLI02619","PF - Premium","Digital","SP","6","2023-02-07","2024-08-24","1583.28","Fiel"
975,"CLI00975","PF - Varejo","Showroom","SP","6","2023-10-10","2024-09-22","4774.19","Fiel"
2558,"CLI02558","PF - Varejo","CRM Ativo","SP","6","2023-09-06","2024-12-11","9862.36","Fiel"
3738,"CLI03738","PF - Varejo","Indicação","PR","6","2023-02-12","2024-12-04","2472.13","Fiel"
2364,"CLI02364","PJ - Frota Pequena","Digital","SP","6","2023-02-03","2024-09-04","11204.20","Fiel"
2399,"CLI02399","PJ - Frota Grande","Showroom","SP","6","2023-01-25","2024-05-25","4891.82","Fiel"
671,"CLI00671","PJ - Frota Pequena","Indicação","SP","6","2023-02-26","2024-10-16","8260.58","Fiel"
912,"CLI00912","PF - Varejo","Indicação","SP","6","2023-10-08","2024-11-27","9532.04","Fiel"
938,"CLI00938","PJ - Frota Pequena","Showroom","PE","6","2023-01-03","2024-10-25","7876.17","Fiel"
1067,"CLI01067","PJ - Frota Pequena","Digital","SP","6","2023-02-18","2023-08-31","6774.14","Fiel"
3868,"CLI03868","PF - Varejo","Digital","GO","6","2023-02-26","2024-08-18","4863.85","Fiel"
3955,"CLI03955","PJ - Frota Grande","Digital","RJ","6","2023-05-29","2024-11-07","4223.35","Fiel"
1468,"CLI01468","PF - Varejo","Digital","SP","6","2023-03-30","2024-09-19","6953.69","Fiel"
2910,"CLI02910","PJ - Frota Grande","Recall","CE","6","2023-10-11","2024-11-23","7454.40","Fiel"
2439,"CLI02439","PJ - Frota Grande","Digital","PR","6","2023-04-03","2024-09-20","4201.25","Fiel"
2618,"CLI02618","PF - Varejo","Recall","SP","6","2023-04-18","2024-10-09","11590.89","Fiel"
1381,"CLI01381","PF - Varejo","Indicação","SP","6","2023-01-30","2024-09-27","3536.76","Fiel"
381,"CLI00381","PF - Varejo","Fidelização","PR","6","2023-01-03","2024-11-15","11392.02","Fiel"
1117,"CLI01117","PF - Premium","Digital","BA","6","2023-02-02","2024-12-29","10012.49","Fiel"
1102,"CLI01102","PJ - Frota Pequena","Showroom","PR","6","2023-03-14","2024-12-27","6402.84","Fiel"
2915,"CLI02915","PF - Varejo","Digital","SP","6","2023-08-14","2024-10-28","3631.61","Fiel"
2818,"CLI02818","PJ - Frota Pequena","Indicação","SP","6","2023-03-13","2024-12-05","2678.98","Fiel"
1740,"CLI01740","PF - Premium","CRM Ativo","GO","6","2023-09-20","2024-07-25","5346.20","Fiel"
1835,"CLI01835","PF - Varejo","Digital","DF","6","2023-08-09","2024-07-15","7054.18","Fiel"
2496,"CLI02496","PJ - Frota Pequena","Indicação","RS","6","2023-06-15","2024-08-28","10906.97","Fiel"
3209,"CLI03209","PF - Premium","Digital","SP","6","2023-03-23","2024-08-17","3536.49","Fiel"
2457,"CLI02457","PF - Premium","Recall","ES","6","2023-09-04","2024-11-14","3317.62","Fiel"
622,"CLI00622","PJ - Frota Pequena","Indicação","SC","6","2023-05-21","2024-03-23","5251.91","Fiel"
388,"CLI00388","PJ - Frota Pequena","Indicação","SP","6","2023-05-23","2024-08-26","5761.43","Fiel"
2378,"CLI02378","PJ - Frota Pequena","Digital","MG","6","2023-03-16","2024-10-31","8034.31","Fiel"
3740,"CLI03740","PF - Varejo","CRM Ativo","RJ","6","2023-02-02","2024-12-07","8874.35","Fiel"
895,"CLI00895","PF - Premium","Indicação","SP","6","2023-08-29","2024-08-06","6557.62","Fiel"
2462,"CLI02462","PF - Varejo","Digital","MG","6","2023-02-05","2024-11-08","7643.91","Fiel"
3496,"CLI03496","PJ - Frota Grande","Digital","PR","6","2023-04-22","2024-07-14","8988.71","Fiel"
2261,"CLI02261","PF - Varejo","Digital","MG","6","2023-01-13","2024-11-04","9647.77","Fiel"
342,"CLI00342","PF - Varejo","Indicação","SP","6","2023-03-07","2024-10-12","7319.76","Fiel"
2955,"CLI02955","PF - Premium","Fidelização","RS","6","2023-02-23","2024-09-21","8028.31","Fiel"
2118,"CLI02118","PJ - Frota Grande","Indicação","ES","6","2023-02-03","2024-08-18","6282.07","Fiel"
2317,"CLI02317","PF - Varejo","Digital","PR","6","2023-02-28","2024-03-19","3663.90","Fiel"
2184,"CLI02184","PF - Varejo","Indicação","MG","6","2023-02-08","2024-02-19","4663.39","Fiel"
2515,"CLI02515","PF - Premium","Showroom","MG","6","2023-02-04","2024-09-11","2749.43","Fiel"
1033,"CLI01033","PF - Varejo","Digital","SP","6","2023-02-20","2024-09-17","16413.17","Fiel"
425,"CLI00425","PF - Varejo","Digital","SP","6","2024-04-29","2024-12-20","11197.41","Fiel"
653,"CLI00653","PF - Varejo","Showroom","RS","6","2023-03-14","2024-11-08","4143.91","Fiel"
2964,"CLI02964","PF - Varejo","Recall","DF","6","2023-01-25","2024-12-31","11029.84","Fiel"
3265,"CLI03265","PF - Varejo","Digital","BA","6","2023-03-18","2024-10-27","14727.65","Fiel"
433,"CLI00433","PF - Varejo","CRM Ativo","GO","6","2023-02-07","2024-08-22","7150.24","Fiel"
364,"CLI00364","PJ - Frota Pequena","Showroom","MG","6","2023-02-27","2024-12-24","5367.43","Fiel"
998,"CLI00998","PF - Varejo","Recall","SP","6","2023-03-28","2024-08-13","4475.16","Fiel"
3829,"CLI03829","PF - Varejo","Digital","SP","6","2023-03-20","2023-12-25","11696.64","Fiel"
3546,"CLI03546","PF - Premium","Digital","DF","6","2023-06-29","2024-08-15","5222.21","Fiel"
311,"CLI00311","PF - Varejo","Digital","MG","6","2023-04-11","2024-07-04","4093.30","Fiel"
103,"CLI00103","PF - Varejo","Indicação","BA","6","2023-02-07","2024-10-27","9904.88","Fiel"
1252,"CLI01252","PF - Varejo","Digital","MG","6","2023-03-27","2024-10-17","5228.36","Fiel"
3448,"CLI03448","PF - Varejo","Recall","SP","6","2023-01-03","2024-08-17","8138.21","Fiel"
291,"CLI00291","PJ - Frota Grande","Showroom","SP","6","2023-07-12","2024-08-19","5278.81","Fiel"
61,"CLI00061","PJ - Frota Pequena","Showroom","BA","6","2023-11-11","2024-11-02","11452.00","Fiel"
3615,"CLI03615","PF - Premium","Indicação","RJ","6","2023-05-31","2024-05-22","11348.52","Fiel"
3272,"CLI03272","PF - Varejo","Indicação","MG","6","2023-03-01","2024-10-15","10546.64","Fiel"
3049,"CLI03049","PF - Premium","Indicação","RJ","6","2023-04-04","2024-04-19","7226.23","Fiel"
2279,"CLI02279","PF - Varejo","Digital","PR","6","2023-06-27","2024-10-20","2663.61","Fiel"
3119,"CLI03119","PF - Premium","Showroom","DF","6","2023-01-31","2024-07-20","12870.46","Fiel"
2237,"CLI02237","PF - Varejo","Indicação","PR","6","2023-04-15","2024-11-28","10494.47","Fiel"
2154,"CLI02154","PF - Varejo","Recall","PR","6","2023-07-14","2024-12-28","13776.49","Fiel"
3161,"CLI03161","PF - Varejo","Fidelização","CE","6","2023-02-06","2024-08-01","5805.43","Fiel"
3439,"CLI03439","PF - Premium","Showroom","BA","6","2023-11-27","2024-10-15","9334.75","Fiel"
1618,"CLI01618","PF - Varejo","CRM Ativo","SP","6","2023-02-08","2024-11-06","9171.63","Fiel"
3684,"CLI03684","PF - Premium","Showroom","SP","6","2023-04-13","2024-12-29","10678.09","Fiel"
1392,"CLI01392","PF - Premium","Digital","MG","6","2023-02-07","2024-10-11","4581.69","Fiel"
2860,"CLI02860","PF - Varejo","Recall","RJ","6","2023-02-05","2024-11-16","8021.21","Fiel"
504,"CLI00504","PF - Varejo","Indicação","SP","6","2023-01-28","2024-10-02","11117.40","Fiel"
547,"CLI00547","PJ - Frota Grande","Showroom","GO","6","2023-07-28","2024-07-18","12671.65","Fiel"
818,"CLI00818","PF - Premium","CRM Ativo","SP","6","2023-08-24","2024-11-30","5170.70","Fiel"
2834,"CLI02834","PJ - Frota Grande","Showroom","PR","6","2023-01-15","2024-12-10","3853.75","Fiel"
404,"CLI00404","PF - Varejo","CRM Ativo","PE","6","2023-08-07","2024-10-26","11136.66","Fiel"
882,"CLI00882","PF - Premium","Fidelização","SP","6","2023-02-03","2024-07-27","7211.93","Fiel"
3024,"CLI03024","PJ - Frota Pequena","Showroom","CE","6","2023-07-22","2024-12-07","5563.30","Fiel"
1225,"CLI01225","PJ - Frota Pequena","Recall","SC","6","2023-03-10","2024-08-19","9192.02","Fiel"
150,"CLI00150","PF - Varejo","Digital","MG","6","2023-08-06","2024-11-01","5131.26","Fiel"
3225,"CLI03225","PF - Varejo","Digital","PE","6","2023-01-02","2024-12-30","2658.12","Fiel"
520,"CLI00520","PF - Premium","Indicação","BA","6","2023-03-07","2024-07-29","5996.53","Fiel"
1560,"CLI01560","PJ - Frota Pequena","Indicação","ES","6","2023-02-05","2024-06-20","4572.83","Fiel"
70,"CLI00070","PF - Premium","Digital","RS","6","2023-01-10","2024-12-29","13981.16","Fiel"
1898,"CLI01898","PF - Varejo","Indicação","MG","6","2023-06-27","2024-10-02","9361.76","Fiel"
758,"CLI00758","PF - Varejo","Showroom","ES","6","2023-05-01","2024-11-29","4324.72","Fiel"
2425,"CLI02425","PF - Varejo","Showroom","BA","6","2023-04-05","2024-08-24","9094.93","Fiel"
2038,"CLI02038","PF - Varejo","Recall","RJ","6","2023-05-02","2024-08-29","12882.58","Fiel"
1372,"CLI01372","PF - Varejo","Indicação","PE","6","2023-06-19","2024-10-22","15338.39","Fiel"
3093,"CLI03093","PJ - Frota Pequena","Fidelização","RJ","6","2023-06-01","2024-12-04","6670.57","Fiel"
3476,"CLI03476","PF - Varejo","Indicação","SP","6","2023-09-16","2024-12-01","14930.79","Fiel"
1104,"CLI01104","PJ - Frota Pequena","CRM Ativo","SP","6","2023-04-25","2024-10-20","4602.75","Fiel"
3186,"CLI03186","PF - Premium","Recall","PE","6","2023-10-28","2024-12-25","7498.83","Fiel"
1078,"CLI01078","PF - Premium","Digital","SP","6","2023-02-18","2024-10-13","3698.50","Fiel"
637,"CLI00637","PJ - Frota Grande","Digital","SC","6","2023-01-14","2024-11-25","3949.51","Fiel"
3921,"CLI03921","PF - Varejo","Digital","SP","6","2023-01-07","2024-07-21","13046.19","Fiel"
3432,"CLI03432","PF - Varejo","Indicação","SP","6","2023-05-08","2024-03-28","5315.50","Fiel"
3422,"CLI03422","PJ - Frota Pequena","Digital","SP","6","2023-04-20","2024-10-14","4529.65","Fiel"
1828,"CLI01828","PF - Premium","Digital","SP","6","2023-05-12","2024-10-26","6001.76","Fiel"
3981,"CLI03981","PF - Premium","Indicação","RS","6","2023-09-06","2024-10-18","5584.52","Fiel"
3417,"CLI03417","PJ - Frota Pequena","Digital","SP","6","2023-07-10","2024-11-15","4754.71","Fiel"
1779,"CLI01779","PF - Premium","Showroom","SP","6","2023-02-28","2024-08-22","5591.27","Fiel"
1050,"CLI01050","PF - Premium","Fidelização","GO","6","2023-06-23","2024-12-18","8022.07","Fiel"
1523,"CLI01523","PF - Premium","Digital","BA","6","2023-03-12","2024-10-05","11915.75","Fiel"
97,"CLI00097","PF - Varejo","Digital","PE","6","2023-04-09","2024-09-09","9788.56","Fiel"
3998,"CLI03998","PJ - Frota Grande","Indicação","PR","6","2023-01-16","2024-12-07","6199.48","Fiel"
567,"CLI00567","PF - Varejo","Recall","RJ","6","2023-05-19","2024-11-28","3744.46","Fiel"
3289,"CLI03289","PF - Varejo","Digital","MG","6","2023-03-13","2024-11-14","7040.40","Fiel"
1336,"CLI01336","PJ - Frota Grande","Recall","RJ","6","2023-02-13","2024-05-27","3504.97","Fiel"
3526,"CLI03526","PJ - Frota Pequena","Showroom","SP","6","2023-03-04","2024-12-14","4016.54","Fiel"
409,"CLI00409","PF - Varejo","Digital","MG","6","2023-03-16","2024-11-26","7426.75","Fiel"
3660,"CLI03660","PJ - Frota Pequena","Digital","MG","6","2023-01-10","2024-12-09","8007.86","Fiel"
2345,"CLI02345","PF - Varejo","Recall","RJ","6","2023-04-08","2024-07-13","3744.32","Fiel"
3073,"CLI03073","PF - Varejo","Showroom","SP","6","2023-02-17","2024-05-01","10110.31","Fiel"
2682,"CLI02682","PF - Varejo","Digital","PR","6","2023-04-15","2024-11-09","5861.05","Fiel"
2594,"CLI02594","PF - Premium","Digital","MG","6","2023-01-20","2024-12-20","9385.62","Fiel"
393,"CLI00393","PF - Varejo","Showroom","PR","6","2023-10-25","2024-11-07","4762.17","Fiel"
469,"CLI00469","PF - Varejo","Digital","CE","6","2023-04-25","2024-05-27","6514.11","Fiel"
2782,"CLI02782","PJ - Frota Pequena","Indicação","PR","6","2023-03-15","2024-08-13","5053.96","Fiel"
270,"CLI00270","PJ - Frota Grande","Fidelização","PE","6","2023-02-19","2024-08-05","13761.88","Fiel"
2447,"CLI02447","PF - Premium","Indicação","GO","6","2023-03-18","2024-08-18","4042.97","Fiel"
3398,"CLI03398","PF - Varejo","Digital","BA","6","2023-03-05","2024-09-09","5089.40","Fiel"
2654,"CLI02654","PJ - Frota Pequena","Showroom","SP","6","2023-02-04","2024-10-04","11033.32","Fiel"
3351,"CLI03351","PJ - Frota Pequena","Digital","CE","6","2023-01-15","2024-08-09","5200.39","Fiel"
870,"CLI00870","PJ - Frota Pequena","CRM Ativo","SP","6","2023-03-04","2024-12-07","14791.63","Fiel"
711,"CLI00711","PF - Premium","Digital","CE","6","2023-02-25","2024-10-13","14059.44","Fiel"
280,"CLI00280","PF - Varejo","Showroom","PR","6","2023-04-17","2024-06-07","5204.66","Fiel"
3243,"CLI03243","PF - Varejo","Digital","PE","6","2023-08-16","2024-07-17","7922.90","Fiel"
650,"CLI00650","PJ - Frota Pequena","Digital","SC","6","2023-09-03","2024-11-02","5720.77","Fiel"
3517,"CLI03517","PF - Premium","CRM Ativo","RJ","6","2023-03-09","2024-10-29","5793.27","Fiel"
1086,"CLI01086","PF - Premium","Indicação","MG","6","2023-06-17","2024-11-03","5755.38","Fiel"
3396,"CLI03396","PF - Varejo","Digital","RS","6","2023-04-09","2024-12-29","5770.37","Fiel"
1374,"CLI01374","PJ - Frota Pequena","Indicação","RS","6","2023-01-20","2024-11-06","2393.09","Fiel"
1864,"CLI01864","PF - Varejo","Fidelização","MG","6","2023-01-31","2024-12-13","6129.95","Fiel"
621,"CLI00621","PF - Varejo","Fidelização","MG","6","2023-04-08","2024-11-04","4673.29","Fiel"
3623,"CLI03623","PF - Varejo","Digital","SP","6","2023-08-27","2024-10-19","9287.19","Fiel"
2387,"CLI02387","PJ - Frota Pequena","Digital","SP","6","2023-07-20","2024-11-24","3068.98","Fiel"
3899,"CLI03899","PJ - Frota Pequena","CRM Ativo","MG","6","2023-01-02","2023-11-06","5675.02","Fiel"
1775,"CLI01775","PF - Varejo","Digital","DF","6","2023-05-10","2024-09-28","9370.08","Fiel"
2653,"CLI02653","PF - Varejo","Digital","PE","6","2023-06-07","2024-12-05","3246.97","Fiel"
1630,"CLI01630","PJ - Frota Pequena","CRM Ativo","SP","6","2023-06-06","2024-08-07","5972.34","Fiel"
2346,"CLI02346","PF - Varejo","Indicação","MG","6","2023-01-23","2024-03-24","8361.39","Fiel"
286,"CLI00286","PJ - Frota Pequena","Fidelização","MG","6","2023-02-16","2024-07-22","4942.25","Fiel"
2603,"CLI02603","PF - Varejo","Fidelização","RJ","6","2023-03-26","2024-12-29","5129.06","Fiel"
1863,"CLI01863","PF - Premium","Digital","MG","6","2023-03-13","2023-12-24","12500.96","Fiel"
2187,"CLI02187","PF - Varejo","Digital","SP","6","2023-02-28","2024-04-30","9080.29","Fiel"
3347,"CLI03347","PJ - Frota Pequena","Indicação","SP","6","2023-06-22","2024-05-28","8191.80","Fiel"
3055,"CLI03055","PF - Varejo","Fidelização","PE","6","2023-01-13","2024-03-20","10494.27","Fiel"
1943,"CLI01943","PF - Premium","Showroom","SP","6","2023-03-14","2024-12-28","10415.99","Fiel"
2940,"CLI02940","PF - Premium","Showroom","BA","6","2023-09-06","2024-12-11","3349.98","Fiel"
1568,"CLI01568","PF - Varejo","Fidelização","SC","6","2023-03-02","2024-10-10","7917.04","Fiel"
123,"CLI00123","PJ - Frota Pequena","Indicação","SP","6","2023-10-16","2024-12-03","6339.19","Fiel"
3305,"CLI03305","PF - Varejo","Indicação","BA","6","2023-08-24","2024-12-30","5659.13","Fiel"
492,"CLI00492","PJ - Frota Pequena","Showroom","SP","6","2023-03-24","2024-11-12","1847.43","Fiel"
208,"CLI00208","PJ - Frota Pequena","Indicação","SP","6","2023-01-09","2024-12-01","4495.01","Fiel"
24,"CLI00024","PF - Varejo","Fidelização","MG","6","2023-02-24","2024-12-12","12692.80","Fiel"
3299,"CLI03299","PF - Premium","Fidelização","RJ","6","2023-03-21","2024-08-04","4616.16","Fiel"
1683,"CLI01683","PF - Varejo","Indicação","MG","6","2023-01-15","2024-11-26","8088.48","Fiel"
3231,"CLI03231","PF - Varejo","Digital","SP","6","2023-03-10","2024-11-12","7800.04","Fiel"
1096,"CLI01096","PF - Premium","CRM Ativo","SP","6","2023-01-15","2024-07-25","7969.58","Fiel"
3652,"CLI03652","PF - Varejo","Fidelização","CE","6","2023-06-06","2024-08-30","3731.43","Fiel"
125,"CLI00125","PF - Varejo","CRM Ativo","DF","6","2023-04-07","2024-12-31","5452.27","Fiel"
3985,"CLI03985","PJ - Frota Pequena","Recall","SP","6","2023-01-30","2024-11-04","5242.63","Fiel"
1426,"CLI01426","PF - Premium","Indicação","SP","6","2023-02-14","2024-03-25","4188.16","Fiel"
43,"CLI00043","PF - Premium","Digital","RJ","6","2023-01-05","2024-07-09","2951.52","Fiel"
3237,"CLI03237","PF - Varejo","Digital","PE","6","2023-03-02","2024-03-30","7408.52","Fiel"
1687,"CLI01687","PF - Varejo","Indicação","DF","6","2023-02-06","2024-12-16","4127.06","Fiel"
3619,"CLI03619","PF - Varejo","Digital","MG","6","2023-01-06","2024-03-23","8819.73","Fiel"
242,"CLI00242","PJ - Frota Pequena","Showroom","BA","6","2024-03-21","2024-11-15","13266.14","Fiel"
1232,"CLI01232","PJ - Frota Pequena","Digital","SP","6","2023-02-13","2024-03-12","11022.97","Fiel"
1543,"CLI01543","PJ - Frota Grande","Showroom","SP","6","2023-10-13","2024-08-16","3650.42","Fiel"
631,"CLI00631","PF - Varejo","Indicação","RJ","6","2023-09-11","2024-11-01","10636.20","Fiel"
107,"CLI00107","PF - Varejo","Showroom","PR","6","2023-02-25","2024-11-16","2712.71","Fiel"
1628,"CLI01628","PF - Varejo","Indicação","SP","6","2023-01-28","2024-11-14","3203.33","Fiel"
2351,"CLI02351","PJ - Frota Pequena","Digital","DF","6","2023-03-11","2024-10-08","4956.97","Fiel"
661,"CLI00661","PF - Varejo","Indicação","RS","6","2023-02-17","2024-11-16","7121.30","Fiel"
1653,"CLI01653","PF - Premium","Recall","RJ","6","2023-06-27","2024-07-22","4838.66","Fiel"
523,"CLI00523","PJ - Frota Pequena","Showroom","SP","6","2023-08-20","2024-11-02","9497.14","Fiel"
3988,"CLI03988","PF - Premium","Showroom","DF","6","2023-06-22","2024-10-20","10552.17","Fiel"
896,"CLI00896","PF - Varejo","Fidelização","RJ","6","2023-01-15","2024-10-17","9978.69","Fiel"
3292,"CLI03292","PJ - Frota Grande","Fidelização","RJ","6","2023-03-27","2024-10-15","6801.23","Fiel"
985,"CLI00985","PF - Varejo","Indicação","PR","6","2023-02-24","2024-10-20","11408.79","Fiel"
2551,"CLI02551","PF - Premium","Showroom","CE","6","2023-02-01","2024-10-02","7139.45","Fiel"
1112,"CLI01112","PJ - Frota Pequena","Fidelização","ES","6","2023-01-03","2024-12-08","13657.56","Fiel"
3483,"CLI03483","PJ - Frota Pequena","CRM Ativo","BA","6","2023-03-10","2024-12-01","15996.23","Fiel"
304,"CLI00304","PF - Varejo","CRM Ativo","SP","6","2023-05-15","2024-12-29","7303.31","Fiel"
2772,"CLI02772","PF - Premium","Recall","SP","6","2023-01-26","2024-12-13","2389.65","Fiel"
408,"CLI00408","PF - Varejo","Indicação","PE","6","2023-06-29","2024-12-30","6653.09","Fiel"
2611,"CLI02611","PF - Varejo","Digital","RJ","6","2023-03-05","2024-08-30","7371.68","Fiel"
1384,"CLI01384","PJ - Frota Pequena","Digital","RS","6","2023-04-10","2024-10-02","7461.20","Fiel"
1385,"CLI01385","PJ - Frota Grande","Digital","SP","6","2023-11-13","2024-11-29","9629.04","Fiel"
1726,"CLI01726","PF - Varejo","Digital","RS","6","2023-06-20","2024-12-10","5822.14","Fiel"
2797,"CLI02797","PF - Varejo","Indicação","BA","6","2023-05-21","2024-09-16","6449.86","Fiel"
1020,"CLI01020","PF - Varejo","Digital","SP","6","2023-02-14","2024-12-13","3018.80","Fiel"
3898,"CLI03898","PF - Varejo","Fidelização","RJ","6","2023-09-04","2024-11-18","10805.63","Fiel"
287,"CLI00287","PF - Varejo","Recall","ES","6","2023-02-01","2024-12-25","12690.59","Fiel"
290,"CLI00290","PF - Varejo","Recall","PE","6","2023-05-26","2024-12-20","9003.51","Fiel"
2091,"CLI02091","PF - Varejo","CRM Ativo","RJ","6","2023-02-09","2024-11-14","1573.15","Fiel"
869,"CLI00869","PJ - Frota Pequena","Indicação","BA","6","2023-06-30","2024-08-13","3512.38","Fiel"
332,"CLI00332","PF - Varejo","Fidelização","PR","6","2023-04-27","2024-12-21","4371.56","Fiel"
885,"CLI00885","PJ - Frota Pequena","Indicação","RJ","6","2023-02-22","2024-06-10","5866.23","Fiel"
3173,"CLI03173","PF - Premium","Indicação","SP","6","2023-10-22","2024-04-25","11102.08","Fiel"
3014,"CLI03014","PF - Premium","Indicação","CE","6","2023-01-27","2024-11-15","5729.16","Fiel"
819,"CLI00819","PF - Varejo","Digital","GO","6","2023-01-04","2023-11-23","23657.73","Fiel"
1891,"CLI01891","PF - Premium","Digital","BA","6","2023-09-15","2024-04-28","9718.93","Fiel"
299,"CLI00299","PF - Premium","Showroom","SP","6","2023-04-29","2024-11-20","9924.42","Fiel"
169,"CLI00169","PF - Premium","Indicação","MG","6","2023-03-01","2024-09-12","12043.44","Fiel"
910,"CLI00910","PF - Premium","Indicação","SP","6","2023-02-07","2024-11-16","9067.88","Fiel"
2077,"CLI02077","PF - Varejo","Showroom","PR","6","2023-01-08","2024-09-23","7799.75","Fiel"
227,"CLI00227","PF - Varejo","Indicação","GO","6","2023-08-22","2024-10-12","5947.04","Fiel"
2590,"CLI02590","PJ - Frota Pequena","Digital","DF","6","2023-01-04","2024-07-03","1365.38","Fiel"
2980,"CLI02980","PF - Varejo","Indicação","DF","6","2023-02-01","2024-07-20","10396.39","Fiel"
3915,"CLI03915","PF - Varejo","Indicação","CE","6","2023-10-17","2024-11-12","10627.01","Fiel"
3188,"CLI03188","PF - Varejo","Digital","RJ","6","2023-10-21","2024-10-28","5361.21","Fiel"
3752,"CLI03752","PF - Varejo","Recall","PE","6","2023-03-19","2024-07-08","5667.41","Fiel"
561,"CLI00561","PF - Premium","Recall","BA","6","2023-06-10","2024-11-05","5866.84","Fiel"
2627,"CLI02627","PF - Varejo","Showroom","CE","6","2023-03-20","2024-08-21","17765.18","Fiel"
721,"CLI00721","PF - Varejo","CRM Ativo","SP","6","2023-02-18","2024-10-11","2191.38","Fiel"
3358,"CLI03358","PF - Varejo","Digital","GO","6","2023-01-01","2024-12-27","3912.92","Fiel"
2223,"CLI02223","PF - Varejo","Indicação","MG","6","2023-07-26","2024-11-17","8825.74","Fiel"
105,"CLI00105","PJ - Frota Grande","Digital","RJ","6","2023-09-22","2024-07-26","4728.02","Fiel"
1222,"CLI01222","PF - Premium","Fidelização","PR","6","2023-02-04","2024-07-15","16706.23","Fiel"
3090,"CLI03090","PF - Premium","Digital","MG","6","2023-01-12","2024-09-29","7721.82","Fiel"
3647,"CLI03647","PJ - Frota Pequena","Digital","DF","6","2023-01-19","2024-10-30","19248.46","Fiel"
2489,"CLI02489","PJ - Frota Pequena","CRM Ativo","RS","6","2023-03-31","2024-12-23","9623.35","Fiel"
2903,"CLI02903","PJ - Frota Pequena","Digital","RJ","6","2023-03-18","2024-06-29","13681.16","Fiel"
3721,"CLI03721","PJ - Frota Pequena","Digital","MG","6","2023-10-10","2024-10-13","4740.02","Fiel"
1404,"CLI01404","PJ - Frota Pequena","Indicação","SP","6","2023-08-25","2024-12-23","4782.00","Fiel"
3706,"CLI03706","PJ - Frota Pequena","Digital","ES","6","2023-03-01","2024-11-23","6976.81","Fiel"
3195,"CLI03195","PF - Varejo","Showroom","SP","6","2023-02-15","2024-09-22","9438.98","Fiel"
1545,"CLI01545","PF - Varejo","CRM Ativo","RS","6","2023-08-24","2024-04-27","3296.78","Fiel"
601,"CLI00601","PJ - Frota Grande","Indicação","PE","6","2023-03-21","2024-12-20","6204.95","Fiel"
720,"CLI00720","PJ - Frota Pequena","Indicação","RJ","6","2023-07-18","2024-11-24","5018.78","Fiel"
1000,"CLI01000","PF - Varejo","Showroom","GO","6","2023-06-18","2024-11-06","9938.46","Fiel"
2139,"CLI02139","PF - Varejo","Digital","SP","6","2023-07-12","2024-09-16","3499.48","Fiel"
3942,"CLI03942","PJ - Frota Grande","Showroom","MG","6","2023-03-01","2024-12-10","2835.33","Fiel"
1244,"CLI01244","PF - Varejo","Fidelização","PR","6","2023-02-15","2024-10-24","12675.16","Fiel"
3754,"CLI03754","PF - Varejo","Fidelização","RJ","6","2023-05-15","2024-05-31","10213.69","Fiel"
1760,"CLI01760","PF - Premium","Showroom","CE","6","2023-04-04","2024-11-30","5308.99","Fiel"
460,"CLI00460","PF - Premium","Indicação","PR","6","2023-06-16","2024-12-21","9455.10","Fiel"
893,"CLI00893","PF - Premium","Digital","RS","6","2023-05-18","2024-12-13","6543.65","Fiel"
3962,"CLI03962","PF - Varejo","Digital","SP","6","2023-02-19","2024-11-14","5745.36","Fiel"
2697,"CLI02697","PF - Premium","Recall","CE","6","2023-04-14","2024-09-15","3909.13","Fiel"
449,"CLI00449","PJ - Frota Pequena","Recall","RJ","6","2023-01-28","2024-08-04","13183.21","Fiel"
2468,"CLI02468","PJ - Frota Pequena","Showroom","SP","6","2023-02-11","2024-09-12","2767.38","Fiel"
1587,"CLI01587","PJ - Frota Pequena","Showroom","RJ","6","2023-10-10","2024-11-20","4874.62","Fiel"
2285,"CLI02285","PF - Premium","Showroom","RJ","6","2023-07-22","2024-10-07","4453.81","Fiel"
2922,"CLI02922","PF - Premium","Fidelização","SP","6","2023-04-24","2024-11-11","16107.47","Fiel"
1691,"CLI01691","PJ - Frota Pequena","CRM Ativo","GO","6","2023-12-29","2024-11-13","16661.08","Fiel"
390,"CLI00390","PF - Varejo","Recall","MG","6","2023-04-09","2024-12-20","6477.73","Fiel"
189,"CLI00189","PJ - Frota Pequena","Showroom","RS","6","2023-02-26","2024-09-02","6852.54","Fiel"
2025,"CLI02025","PF - Premium","Indicação","RS","6","2023-02-21","2024-11-03","16133.60","Fiel"
120,"CLI00120","PF - Premium","Digital","GO","6","2023-02-14","2024-12-24","1980.28","Fiel"
578,"CLI00578","PF - Premium","Indicação","RJ","6","2023-01-10","2024-10-13","9079.23","Fiel"
1749,"CLI01749","PF - Varejo","Digital","BA","6","2023-03-18","2024-08-15","6068.17","Fiel"
2400,"CLI02400","PF - Varejo","Digital","BA","6","2023-02-11","2024-09-08","10279.00","Fiel"
315,"CLI00315","PJ - Frota Pequena","Recall","SP","6","2023-07-03","2024-07-10","11847.04","Fiel"
1162,"CLI01162","PF - Premium","Digital","DF","6","2023-04-29","2024-10-13","5937.90","Fiel"
3639,"CLI03639","PF - Premium","Indicação","SP","6","2023-02-16","2024-04-01","10225.08","Fiel"
3749,"CLI03749","PJ - Frota Pequena","Indicação","RS","6","2023-02-19","2024-12-09","15241.04","Fiel"
2533,"CLI02533","PF - Varejo","Showroom","RJ","6","2023-05-29","2024-02-03","6418.09","Fiel"
1216,"CLI01216","PJ - Frota Pequena","Digital","RS","6","2023-03-11","2024-05-14","4463.25","Fiel"
1324,"CLI01324","PJ - Frota Grande","Indicação","PR","6","2023-04-06","2024-11-26","12671.82","Fiel"
3828,"CLI03828","PF - Premium","Digital","GO","6","2023-09-11","2024-05-29","4553.97","Fiel"
18,"CLI00018","PF - Premium","Showroom","MG","6","2023-08-30","2024-12-03","4819.81","Fiel"
3355,"CLI03355","PJ - Frota Pequena","Fidelização","CE","6","2023-04-24","2024-06-19","17537.33","Fiel"
2127,"CLI02127","PF - Premium","Fidelização","SP","6","2023-04-23","2024-10-04","5052.41","Fiel"
143,"CLI00143","PF - Varejo","Fidelização","MG","6","2023-09-06","2024-11-28","5846.79","Fiel"
2752,"CLI02752","PF - Varejo","Digital","SP","6","2023-03-01","2024-09-01","9662.82","Fiel"
850,"CLI00850","PF - Premium","Showroom","SP","6","2023-03-26","2024-12-31","4373.33","Fiel"
1708,"CLI01708","PJ - Frota Pequena","Indicação","RJ","6","2023-03-03","2024-10-30","9038.21","Fiel"
3884,"CLI03884","PJ - Frota Pequena","CRM Ativo","SC","6","2023-08-07","2024-12-31","5970.69","Fiel"
3570,"CLI03570","PF - Premium","Indicação","SP","6","2023-05-02","2024-12-09","8809.52","Fiel"
1259,"CLI01259","PF - Varejo","Recall","RJ","6","2023-02-10","2024-11-07","4147.95","Fiel"
320,"CLI00320","PJ - Frota Grande","Indicação","PR","6","2023-02-02","2024-02-12","8381.09","Fiel"
115,"CLI00115","PF - Premium","Digital","RS","6","2023-07-11","2024-10-25","11256.97","Fiel"
2401,"CLI02401","PF - Varejo","Recall","DF","6","2023-03-28","2024-04-11","9203.12","Fiel"
1285,"CLI01285","PF - Varejo","Digital","MG","6","2023-02-01","2024-11-15","2405.24","Fiel"
3041,"CLI03041","PJ - Frota Pequena","Showroom","PR","6","2023-05-24","2024-09-30","4377.42","Fiel"
3379,"CLI03379","PJ - Frota Pequena","Fidelização","RJ","6","2023-02-21","2024-12-15","6208.66","Fiel"
1203,"CLI01203","PF - Varejo","Digital","SP","6","2023-05-25","2024-10-26","9882.47","Fiel"
921,"CLI00921","PJ - Frota Pequena","Showroom","SP","6","2023-07-29","2024-11-25","13478.27","Fiel"
3910,"CLI03910","PF - Varejo","Digital","RJ","6","2023-03-12","2024-11-15","12746.15","Fiel"
3178,"CLI03178","PF - Varejo","Digital","MG","6","2023-02-05","2024-08-21","13475.17","Fiel"
2151,"CLI02151","PF - Premium","Digital","DF","6","2023-06-14","2024-11-19","7282.34","Fiel"
2780,"CLI02780","PJ - Frota Grande","Indicação","CE","6","2023-01-22","2024-12-30","10471.30","Fiel"
3007,"CLI03007","PF - Varejo","Digital","RJ","6","2023-07-25","2024-05-02","4748.67","Fiel"
978,"CLI00978","PF - Varejo","Digital","PR","6","2023-08-27","2024-07-07","4447.74","Fiel"
3380,"CLI03380","PJ - Frota Pequena","Indicação","SC","6","2023-03-17","2024-10-13","5751.42","Fiel"
793,"CLI00793","PF - Varejo","Digital","MG","6","2023-03-10","2024-07-03","5784.59","Fiel"
3916,"CLI03916","PJ - Frota Pequena","CRM Ativo","SP","6","2023-07-17","2024-08-16","10886.30","Fiel"
194,"CLI00194","PF - Premium","Showroom","PE","6","2023-04-07","2024-10-22","5623.34","Fiel"
1620,"CLI01620","PF - Varejo","Digital","SP","6","2023-05-01","2024-11-11","9643.99","Fiel"
3727,"CLI03727","PF - Varejo","Indicação","MG","6","2023-10-22","2024-11-14","5202.42","Fiel"
1632,"CLI01632","PF - Varejo","Digital","MG","6","2023-03-14","2024-11-12","8403.94","Fiel"
933,"CLI00933","PF - Premium","Digital","SP","6","2023-01-12","2024-12-06","3598.42","Fiel"
293,"CLI00293","PF - Premium","Indicação","DF","6","2023-01-10","2024-03-08","6471.00","Fiel"
3739,"CLI03739","PF - Varejo","Showroom","BA","6","2023-08-04","2024-10-04","8742.42","Fiel"
1910,"CLI01910","PF - Premium","Showroom","MG","6","2023-02-23","2024-12-30","16282.00","Fiel"
3625,"CLI03625","PJ - Frota Grande","Fidelização","SP","6","2023-06-02","2024-10-21","7397.12","Fiel"
3634,"CLI03634","PF - Premium","Showroom","SP","6","2023-09-06","2024-06-21","4748.52","Fiel"
1565,"CLI01565","PF - Premium","Showroom","BA","6","2023-03-06","2024-03-26","3301.53","Fiel"
2632,"CLI02632","PF - Varejo","Digital","RJ","6","2023-01-31","2024-05-05","17927.58","Fiel"
1771,"CLI01771","PF - Varejo","Indicação","SP","6","2023-01-26","2024-06-03","8864.95","Fiel"
2284,"CLI02284","PF - Premium","Showroom","RJ","6","2023-05-05","2024-11-26","3321.31","Fiel"
2267,"CLI02267","PF - Premium","Digital","SP","6","2023-01-10","2024-09-29","5217.51","Fiel"
3129,"CLI03129","PJ - Frota Pequena","Digital","SP","6","2023-03-04","2024-10-31","11191.71","Fiel"
1409,"CLI01409","PJ - Frota Pequena","CRM Ativo","RS","6","2023-04-02","2024-06-20","5100.12","Fiel"
686,"CLI00686","PJ - Frota Grande","Digital","SP","6","2023-01-19","2024-06-02","10685.28","Fiel"
3126,"CLI03126","PF - Premium","Indicação","SP","6","2023-01-28","2024-05-11","2888.73","Fiel"
3597,"CLI03597","PF - Varejo","Recall","CE","6","2023-09-20","2024-06-19","6740.03","Fiel"
3864,"CLI03864","PF - Premium","CRM Ativo","SP","6","2023-03-14","2024-06-06","2325.80","Fiel"
195,"CLI00195","PF - Varejo","Recall","PR","6","2023-02-23","2024-10-24","8986.22","Fiel"
3354,"CLI03354","PJ - Frota Pequena","Fidelização","MG","6","2023-02-01","2024-11-11","3386.73","Fiel"
3067,"CLI03067","PF - Varejo","Digital","RJ","6","2023-06-24","2024-12-31","10478.41","Fiel"
2036,"CLI02036","PF - Varejo","Indicação","RS","6","2023-03-03","2024-03-06","4954.71","Fiel"
2490,"CLI02490","PF - Premium","Digital","SC","6","2023-07-11","2024-06-13","2916.74","Fiel"
2660,"CLI02660","PF - Varejo","Fidelização","MG","6","2023-02-06","2024-07-05","1667.89","Fiel"
1888,"CLI01888","PJ - Frota Pequena","Indicação","SP","6","2023-05-02","2024-06-06","5717.97","Fiel"
3185,"CLI03185","PF - Premium","Digital","PR","6","2023-01-25","2024-11-23","3212.55","Fiel"
3152,"CLI03152","PJ - Frota Pequena","Digital","SP","6","2023-02-17","2024-12-25","6033.91","Fiel"
1893,"CLI01893","PJ - Frota Pequena","Indicação","ES","6","2023-03-20","2024-07-21","4634.28","Fiel"
3356,"CLI03356","PJ - Frota Pequena","Digital","PR","6","2023-08-19","2024-03-08","13305.01","Fiel"
795,"CLI00795","PF - Premium","Indicação","DF","6","2023-03-28","2024-07-30","6689.83","Fiel"
934,"CLI00934","PF - Varejo","Digital","GO","6","2023-02-05","2024-08-29","14316.82","Fiel"
1690,"CLI01690","PF - Varejo","Digital","RJ","6","2023-02-28","2024-08-30","5592.63","Fiel"
2972,"CLI02972","PF - Varejo","CRM Ativo","PR","6","2023-08-20","2024-12-02","4911.02","Fiel"
3480,"CLI03480","PF - Varejo","Indicação","SP","6","2023-02-17","2024-11-22","10420.14","Fiel"
2571,"CLI02571","PJ - Frota Pequena","Fidelização","SP","6","2023-02-14","2024-06-26","9420.30","Fiel"
2542,"CLI02542","PF - Varejo","Recall","RJ","6","2023-02-22","2024-08-22","7202.62","Fiel"
235,"CLI00235","PF - Premium","Indicação","RJ","6","2023-03-28","2024-11-13","10408.24","Fiel"
1168,"CLI01168","PF - Premium","Digital","DF","6","2023-02-14","2024-09-09","9724.70","Fiel"
3158,"CLI03158","PF - Varejo","Digital","SP","6","2023-08-19","2024-10-15","11857.79","Fiel"
353,"CLI00353","PF - Premium","Indicação","SP","6","2023-01-12","2024-07-07","16708.03","Fiel"
1164,"CLI01164","PJ - Frota Grande","Showroom","RS","6","2023-01-23","2024-09-12","11679.22","Fiel"
1443,"CLI01443","PJ - Frota Grande","Digital","CE","6","2023-03-03","2024-08-25","6945.12","Fiel"
1901,"CLI01901","PF - Premium","Fidelização","MG","6","2023-06-30","2024-11-23","14620.64","Fiel"
2328,"CLI02328","PJ - Frota Pequena","Digital","SP","6","2023-09-12","2024-12-22","5490.10","Fiel"
1410,"CLI01410","PF - Varejo","Fidelização","PR","6","2023-09-07","2024-10-25","8984.55","Fiel"
140,"CLI00140","PJ - Frota Grande","Digital","RJ","6","2023-04-14","2024-12-08","2546.31","Fiel"
1131,"CLI01131","PJ - Frota Pequena","Indicação","RS","6","2023-05-30","2024-12-05","4399.76","Fiel"
1625,"CLI01625","PF - Varejo","Showroom","SP","6","2023-02-13","2024-11-26","4226.33","Fiel"
394,"CLI00394","PF - Varejo","Indicação","SC","6","2023-07-01","2024-07-22","5912.10","Fiel"
2414,"CLI02414","PF - Varejo","Digital","RJ","6","2023-02-03","2024-06-25","5456.63","Fiel"
3402,"CLI03402","PJ - Frota Grande","Indicação","SP","6","2023-04-23","2024-12-03","11790.52","Fiel"
2094,"CLI02094","PF - Varejo","Fidelização","PE","6","2023-02-19","2024-12-14","7312.80","Fiel"
1366,"CLI01366","PJ - Frota Grande","Indicação","RS","6","2023-03-28","2024-12-10","11403.58","Fiel"
2783,"CLI02783","PF - Varejo","Fidelização","RJ","6","2023-01-16","2024-04-27","12703.90","Fiel"
2981,"CLI02981","PJ - Frota Pequena","Digital","SP","6","2023-02-05","2024-10-24","9105.18","Fiel"
3307,"CLI03307","PF - Varejo","Showroom","MG","6","2023-08-15","2024-09-01","7176.25","Fiel"
3466,"CLI03466","PJ - Frota Grande","Showroom","SP","6","2023-01-30","2024-07-30","8547.83","Fiel"
599,"CLI00599","PF - Varejo","Indicação","RJ","6","2023-02-23","2024-11-08","3586.68","Fiel"
1525,"CLI01525","PF - Varejo","Indicação","ES","6","2024-02-17","2024-12-19","4707.74","Fiel"
1314,"CLI01314","PF - Varejo","CRM Ativo","RJ","6","2023-03-23","2024-08-18","2063.57","Fiel"
2307,"CLI02307","PF - Varejo","Indicação","RS","6","2023-03-22","2024-04-20","12205.41","Fiel"
920,"CLI00920","PF - Premium","Digital","DF","6","2023-02-08","2024-06-24","4162.83","Fiel"
47,"CLI00047","PF - Varejo","Digital","BA","6","2023-03-21","2024-12-02","6938.40","Fiel"
101,"CLI00101","PF - Premium","Digital","SC","6","2023-01-22","2024-01-04","5277.73","Fiel"
3833,"CLI03833","PJ - Frota Grande","Digital","CE","6","2023-04-24","2024-12-22","4212.60","Fiel"
522,"CLI00522","PJ - Frota Grande","Indicação","SP","6","2023-06-15","2024-11-19","9118.13","Fiel"
1492,"CLI01492","PJ - Frota Pequena","Indicação","PR","6","2024-01-06","2024-11-08","9134.41","Fiel"
3711,"CLI03711","PF - Varejo","Showroom","RJ","6","2023-02-16","2024-09-29","2658.73","Fiel"
739,"CLI00739","PF - Varejo","Showroom","ES","6","2023-06-17","2024-09-27","2982.22","Fiel"
1110,"CLI01110","PF - Premium","CRM Ativo","SP","6","2023-05-04","2024-10-22","6560.79","Fiel"
741,"CLI00741","PJ - Frota Grande","Indicação","MG","6","2023-07-22","2024-12-24","12764.37","Fiel"
3640,"CLI03640","PF - Varejo","Digital","RJ","6","2023-03-15","2024-04-20","10149.92","Fiel"
85,"CLI00085","PF - Premium","Digital","PR","6","2023-06-12","2024-09-25","11256.01","Fiel"
2245,"CLI02245","PF - Premium","Showroom","MG","6","2023-01-14","2024-11-03","7057.48","Fiel"
2880,"CLI02880","PF - Varejo","Fidelização","MG","6","2023-01-03","2024-12-10","7419.37","Fiel"
3947,"CLI03947","PF - Varejo","Indicação","SP","6","2023-06-25","2024-12-18","11331.24","Fiel"
3257,"CLI03257","PF - Premium","CRM Ativo","RJ","6","2023-04-04","2024-08-13","3201.72","Fiel"
673,"CLI00673","PF - Varejo","Indicação","RJ","6","2023-03-29","2024-10-18","11553.50","Fiel"
2651,"CLI02651","PF - Premium","Fidelização","MG","6","2023-03-08","2024-11-06","5004.67","Fiel"
2360,"CLI02360","PF - Varejo","Showroom","MG","6","2023-01-16","2024-11-10","3797.42","Fiel"
540,"CLI00540","PF - Varejo","Indicação","RJ","6","2023-01-02","2024-12-26","9176.61","Fiel"
277,"CLI00277","PF - Varejo","Showroom","MG","6","2023-01-01","2024-12-05","10178.64","Fiel"
1254,"CLI01254","PJ - Frota Grande","Showroom","PE","6","2023-02-10","2024-10-10","13382.02","Fiel"
2481,"CLI02481","PF - Varejo","Digital","SP","6","2023-05-03","2024-04-01","7980.55","Fiel"
2869,"CLI02869","PF - Varejo","Digital","ES","6","2023-02-04","2024-11-23","18115.66","Fiel"
1868,"CLI01868","PF - Premium","Fidelização","SP","6","2023-06-27","2024-12-06","3130.01","Fiel"
3901,"CLI03901","PF - Varejo","Recall","DF","6","2023-01-29","2024-07-17","3019.65","Fiel"
3628,"CLI03628","PF - Varejo","Showroom","SP","6","2023-03-11","2024-03-23","8173.22","Fiel"
3877,"CLI03877","PF - Premium","Indicação","RS","6","2023-01-13","2024-07-31","7696.15","Fiel"
957,"CLI00957","PF - Varejo","Digital","SP","6","2023-03-07","2024-12-04","2685.62","Fiel"
1536,"CLI01536","PF - Varejo","Digital","ES","6","2023-03-03","2024-10-01","8688.31","Fiel"
2802,"CLI02802","PF - Varejo","Showroom","PR","6","2023-01-25","2024-11-22","10996.65","Fiel"
2014,"CLI02014","PF - Premium","Digital","MG","6","2023-09-26","2024-10-17","4293.21","Fiel"
420,"CLI00420","PF - Varejo","Digital","MG","6","2023-02-09","2024-10-02","7442.40","Fiel"
1651,"CLI01651","PF - Varejo","Fidelização","BA","6","2023-06-30","2024-12-11","8748.79","Fiel"
845,"CLI00845","PF - Varejo","CRM Ativo","RJ","6","2023-03-03","2024-12-14","8158.63","Fiel"
1069,"CLI01069","PF - Varejo","Digital","PR","6","2023-02-11","2024-12-26","5429.80","Fiel"
2240,"CLI02240","PF - Premium","Recall","PR","6","2023-01-17","2024-04-10","4923.81","Fiel"
3989,"CLI03989","PJ - Frota Pequena","Indicação","SP","6","2023-04-15","2024-05-08","6880.97","Fiel"
2112,"CLI02112","PF - Varejo","Indicação","RJ","6","2023-02-01","2024-09-01","7624.75","Fiel"
1032,"CLI01032","PJ - Frota Pequena","Indicação","SP","6","2023-08-11","2024-10-10","9072.62","Fiel"
1652,"CLI01652","PF - Premium","Digital","SP","6","2023-07-27","2024-10-01","5094.09","Fiel"
1518,"CLI01518","PF - Premium","Indicação","BA","6","2023-03-22","2024-10-26","4831.86","Fiel"
1819,"CLI01819","PF - Varejo","Digital","RS","6","2023-06-04","2024-11-20","7825.02","Fiel"
889,"CLI00889","PF - Varejo","Showroom","MG","6","2023-04-15","2024-09-26","4436.15","Fiel"
253,"CLI00253","PF - Varejo","Indicação","BA","6","2023-03-10","2024-10-08","10685.53","Fiel"
603,"CLI00603","PF - Varejo","CRM Ativo","RJ","6","2023-05-08","2024-10-20","2746.92","Fiel"
3089,"CLI03089","PJ - Frota Pequena","Digital","SC","6","2023-11-23","2024-11-21","7955.79","Fiel"
1582,"CLI01582","PJ - Frota Pequena","Indicação","MG","6","2023-02-03","2024-08-30","5491.46","Fiel"
3485,"CLI03485","PF - Premium","CRM Ativo","SP","6","2023-02-17","2024-11-12","5023.47","Fiel"
267,"CLI00267","PF - Varejo","CRM Ativo","RS","6","2023-02-26","2024-12-11","3912.16","Fiel"
861,"CLI00861","PJ - Frota Pequena","Digital","RS","6","2023-02-19","2024-11-17","4188.72","Fiel"
2141,"CLI02141","PF - Varejo","Fidelização","CE","6","2023-01-02","2024-07-07","9268.51","Fiel"
3475,"CLI03475","PF - Varejo","Indicação","SP","6","2023-10-25","2024-12-27","3673.99","Fiel"
2966,"CLI02966","PF - Varejo","Indicação","RJ","6","2023-06-14","2024-10-08","5840.73","Fiel"
685,"CLI00685","PF - Varejo","Recall","MG","6","2023-04-14","2024-11-10","5404.92","Fiel"
79,"CLI00079","PJ - Frota Pequena","Digital","SP","6","2023-05-14","2024-11-18","3854.46","Fiel"
3324,"CLI03324","PF - Varejo","Fidelização","PR","6","2023-04-10","2024-07-24","6678.46","Fiel"
1070,"CLI01070","PJ - Frota Grande","Showroom","PR","6","2023-05-13","2024-12-25","13964.55","Fiel"
997,"CLI00997","PF - Varejo","Indicação","RJ","6","2023-04-25","2024-10-12","6662.63","Fiel"
1302,"CLI01302","PF - Premium","Showroom","RJ","6","2023-02-26","2024-12-19","11947.76","Fiel"
223,"CLI00223","PF - Varejo","Recall","MG","6","2023-08-01","2024-11-27","6469.69","Fiel"
16,"CLI00016","PF - Varejo","Showroom","RS","6","2023-02-26","2024-11-29","4890.17","Fiel"
3663,"CLI03663","PJ - Frota Pequena","Indicação","SP","6","2023-09-04","2024-12-27","15523.94","Fiel"
2637,"CLI02637","PF - Premium","Recall","DF","6","2023-01-14","2024-11-11","4718.22","Fiel"
3314,"CLI03314","PF - Premium","Digital","DF","6","2023-04-18","2024-11-19","4683.36","Fiel"
3565,"CLI03565","PF - Premium","Showroom","RS","6","2023-09-28","2024-11-01","12150.13","Fiel"
3022,"CLI03022","PF - Varejo","Indicação","BA","6","2023-03-01","2024-03-09","9472.10","Fiel"
3489,"CLI03489","PF - Varejo","Indicação","SP","6","2023-04-20","2024-05-22","5086.86","Fiel"
1697,"CLI01697","PF - Varejo","Showroom","SP","5","2023-01-18","2024-12-25","6479.65","Fiel"
3601,"CLI03601","PJ - Frota Pequena","Showroom","SP","5","2023-03-25","2024-10-16","10337.11","Fiel"
3157,"CLI03157","PJ - Frota Grande","Digital","SP","5","2023-02-11","2024-12-31","5097.42","Fiel"
359,"CLI00359","PF - Premium","Indicação","RS","5","2023-12-21","2024-10-23","13426.95","Fiel"
2171,"CLI02171","PF - Premium","Showroom","MG","5","2023-09-07","2024-12-31","5204.40","Fiel"
1724,"CLI01724","PJ - Frota Grande","Recall","RJ","5","2023-03-01","2024-11-15","3408.05","Fiel"
2963,"CLI02963","PF - Premium","Fidelização","PE","5","2023-03-07","2023-12-31","3912.48","Fiel"
2841,"CLI02841","PF - Varejo","Indicação","GO","5","2023-01-13","2024-12-27","2509.07","Fiel"
2441,"CLI02441","PJ - Frota Pequena","Indicação","SP","5","2023-02-12","2024-09-25","2770.53","Fiel"
3213,"CLI03213","PF - Varejo","CRM Ativo","MG","5","2023-07-05","2024-11-07","9630.84","Fiel"
1447,"CLI01447","PF - Varejo","Indicação","ES","5","2023-03-12","2024-09-13","8902.57","Fiel"
2147,"CLI02147","PJ - Frota Pequena","Digital","SC","5","2023-08-26","2024-10-02","2904.95","Fiel"
3284,"CLI03284","PF - Varejo","Fidelização","SP","5","2023-08-06","2024-11-20","9571.00","Fiel"
1030,"CLI01030","PF - Varejo","Indicação","GO","5","2023-05-17","2024-08-26","8191.45","Fiel"
2593,"CLI02593","PF - Premium","Indicação","BA","5","2023-09-08","2024-12-25","8113.77","Fiel"
1136,"CLI01136","PJ - Frota Pequena","Digital","SP","5","2023-02-10","2024-08-27","5418.69","Fiel"
3264,"CLI03264","PF - Premium","Fidelização","PE","5","2023-02-25","2024-12-27","2602.97","Fiel"
2325,"CLI02325","PJ - Frota Pequena","Recall","MG","5","2023-03-27","2024-03-15","6524.75","Fiel"
2504,"CLI02504","PF - Varejo","Recall","SP","5","2023-03-05","2024-07-19","8104.12","Fiel"
2527,"CLI02527","PF - Premium","CRM Ativo","SP","5","2023-06-20","2024-12-11","4271.90","Fiel"
142,"CLI00142","PF - Varejo","Indicação","RS","5","2023-01-06","2024-10-22","12039.34","Fiel"
794,"CLI00794","PJ - Frota Pequena","Indicação","RJ","5","2023-02-21","2024-03-03","9095.35","Fiel"
249,"CLI00249","PF - Premium","Fidelização","SP","5","2023-10-26","2024-11-01","4297.93","Fiel"
341,"CLI00341","PF - Varejo","Showroom","SP","5","2023-07-11","2024-11-27","2244.26","Fiel"
1270,"CLI01270","PF - Premium","Recall","RJ","5","2023-03-08","2024-03-14","17491.60","Fiel"
3392,"CLI03392","PF - Varejo","Indicação","MG","5","2023-07-24","2024-12-02","7608.10","Fiel"
2523,"CLI02523","PF - Varejo","Indicação","SP","5","2023-06-16","2024-12-31","19801.75","Fiel"
3382,"CLI03382","PF - Varejo","Digital","MG","5","2023-01-09","2024-03-10","7661.05","Fiel"
918,"CLI00918","PF - Varejo","Digital","SP","5","2023-01-12","2024-11-06","8337.04","Fiel"
840,"CLI00840","PF - Varejo","Indicação","SP","5","2023-10-31","2024-09-12","4491.20","Fiel"
2109,"CLI02109","PF - Varejo","CRM Ativo","RJ","5","2024-01-18","2024-10-17","5457.10","Fiel"
562,"CLI00562","PF - Premium","Indicação","RJ","5","2024-03-03","2024-10-30","6721.17","Fiel"
3278,"CLI03278","PF - Varejo","Showroom","ES","5","2023-03-14","2024-08-06","4731.46","Fiel"
3982,"CLI03982","PJ - Frota Pequena","CRM Ativo","SP","5","2023-04-05","2024-10-24","4017.87","Fiel"
3020,"CLI03020","PF - Varejo","CRM Ativo","CE","5","2023-01-27","2024-05-08","6550.40","Fiel"
1883,"CLI01883","PF - Varejo","Recall","MG","5","2023-02-19","2024-11-28","5176.00","Fiel"
67,"CLI00067","PF - Premium","Indicação","SP","5","2023-02-06","2024-12-27","7610.68","Fiel"
3492,"CLI03492","PF - Varejo","Indicação","PR","5","2023-07-13","2024-08-13","10111.42","Fiel"
1475,"CLI01475","PJ - Frota Grande","Indicação","RS","5","2023-01-04","2024-09-05","2250.16","Fiel"
3469,"CLI03469","PF - Varejo","CRM Ativo","SP","5","2023-07-09","2024-12-28","6101.66","Fiel"
19,"CLI00019","PF - Varejo","Indicação","SP","5","2023-03-29","2024-08-14","6862.80","Fiel"
3075,"CLI03075","PJ - Frota Grande","Indicação","PR","5","2023-02-15","2023-10-30","10475.23","Fiel"
1600,"CLI01600","PF - Varejo","Indicação","SP","5","2023-06-15","2024-12-10","2072.14","Fiel"
1985,"CLI01985","PF - Varejo","Indicação","MG","5","2023-01-01","2024-01-29","7768.00","Fiel"
2227,"CLI02227","PJ - Frota Grande","Digital","SP","5","2023-07-01","2024-10-09","4376.42","Fiel"
1908,"CLI01908","PJ - Frota Pequena","Showroom","CE","5","2023-04-09","2024-11-14","3434.30","Fiel"
2928,"CLI02928","PF - Varejo","Digital","BA","5","2023-02-26","2024-06-11","3746.49","Fiel"
1440,"CLI01440","PF - Varejo","Recall","SP","5","2023-03-28","2024-08-07","2992.94","Fiel"
3099,"CLI03099","PF - Premium","Showroom","RJ","5","2023-03-25","2024-12-07","11526.61","Fiel"
1870,"CLI01870","PJ - Frota Pequena","Indicação","SP","5","2023-02-26","2024-10-25","7930.20","Fiel"
4,"CLI00004","PF - Varejo","Showroom","MG","5","2023-09-07","2024-10-29","10234.52","Fiel"
1212,"CLI01212","PJ - Frota Pequena","Digital","SP","5","2023-01-29","2024-11-09","4668.20","Fiel"
3202,"CLI03202","PF - Varejo","Digital","SP","5","2023-04-04","2024-04-21","4052.02","Fiel"
2066,"CLI02066","PJ - Frota Pequena","Digital","SP","5","2024-02-17","2024-11-06","4713.51","Fiel"
3276,"CLI03276","PF - Varejo","Indicação","PR","5","2023-06-14","2024-09-09","3090.24","Fiel"
2243,"CLI02243","PF - Varejo","Digital","MG","5","2023-09-09","2024-12-12","12561.86","Fiel"
1554,"CLI01554","PF - Premium","Fidelização","SC","5","2023-08-16","2024-09-29","4975.15","Fiel"
3498,"CLI03498","PJ - Frota Pequena","Digital","SP","5","2023-03-21","2024-12-02","8886.49","Fiel"
2392,"CLI02392","PJ - Frota Pequena","Digital","SP","5","2023-03-02","2023-12-29","11889.24","Fiel"
3452,"CLI03452","PF - Varejo","Digital","SP","5","2023-05-06","2024-10-22","6598.25","Fiel"
3987,"CLI03987","PJ - Frota Pequena","Fidelização","SP","5","2023-05-10","2024-09-27","4083.08","Fiel"
206,"CLI00206","PF - Varejo","Indicação","ES","5","2023-03-14","2024-10-10","5313.54","Fiel"
3491,"CLI03491","PF - Varejo","Indicação","RJ","5","2023-07-03","2024-09-05","1537.18","Fiel"
2207,"CLI02207","PF - Varejo","CRM Ativo","MG","5","2023-03-25","2024-11-28","3627.42","Fiel"
3132,"CLI03132","PJ - Frota Pequena","Digital","SP","5","2023-11-15","2024-10-13","6612.59","Fiel"
1209,"CLI01209","PJ - Frota Grande","Fidelização","SC","5","2023-05-16","2024-11-09","6912.18","Fiel"
2028,"CLI02028","PF - Varejo","Showroom","SP","5","2023-03-15","2024-12-28","1858.90","Fiel"
660,"CLI00660","PJ - Frota Pequena","Indicação","RS","5","2023-04-21","2024-02-17","6871.97","Fiel"
3174,"CLI03174","PJ - Frota Pequena","Showroom","SP","5","2023-01-20","2024-09-28","1935.38","Fiel"
2960,"CLI02960","PF - Varejo","Fidelização","PE","5","2023-03-16","2024-03-19","9696.70","Fiel"
783,"CLI00783","PF - Varejo","Digital","RS","5","2023-02-04","2024-08-21","4957.49","Fiel"
100,"CLI00100","PJ - Frota Pequena","Indicação","MG","5","2023-12-03","2024-05-28","3149.84","Fiel"
1763,"CLI01763","PF - Varejo","Digital","SP","5","2023-02-06","2024-11-18","3250.96","Fiel"
1701,"CLI01701","PJ - Frota Pequena","Indicação","SP","5","2023-04-08","2024-03-15","8769.27","Fiel"
467,"CLI00467","PJ - Frota Grande","Indicação","RJ","5","2023-03-30","2024-10-14","6052.59","Fiel"
3554,"CLI03554","PF - Varejo","Digital","SP","5","2023-02-09","2024-11-07","3634.72","Fiel"
3820,"CLI03820","PF - Varejo","Indicação","RJ","5","2023-01-20","2024-05-04","12058.95","Fiel"
319,"CLI00319","PF - Varejo","Recall","BA","5","2023-06-25","2023-10-24","5366.27","Fiel"
2026,"CLI02026","PF - Varejo","Indicação","PE","5","2023-02-19","2024-12-21","9640.46","Fiel"
3363,"CLI03363","PF - Varejo","Digital","SP","5","2024-01-04","2024-08-05","4915.87","Fiel"
1599,"CLI01599","PJ - Frota Grande","Showroom","MG","5","2023-03-24","2024-10-18","5084.57","Fiel"
2724,"CLI02724","PF - Varejo","Recall","SP","5","2023-03-09","2024-11-16","11318.59","Fiel"
471,"CLI00471","PF - Varejo","CRM Ativo","RJ","5","2023-05-25","2024-11-26","4676.64","Fiel"
1313,"CLI01313","PJ - Frota Pequena","Digital","SP","5","2023-02-04","2024-08-26","3892.46","Fiel"
343,"CLI00343","PF - Premium","Digital","GO","5","2023-08-30","2024-10-04","4861.01","Fiel"
295,"CLI00295","PF - Varejo","Indicação","RJ","5","2023-04-13","2024-10-26","2822.55","Fiel"
3798,"CLI03798","PF - Varejo","Digital","MG","5","2023-03-05","2024-10-16","2493.27","Fiel"
2601,"CLI02601","PJ - Frota Pequena","Digital","GO","5","2023-06-30","2024-12-27","5276.58","Fiel"
2424,"CLI02424","PF - Varejo","Indicação","BA","5","2023-04-03","2024-11-26","8807.72","Fiel"
719,"CLI00719","PF - Varejo","Digital","SP","5","2023-03-17","2024-09-01","5971.44","Fiel"
1489,"CLI01489","PF - Varejo","Digital","PR","5","2023-01-09","2024-01-19","5768.60","Fiel"
318,"CLI00318","PF - Premium","Fidelização","SP","5","2023-01-23","2024-06-19","5133.52","Fiel"
944,"CLI00944","PF - Varejo","Indicação","PR","5","2023-06-03","2024-11-04","2911.27","Fiel"
2365,"CLI02365","PF - Varejo","Recall","GO","5","2023-02-26","2024-12-16","7514.46","Fiel"
216,"CLI00216","PF - Varejo","Showroom","SP","5","2023-02-27","2024-11-03","5828.74","Fiel"
3532,"CLI03532","PF - Varejo","Recall","DF","5","2023-06-14","2024-12-02","4533.03","Fiel"
3520,"CLI03520","PJ - Frota Pequena","Digital","RJ","5","2023-10-21","2024-12-15","9726.54","Fiel"
2534,"CLI02534","PF - Varejo","Fidelização","GO","5","2023-11-13","2024-12-21","5014.99","Fiel"
1424,"CLI01424","PF - Varejo","Indicação","SP","5","2023-01-12","2023-10-08","8478.18","Fiel"
1019,"CLI01019","PF - Varejo","Digital","SP","5","2023-03-07","2024-12-11","14285.82","Fiel"
2142,"CLI02142","PF - Premium","Fidelização","SP","5","2023-07-24","2024-09-20","7423.70","Fiel"
1921,"CLI01921","PF - Varejo","Recall","CE","5","2023-01-19","2024-05-01","13794.12","Fiel"
2757,"CLI02757","PF - Varejo","Indicação","SP","5","2023-02-22","2024-11-11","3572.25","Fiel"
489,"CLI00489","PF - Varejo","Fidelização","DF","5","2023-01-20","2024-05-29","6808.91","Fiel"
1147,"CLI01147","PF - Varejo","Digital","SP","5","2023-08-29","2024-09-19","4278.21","Fiel"
1642,"CLI01642","PJ - Frota Pequena","Digital","RJ","5","2023-01-08","2024-07-23","2594.41","Fiel"
1693,"CLI01693","PF - Varejo","Digital","RJ","5","2023-01-25","2024-08-16","4568.13","Fiel"
1666,"CLI01666","PF - Varejo","Digital","RJ","5","2023-02-26","2024-02-29","13029.90","Fiel"
636,"CLI00636","PF - Varejo","Indicação","RJ","5","2023-02-04","2023-09-16","10625.84","Fiel"
867,"CLI00867","PF - Varejo","Indicação","PR","5","2023-05-09","2024-11-06","7303.60","Fiel"
3712,"CLI03712","PF - Varejo","Indicação","RJ","5","2023-02-04","2024-09-01","4911.30","Fiel"
275,"CLI00275","PJ - Frota Grande","Fidelização","GO","5","2023-05-22","2023-12-26","2559.46","Fiel"
2582,"CLI02582","PF - Varejo","Recall","RS","5","2023-12-20","2024-05-22","12010.10","Fiel"
1246,"CLI01246","PF - Varejo","Showroom","DF","5","2023-02-08","2024-07-29","3121.11","Fiel"
2203,"CLI02203","PF - Premium","CRM Ativo","SP","5","2023-01-06","2024-11-17","9693.54","Fiel"
1729,"CLI01729","PJ - Frota Pequena","Digital","RJ","5","2023-03-26","2024-11-19","8650.16","Fiel"
2942,"CLI02942","PF - Premium","Fidelização","SP","5","2023-05-17","2024-10-07","9043.82","Fiel"
1029,"CLI01029","PF - Varejo","Showroom","PR","5","2023-01-22","2024-12-30","2253.35","Fiel"
3074,"CLI03074","PF - Varejo","Indicação","ES","5","2023-07-16","2024-11-04","1762.95","Fiel"
3772,"CLI03772","PF - Varejo","Showroom","BA","5","2023-05-08","2024-12-08","2682.08","Fiel"
2917,"CLI02917","PF - Premium","Digital","PR","5","2024-02-08","2024-12-14","5649.03","Fiel"
3488,"CLI03488","PJ - Frota Pequena","Showroom","SP","5","2023-05-22","2024-11-28","6886.01","Fiel"
454,"CLI00454","PF - Varejo","CRM Ativo","SP","5","2023-02-19","2024-09-18","2852.61","Fiel"
3435,"CLI03435","PF - Varejo","Indicação","ES","5","2023-06-05","2024-09-10","6018.19","Fiel"
3896,"CLI03896","PF - Varejo","Showroom","RS","5","2023-03-01","2024-06-24","8010.60","Fiel"
590,"CLI00590","PJ - Frota Pequena","Fidelização","MG","5","2023-02-26","2024-12-18","6885.67","Fiel"
2148,"CLI02148","PF - Varejo","Indicação","PE","5","2023-03-21","2024-05-13","4546.45","Fiel"
2730,"CLI02730","PF - Premium","Digital","RJ","5","2023-03-26","2024-08-26","11316.03","Fiel"
1657,"CLI01657","PJ - Frota Pequena","Indicação","DF","5","2023-08-13","2024-08-30","4869.65","Fiel"
2492,"CLI02492","PJ - Frota Pequena","Digital","RJ","5","2023-03-02","2024-12-12","4728.25","Fiel"
2053,"CLI02053","PF - Premium","Indicação","PR","5","2023-09-27","2024-07-04","3268.56","Fiel"
1563,"CLI01563","PF - Premium","Recall","RS","5","2023-02-08","2024-08-13","3593.56","Fiel"
3142,"CLI03142","PJ - Frota Pequena","Fidelização","RS","5","2023-04-26","2024-11-20","10421.54","Fiel"
1236,"CLI01236","PF - Varejo","CRM Ativo","BA","5","2023-02-04","2024-11-24","2867.72","Fiel"
1352,"CLI01352","PJ - Frota Pequena","Recall","SP","5","2023-08-30","2024-09-05","4502.64","Fiel"
560,"CLI00560","PF - Premium","Fidelização","MG","5","2023-01-18","2024-09-20","5738.61","Fiel"
3887,"CLI03887","PF - Varejo","Fidelização","PR","5","2023-03-31","2024-10-09","3530.10","Fiel"
1360,"CLI01360","PF - Varejo","Indicação","RJ","5","2023-02-23","2024-07-20","1981.03","Fiel"
1827,"CLI01827","PF - Premium","Indicação","DF","5","2023-01-18","2024-12-11","5871.76","Fiel"
2131,"CLI02131","PF - Premium","Fidelização","RJ","5","2023-02-08","2024-02-11","3535.95","Fiel"
3849,"CLI03849","PF - Varejo","Digital","RJ","5","2023-02-15","2024-06-19","4416.67","Fiel"
626,"CLI00626","PF - Varejo","Indicação","PE","5","2023-05-23","2024-03-17","4541.18","Fiel"
943,"CLI00943","PJ - Frota Pequena","Indicação","RS","5","2023-07-01","2024-11-05","8007.54","Fiel"
1277,"CLI01277","PJ - Frota Pequena","Recall","MG","5","2023-01-20","2023-11-29","4820.64","Fiel"
2535,"CLI02535","PF - Premium","Digital","RJ","5","2023-06-23","2024-10-26","6785.33","Fiel"
3447,"CLI03447","PF - Varejo","Fidelização","SP","5","2023-09-22","2024-12-25","2899.96","Fiel"
3141,"CLI03141","PF - Varejo","Indicação","CE","5","2023-06-09","2024-10-28","3410.39","Fiel"
907,"CLI00907","PJ - Frota Grande","Showroom","RJ","5","2023-03-09","2024-09-29","2608.42","Fiel"
3120,"CLI03120","PF - Varejo","Indicação","RS","5","2023-11-30","2024-10-30","7132.00","Fiel"
2768,"CLI02768","PF - Varejo","Digital","RJ","5","2023-06-01","2024-11-12","9278.54","Fiel"
3582,"CLI03582","PF - Varejo","Indicação","MG","5","2023-04-23","2024-11-03","5953.57","Fiel"
2310,"CLI02310","PF - Premium","Showroom","RS","5","2023-03-21","2024-11-23","4177.06","Fiel"
634,"CLI00634","PF - Varejo","Indicação","MG","5","2023-03-30","2024-12-26","6244.57","Fiel"
1660,"CLI01660","PF - Varejo","Digital","BA","5","2023-01-08","2024-04-08","8930.98","Fiel"
1382,"CLI01382","PF - Varejo","Digital","RJ","5","2023-01-12","2024-08-12","4756.89","Fiel"
2225,"CLI02225","PF - Varejo","Recall","GO","5","2023-11-20","2024-09-18","2022.55","Fiel"
760,"CLI00760","PF - Varejo","Recall","RS","5","2023-02-21","2024-09-20","1350.04","Fiel"
602,"CLI00602","PJ - Frota Pequena","Recall","GO","5","2023-02-26","2024-09-07","11041.46","Fiel"
2948,"CLI02948","PF - Varejo","Indicação","MG","5","2023-07-25","2024-06-14","4507.12","Fiel"
712,"CLI00712","PF - Varejo","Fidelização","PE","5","2023-02-01","2024-09-02","6901.53","Fiel"
2999,"CLI02999","PJ - Frota Pequena","Indicação","SP","5","2023-11-09","2024-12-12","7138.39","Fiel"
3458,"CLI03458","PF - Varejo","Digital","DF","5","2023-01-22","2024-03-06","6335.19","Fiel"
3816,"CLI03816","PJ - Frota Pequena","Showroom","SC","5","2023-02-15","2024-10-21","6857.02","Fiel"
2941,"CLI02941","PJ - Frota Pequena","Fidelização","PR","5","2023-07-03","2024-10-07","2467.89","Fiel"
689,"CLI00689","PF - Varejo","Digital","SP","5","2023-04-24","2024-12-06","9261.78","Fiel"
3102,"CLI03102","PF - Premium","CRM Ativo","SP","5","2023-07-04","2024-11-04","4984.45","Fiel"
954,"CLI00954","PF - Varejo","CRM Ativo","RS","5","2023-03-24","2024-09-18","4262.19","Fiel"
1074,"CLI01074","PF - Varejo","Digital","MG","5","2023-01-16","2024-11-28","2695.91","Fiel"
3823,"CLI03823","PF - Varejo","Indicação","GO","5","2023-05-18","2024-12-22","2732.63","Fiel"
2458,"CLI02458","PF - Premium","Fidelização","MG","5","2023-06-08","2024-10-20","8928.65","Fiel"
3991,"CLI03991","PF - Varejo","CRM Ativo","RJ","5","2023-04-01","2023-07-26","3133.02","Fiel"
517,"CLI00517","PF - Varejo","Showroom","ES","5","2023-06-16","2024-04-10","8790.89","Fiel"
2548,"CLI02548","PF - Premium","Fidelização","CE","5","2023-01-24","2024-11-21","4758.41","Fiel"
2892,"CLI02892","PF - Premium","Digital","SC","5","2023-01-11","2024-02-28","9575.39","Fiel"
3262,"CLI03262","PF - Premium","Digital","DF","5","2023-07-26","2024-09-18","4110.85","Fiel"
2102,"CLI02102","PF - Varejo","Indicação","PR","5","2023-02-26","2024-12-27","7070.04","Fiel"
2574,"CLI02574","PF - Varejo","Showroom","SP","5","2023-05-15","2024-02-19","7462.49","Fiel"
1996,"CLI01996","PF - Varejo","Showroom","SP","5","2023-03-30","2024-12-17","6923.30","Fiel"
2589,"CLI02589","PF - Premium","Fidelização","CE","5","2023-01-28","2024-10-28","5905.13","Fiel"
2166,"CLI02166","PF - Premium","Digital","SP","5","2023-06-14","2024-03-30","4761.19","Fiel"
1144,"CLI01144","PF - Varejo","Digital","SP","5","2023-01-18","2024-10-12","2085.89","Fiel"
1399,"CLI01399","PF - Varejo","Recall","SP","5","2023-03-07","2023-11-19","7666.46","Fiel"
696,"CLI00696","PJ - Frota Grande","Showroom","SP","5","2023-11-03","2024-07-29","3057.41","Fiel"
3470,"CLI03470","PJ - Frota Pequena","Recall","GO","5","2023-03-31","2024-10-19","5306.71","Fiel"
3979,"CLI03979","PF - Varejo","Digital","DF","5","2023-08-29","2024-05-19","2563.93","Fiel"
2521,"CLI02521","PF - Varejo","Digital","MG","5","2023-05-28","2024-10-25","3429.54","Fiel"
974,"CLI00974","PF - Varejo","Showroom","GO","5","2023-01-19","2024-10-27","3894.32","Fiel"
1406,"CLI01406","PF - Varejo","Indicação","BA","5","2023-06-07","2024-10-01","5905.66","Fiel"
2647,"CLI02647","PJ - Frota Pequena","Digital","CE","5","2023-02-08","2024-12-06","1068.11","Fiel"
3182,"CLI03182","PF - Varejo","Indicação","SP","5","2023-07-18","2024-12-13","12024.59","Fiel"
1172,"CLI01172","PF - Premium","Digital","MG","5","2023-09-09","2024-09-19","7478.89","Fiel"
2405,"CLI02405","PF - Premium","Digital","SP","5","2024-02-04","2024-09-29","13181.54","Fiel"
207,"CLI00207","PF - Premium","Indicação","BA","5","2024-02-29","2024-12-08","4480.90","Fiel"
1785,"CLI01785","PF - Varejo","Recall","BA","5","2023-03-03","2024-12-13","3369.61","Fiel"
924,"CLI00924","PF - Varejo","Digital","SP","5","2023-03-03","2024-10-06","4740.74","Fiel"
1735,"CLI01735","PF - Varejo","CRM Ativo","RS","5","2023-05-06","2024-11-30","4338.26","Fiel"
89,"CLI00089","PF - Varejo","Fidelização","RJ","5","2023-03-02","2024-08-17","4333.92","Fiel"
3327,"CLI03327","PJ - Frota Grande","Indicação","RJ","5","2023-05-07","2023-12-04","8117.27","Fiel"
2889,"CLI02889","PJ - Frota Grande","Showroom","GO","5","2023-05-29","2024-07-02","2618.97","Fiel"
3895,"CLI03895","PJ - Frota Grande","Recall","GO","5","2023-04-15","2024-09-10","3738.84","Fiel"
3869,"CLI03869","PF - Varejo","Indicação","DF","5","2023-04-10","2024-08-18","8595.39","Fiel"
2064,"CLI02064","PF - Varejo","Digital","SP","5","2023-01-14","2024-03-24","9683.71","Fiel"
1253,"CLI01253","PF - Premium","Indicação","RJ","5","2023-01-08","2024-06-27","5750.45","Fiel"
3838,"CLI03838","PF - Varejo","Indicação","RS","5","2023-05-12","2024-10-27","4747.48","Fiel"
3348,"CLI03348","PF - Varejo","Fidelização","MG","5","2023-01-26","2024-11-24","4371.77","Fiel"
1055,"CLI01055","PF - Varejo","Showroom","MG","5","2023-08-08","2024-08-31","7983.72","Fiel"
776,"CLI00776","PF - Premium","Showroom","SP","5","2023-03-03","2024-12-30","5847.39","Fiel"
1220,"CLI01220","PF - Varejo","Indicação","RJ","5","2023-06-28","2024-12-22","7947.19","Fiel"
3851,"CLI03851","PF - Premium","Recall","SP","5","2023-02-16","2024-12-18","1440.40","Fiel"
655,"CLI00655","PF - Varejo","Showroom","RS","5","2023-06-25","2024-02-29","2702.11","Fiel"
3002,"CLI03002","PF - Varejo","Digital","RJ","5","2023-11-01","2024-12-24","13879.65","Fiel"
1793,"CLI01793","PF - Varejo","Fidelização","PR","5","2023-01-06","2024-12-19","5327.78","Fiel"
1713,"CLI01713","PF - Varejo","Fidelização","MG","5","2023-03-25","2024-09-21","8673.20","Fiel"
1042,"CLI01042","PJ - Frota Pequena","Showroom","DF","5","2023-04-02","2024-09-29","7369.00","Fiel"
2432,"CLI02432","PJ - Frota Grande","Digital","SP","5","2023-04-04","2024-11-11","5611.69","Fiel"
1047,"CLI01047","PF - Varejo","Indicação","PR","5","2023-06-05","2024-09-26","7792.92","Fiel"
582,"CLI00582","PF - Varejo","Recall","SC","5","2023-09-10","2024-12-27","9172.30","Fiel"
2210,"CLI02210","PJ - Frota Pequena","Fidelização","PR","5","2023-09-03","2024-10-12","7301.38","Fiel"
2608,"CLI02608","PJ - Frota Grande","Fidelização","MG","5","2023-02-23","2024-12-23","8101.28","Fiel"
3333,"CLI03333","PF - Premium","Indicação","BA","5","2023-02-28","2023-11-02","9080.16","Fiel"
406,"CLI00406","PJ - Frota Pequena","Indicação","GO","5","2024-02-24","2024-09-10","2474.37","Fiel"
1834,"CLI01834","PJ - Frota Grande","Indicação","DF","5","2023-02-06","2024-06-29","3593.88","Fiel"
892,"CLI00892","PF - Varejo","CRM Ativo","SP","5","2023-04-30","2024-09-18","3788.90","Fiel"
3702,"CLI03702","PJ - Frota Pequena","Digital","MG","5","2023-01-29","2024-10-28","6109.48","Fiel"
3242,"CLI03242","PF - Varejo","Fidelização","MG","5","2023-03-12","2024-12-12","16318.50","Fiel"
2008,"CLI02008","PF - Premium","Fidelização","RJ","5","2023-04-12","2024-11-27","3807.65","Fiel"
1151,"CLI01151","PF - Premium","Digital","MG","5","2023-01-03","2024-10-24","2915.84","Fiel"
2852,"CLI02852","PF - Varejo","Indicação","RS","5","2023-08-19","2024-11-07","8622.45","Fiel"
251,"CLI00251","PF - Varejo","Fidelização","DF","5","2023-02-05","2024-12-02","5682.58","Fiel"
697,"CLI00697","PJ - Frota Pequena","Indicação","RS","5","2023-01-04","2024-07-15","2992.05","Fiel"
3033,"CLI03033","PF - Premium","Recall","RJ","5","2023-01-04","2024-07-20","13897.05","Fiel"
3626,"CLI03626","PF - Varejo","Digital","RJ","5","2023-01-12","2023-09-25","4202.33","Fiel"
310,"CLI00310","PJ - Frota Pequena","Digital","MG","5","2023-04-24","2024-07-31","1231.11","Fiel"
3349,"CLI03349","PJ - Frota Grande","Fidelização","CE","5","2023-02-07","2024-12-07","5612.17","Fiel"
3006,"CLI03006","PF - Varejo","Digital","ES","5","2023-08-24","2024-10-08","14437.98","Fiel"
3930,"CLI03930","PJ - Frota Pequena","Fidelização","RS","5","2023-06-23","2024-03-31","3358.26","Fiel"
799,"CLI00799","PF - Varejo","Showroom","BA","5","2023-01-17","2024-05-17","8629.10","Fiel"
2062,"CLI02062","PF - Premium","Digital","SP","5","2023-10-02","2024-11-15","9477.24","Fiel"
526,"CLI00526","PF - Premium","Recall","SP","5","2023-06-01","2024-07-05","4042.02","Fiel"
3927,"CLI03927","PF - Varejo","Showroom","CE","5","2023-09-03","2024-08-28","9452.48","Fiel"
2537,"CLI02537","PF - Varejo","Digital","SP","5","2023-04-17","2024-09-30","5520.41","Fiel"
2209,"CLI02209","PF - Varejo","Recall","RS","5","2023-03-16","2024-12-07","6520.56","Fiel"
2526,"CLI02526","PJ - Frota Pequena","Digital","DF","5","2023-04-14","2024-10-30","10688.37","Fiel"
859,"CLI00859","PF - Premium","Showroom","RS","5","2023-02-18","2024-11-12","5460.42","Fiel"
962,"CLI00962","PF - Varejo","Digital","SP","5","2023-03-29","2024-06-08","2689.02","Fiel"
2649,"CLI02649","PJ - Frota Pequena","Indicação","SP","5","2023-06-30","2024-12-03","8653.21","Fiel"
33,"CLI00033","PF - Varejo","CRM Ativo","SP","5","2023-05-22","2024-11-27","3563.84","Fiel"
2177,"CLI02177","PF - Varejo","Indicação","BA","5","2023-03-01","2024-12-13","7616.27","Fiel"
2550,"CLI02550","PJ - Frota Pequena","CRM Ativo","SP","5","2023-01-07","2024-12-25","8615.93","Fiel"
837,"CLI00837","PF - Premium","Indicação","PR","5","2023-08-11","2024-09-25","11268.19","Fiel"
2650,"CLI02650","PF - Varejo","Recall","SC","5","2023-02-27","2024-11-08","9657.23","Fiel"
3025,"CLI03025","PF - Varejo","Recall","ES","5","2023-04-08","2024-07-05","7170.82","Fiel"
3648,"CLI03648","PF - Premium","Digital","SC","5","2023-02-15","2024-12-26","2841.24","Fiel"
3234,"CLI03234","PJ - Frota Pequena","Digital","ES","5","2023-03-06","2024-08-08","3953.72","Fiel"
3510,"CLI03510","PJ - Frota Grande","Digital","MG","5","2023-04-06","2024-05-29","3590.16","Fiel"
2172,"CLI02172","PJ - Frota Pequena","Fidelização","RJ","5","2023-01-03","2024-12-29","17943.66","Fiel"
14,"CLI00014","PF - Varejo","Digital","SP","5","2023-02-13","2024-12-08","4459.40","Fiel"
481,"CLI00481","PF - Premium","Digital","SP","5","2023-03-21","2024-10-27","9110.72","Fiel"
2007,"CLI02007","PF - Varejo","Indicação","SP","5","2023-03-06","2024-12-29","3988.41","Fiel"
370,"CLI00370","PF - Varejo","Indicação","RJ","5","2023-06-09","2024-02-23","2651.85","Fiel"
1021,"CLI01021","PF - Premium","CRM Ativo","SP","5","2023-02-05","2023-08-04","8517.68","Fiel"
3544,"CLI03544","PJ - Frota Pequena","Showroom","PR","5","2023-01-28","2024-10-19","4780.92","Fiel"
633,"CLI00633","PJ - Frota Grande","Indicação","PE","5","2023-04-10","2023-09-27","7716.16","Fiel"
3538,"CLI03538","PJ - Frota Pequena","CRM Ativo","DF","5","2023-02-18","2023-11-15","12975.26","Fiel"
858,"CLI00858","PF - Varejo","CRM Ativo","SP","5","2023-01-01","2024-08-25","10575.72","Fiel"
273,"CLI00273","PF - Premium","Recall","PR","5","2023-04-09","2024-11-02","10686.65","Fiel"
1138,"CLI01138","PJ - Frota Pequena","Showroom","RJ","5","2023-05-08","2024-07-22","1875.05","Fiel"
2248,"CLI02248","PF - Varejo","Digital","SP","5","2023-03-08","2024-09-08","3379.36","Fiel"
3053,"CLI03053","PF - Varejo","Digital","ES","5","2023-02-09","2024-05-27","3602.47","Fiel"
2114,"CLI02114","PF - Premium","Showroom","PE","5","2023-06-14","2024-12-26","3774.08","Fiel"
2754,"CLI02754","PF - Varejo","CRM Ativo","CE","5","2023-02-19","2024-02-13","3358.21","Fiel"
1193,"CLI01193","PF - Varejo","Digital","RJ","5","2023-05-16","2024-11-04","5507.29","Fiel"
2304,"CLI02304","PF - Varejo","Digital","RS","5","2023-01-31","2024-10-21","5425.42","Fiel"
1134,"CLI01134","PF - Premium","CRM Ativo","ES","5","2023-04-09","2024-09-12","2174.34","Fiel"
1484,"CLI01484","PF - Varejo","Showroom","GO","5","2023-01-07","2024-05-28","9306.81","Fiel"
3620,"CLI03620","PJ - Frota Grande","Indicação","MG","5","2023-03-10","2024-06-21","4911.71","Fiel"
1355,"CLI01355","PF - Varejo","Indicação","PE","5","2023-06-11","2024-12-02","8987.58","Fiel"
2602,"CLI02602","PJ - Frota Pequena","Indicação","SP","5","2023-03-13","2024-09-17","5211.94","Fiel"
2194,"CLI02194","PF - Premium","Indicação","MG","5","2023-08-11","2024-08-30","3606.47","Fiel"
1949,"CLI01949","PJ - Frota Grande","Fidelização","PR","5","2023-06-26","2024-05-02","5360.81","Fiel"
1397,"CLI01397","PF - Varejo","Indicação","RS","5","2023-01-11","2024-11-15","5589.61","Fiel"
3807,"CLI03807","PF - Varejo","Indicação","MG","5","2023-03-26","2024-10-07","3679.99","Fiel"
570,"CLI00570","PF - Premium","Digital","RJ","5","2023-10-17","2024-09-10","7478.64","Fiel"
2883,"CLI02883","PF - Premium","Recall","PR","5","2023-02-12","2024-06-25","2785.44","Fiel"
1825,"CLI01825","PF - Premium","Digital","BA","5","2023-06-21","2024-07-19","14552.92","Fiel"
3593,"CLI03593","PF - Premium","Digital","MG","5","2023-05-13","2024-10-18","3757.17","Fiel"
3463,"CLI03463","PJ - Frota Pequena","Digital","SP","5","2023-02-26","2024-10-15","5503.47","Fiel"
995,"CLI00995","PJ - Frota Pequena","Showroom","SP","5","2023-07-17","2024-11-22","2650.68","Fiel"
2661,"CLI02661","PF - Varejo","Indicação","SP","5","2023-04-11","2024-11-24","3161.64","Fiel"
2673,"CLI02673","PJ - Frota Pequena","CRM Ativo","SP","5","2024-07-27","2024-12-25","8015.79","Fiel"
928,"CLI00928","PF - Premium","Indicação","MG","5","2023-01-11","2024-09-22","3185.20","Fiel"
212,"CLI00212","PJ - Frota Grande","Digital","SP","5","2023-02-27","2024-06-11","3439.23","Fiel"
3913,"CLI03913","PJ - Frota Pequena","Fidelização","GO","5","2023-04-03","2024-03-19","5676.81","Fiel"
2822,"CLI02822","PF - Varejo","Indicação","MG","5","2023-08-13","2024-10-29","2099.30","Fiel"
3015,"CLI03015","PF - Premium","Indicação","SP","5","2023-01-02","2024-06-14","7712.06","Fiel"
2375,"CLI02375","PF - Premium","CRM Ativo","RS","5","2023-05-14","2024-10-30","4152.82","Fiel"
3140,"CLI03140","PJ - Frota Grande","Showroom","GO","5","2023-01-05","2024-07-11","7611.16","Fiel"
436,"CLI00436","PF - Varejo","Showroom","MG","5","2023-02-12","2024-01-27","8576.85","Fiel"
2442,"CLI02442","PF - Varejo","Digital","MG","5","2023-02-08","2024-03-02","9475.06","Fiel"
3865,"CLI03865","PF - Varejo","Recall","BA","5","2023-07-18","2024-04-16","3780.80","Fiel"
314,"CLI00314","PJ - Frota Grande","Indicação","MG","5","2023-02-23","2024-12-03","2416.18","Fiel"
1671,"CLI01671","PJ - Frota Pequena","CRM Ativo","PR","5","2023-03-05","2024-04-05","9555.51","Fiel"
3091,"CLI03091","PF - Varejo","Showroom","MG","5","2023-06-28","2024-03-20","10936.91","Fiel"
2101,"CLI02101","PF - Varejo","Indicação","ES","5","2023-03-31","2024-12-29","2724.54","Fiel"
3154,"CLI03154","PJ - Frota Pequena","Digital","BA","5","2023-01-25","2024-08-30","4350.63","Fiel"
2856,"CLI02856","PJ - Frota Pequena","Fidelização","RJ","5","2023-01-03","2024-02-21","11981.43","Fiel"
1531,"CLI01531","PF - Varejo","Digital","MG","5","2023-01-20","2024-12-05","18918.76","Fiel"
1541,"CLI01541","PJ - Frota Pequena","Showroom","RJ","5","2023-01-17","2024-11-03","3261.90","Fiel"
2253,"CLI02253","PJ - Frota Pequena","Digital","BA","5","2023-06-09","2024-11-19","7122.61","Fiel"
2246,"CLI02246","PF - Varejo","Digital","PR","5","2023-01-16","2024-08-06","6273.68","Fiel"
131,"CLI00131","PF - Varejo","Indicação","RS","5","2023-02-23","2024-08-22","5565.45","Fiel"
3108,"CLI03108","PJ - Frota Pequena","Digital","SP","5","2024-02-27","2024-12-20","9325.33","Fiel"
2759,"CLI02759","PJ - Frota Grande","Indicação","BA","5","2023-11-11","2024-12-13","11124.24","Fiel"
1588,"CLI01588","PJ - Frota Grande","Indicação","SP","5","2023-01-02","2024-07-08","11232.92","Fiel"
3290,"CLI03290","PF - Varejo","Indicação","SP","5","2023-06-28","2024-10-08","3766.60","Fiel"
528,"CLI00528","PF - Premium","Showroom","SC","5","2023-02-24","2023-12-21","3092.04","Fiel"
3502,"CLI03502","PF - Varejo","Digital","GO","5","2023-03-15","2024-03-22","12596.09","Fiel"
2781,"CLI02781","PF - Premium","Digital","RJ","5","2023-11-05","2024-08-16","5206.31","Fiel"
3304,"CLI03304","PF - Premium","CRM Ativo","ES","5","2023-10-09","2024-05-19","4058.89","Fiel"
2290,"CLI02290","PF - Varejo","Indicação","RS","5","2023-05-20","2024-05-11","5909.46","Fiel"
3963,"CLI03963","PF - Premium","Digital","SC","5","2023-05-11","2024-07-14","13532.67","Fiel"
1499,"CLI01499","PF - Premium","Digital","SP","5","2023-01-25","2024-05-09","6669.05","Fiel"
2352,"CLI02352","PJ - Frota Pequena","Fidelização","SP","5","2023-08-07","2024-11-23","7278.24","Fiel"
1221,"CLI01221","PF - Varejo","CRM Ativo","SP","5","2023-12-31","2024-12-07","3847.70","Fiel"
2263,"CLI02263","PF - Premium","Digital","BA","5","2023-03-08","2024-11-03","3418.78","Fiel"
3060,"CLI03060","PF - Varejo","Showroom","SP","5","2023-02-15","2024-10-18","3008.83","Fiel"
1269,"CLI01269","PF - Varejo","Digital","SP","5","2024-03-08","2024-09-22","2518.57","Fiel"
134,"CLI00134","PF - Varejo","Showroom","RS","5","2023-01-08","2024-10-27","9763.42","Fiel"
3065,"CLI03065","PJ - Frota Grande","Indicação","RJ","5","2023-03-01","2024-12-18","3194.87","Fiel"
2467,"CLI02467","PF - Varejo","Showroom","SP","5","2023-08-24","2024-12-07","6581.95","Fiel"
2616,"CLI02616","PJ - Frota Pequena","Indicação","PE","5","2023-06-17","2024-09-09","7035.98","Fiel"
284,"CLI00284","PJ - Frota Pequena","Fidelização","SP","5","2023-05-16","2024-09-11","1256.75","Fiel"
3387,"CLI03387","PJ - Frota Pequena","Indicação","SP","5","2023-07-23","2024-05-29","4529.28","Fiel"
1969,"CLI01969","PF - Varejo","Digital","SC","5","2023-02-26","2024-10-12","6675.16","Fiel"
1261,"CLI01261","PF - Varejo","Digital","RJ","5","2023-01-05","2024-07-13","2524.75","Fiel"
1561,"CLI01561","PF - Premium","CRM Ativo","SP","5","2023-02-05","2024-11-17","6193.27","Fiel"
546,"CLI00546","PJ - Frota Grande","Digital","DF","5","2023-03-11","2023-09-13","4454.56","Fiel"
3641,"CLI03641","PF - Varejo","CRM Ativo","SP","5","2023-08-03","2024-07-03","16188.82","Fiel"
878,"CLI00878","PF - Varejo","Indicação","SP","5","2023-01-19","2024-06-21","4504.71","Fiel"
1423,"CLI01423","PJ - Frota Grande","Showroom","RJ","5","2023-12-24","2024-12-25","3204.53","Fiel"
956,"CLI00956","PF - Premium","CRM Ativo","PR","5","2023-01-28","2024-10-10","4756.47","Fiel"
3610,"CLI03610","PJ - Frota Pequena","Indicação","SP","5","2023-03-31","2024-11-10","4306.12","Fiel"
1035,"CLI01035","PF - Varejo","Digital","RJ","5","2023-02-19","2024-12-26","7619.70","Fiel"
694,"CLI00694","PF - Premium","CRM Ativo","SP","5","2023-08-20","2024-10-12","3072.07","Fiel"
2886,"CLI02886","PF - Varejo","Indicação","MG","5","2023-05-28","2024-10-02","3264.34","Fiel"
1730,"CLI01730","PJ - Frota Pequena","Showroom","SP","5","2023-03-12","2024-11-07","1480.66","Fiel"
531,"CLI00531","PJ - Frota Pequena","Digital","RJ","5","2023-09-26","2024-04-26","5837.36","Fiel"
652,"CLI00652","PF - Varejo","Recall","BA","5","2023-04-02","2024-12-15","8685.67","Fiel"
3433,"CLI03433","PF - Varejo","Indicação","PR","5","2023-01-26","2024-07-22","8405.12","Fiel"
2775,"CLI02775","PF - Varejo","Digital","RS","5","2023-06-02","2024-11-23","13224.28","Fiel"
3222,"CLI03222","PJ - Frota Pequena","Recall","ES","5","2023-08-03","2024-09-27","3489.05","Fiel"
3637,"CLI03637","PF - Varejo","Indicação","PE","5","2023-05-18","2024-12-06","4545.23","Fiel"
2169,"CLI02169","PF - Premium","Digital","PR","5","2023-01-20","2024-06-29","4871.55","Fiel"
168,"CLI00168","PF - Varejo","Indicação","PR","5","2023-03-30","2024-06-02","5547.55","Fiel"
1224,"CLI01224","PF - Varejo","Showroom","RJ","5","2023-04-29","2024-10-16","9929.54","Fiel"
1465,"CLI01465","PF - Premium","Digital","ES","5","2023-03-19","2024-04-30","4604.51","Fiel"
3542,"CLI03542","PF - Premium","Digital","SP","5","2023-01-24","2024-02-04","8321.22","Fiel"
1851,"CLI01851","PF - Varejo","Indicação","RJ","5","2023-02-17","2024-09-10","3925.13","Fiel"
104,"CLI00104","PJ - Frota Pequena","Showroom","SP","5","2023-09-03","2024-10-06","1563.43","Fiel"
1572,"CLI01572","PJ - Frota Pequena","Digital","MG","5","2023-06-26","2024-12-19","3333.00","Fiel"
2348,"CLI02348","PF - Varejo","Digital","SP","5","2023-09-17","2024-11-12","13880.75","Fiel"
581,"CLI00581","PF - Premium","Showroom","RJ","5","2023-03-16","2024-11-15","5541.47","Fiel"
2901,"CLI02901","PF - Varejo","Showroom","MG","5","2023-02-24","2024-11-12","14513.50","Fiel"
1218,"CLI01218","PF - Varejo","Digital","SP","5","2023-01-11","2024-07-22","7126.96","Fiel"
3784,"CLI03784","PF - Premium","Digital","RJ","5","2023-01-12","2024-04-29","6439.58","Fiel"
1997,"CLI01997","PF - Varejo","Fidelização","MG","5","2023-03-17","2024-10-03","2523.06","Fiel"
1539,"CLI01539","PF - Varejo","Indicação","RJ","5","2023-08-27","2024-12-10","4895.58","Fiel"
3808,"CLI03808","PJ - Frota Pequena","Recall","PE","5","2023-04-15","2024-07-08","5182.97","Fiel"
3335,"CLI03335","PF - Varejo","Digital","RJ","5","2023-03-10","2024-04-10","11786.74","Fiel"
3226,"CLI03226","PF - Varejo","Digital","MG","5","2023-04-29","2024-12-09","7050.77","Fiel"
1813,"CLI01813","PF - Varejo","Digital","DF","5","2023-03-31","2024-12-20","3043.35","Fiel"
1953,"CLI01953","PJ - Frota Pequena","Indicação","MG","5","2024-01-19","2024-11-25","7346.42","Fiel"
710,"CLI00710","PF - Varejo","CRM Ativo","PR","5","2023-06-07","2024-08-19","4005.56","Fiel"
1938,"CLI01938","PF - Varejo","Digital","SP","5","2023-02-05","2024-10-08","6188.88","Fiel"
1233,"CLI01233","PF - Premium","Digital","BA","5","2023-02-10","2024-12-26","12118.13","Fiel"
2771,"CLI02771","PF - Varejo","Showroom","MG","5","2023-10-21","2024-10-01","10401.30","Fiel"
1037,"CLI01037","PF - Varejo","Indicação","ES","5","2023-10-27","2024-11-23","5365.28","Fiel"
1158,"CLI01158","PJ - Frota Pequena","Digital","SP","5","2023-06-14","2024-12-10","5530.31","Fiel"
3221,"CLI03221","PF - Premium","Recall","GO","5","2023-08-04","2024-11-01","8832.87","Fiel"
3817,"CLI03817","PJ - Frota Grande","Digital","GO","5","2023-05-15","2024-10-10","1473.10","Fiel"
753,"CLI00753","PF - Varejo","Digital","SP","5","2023-03-23","2024-12-12","3586.41","Fiel"
1553,"CLI01553","PF - Varejo","Digital","DF","5","2023-09-15","2024-05-15","8433.37","Fiel"
927,"CLI00927","PF - Premium","Indicação","ES","5","2023-02-22","2024-11-24","8851.12","Fiel"
322,"CLI00322","PJ - Frota Pequena","Indicação","SC","5","2023-09-08","2024-11-09","6360.36","Fiel"
2327,"CLI02327","PJ - Frota Pequena","Showroom","CE","5","2023-04-27","2024-06-22","3762.24","Fiel"
328,"CLI00328","PJ - Frota Grande","CRM Ativo","RS","5","2023-01-12","2024-04-30","14001.93","Fiel"
272,"CLI00272","PF - Varejo","Fidelização","SP","5","2023-04-19","2024-09-13","6831.51","Fiel"
2564,"CLI02564","PJ - Frota Pequena","Digital","MG","5","2023-02-27","2024-09-17","2544.45","Fiel"
2128,"CLI02128","PJ - Frota Pequena","Digital","RJ","5","2023-06-07","2024-05-07","4258.51","Fiel"
565,"CLI00565","PF - Varejo","Digital","SP","5","2023-04-01","2024-08-31","8182.56","Fiel"
1591,"CLI01591","PF - Premium","Recall","BA","5","2023-01-31","2024-12-02","5994.02","Fiel"
3122,"CLI03122","PJ - Frota Pequena","Digital","ES","5","2023-03-23","2024-12-08","1890.87","Fiel"
265,"CLI00265","PF - Varejo","Digital","DF","5","2023-10-06","2024-07-27","4551.59","Fiel"
2595,"CLI02595","PF - Varejo","Indicação","SP","5","2023-04-13","2024-11-21","8687.62","Fiel"
1301,"CLI01301","PF - Varejo","Recall","SC","5","2024-05-06","2024-12-20","1906.77","Fiel"
1481,"CLI01481","PF - Varejo","Digital","SP","5","2023-02-05","2024-12-19","10177.71","Fiel"
2034,"CLI02034","PF - Varejo","Digital","CE","5","2023-01-04","2024-09-26","8006.51","Fiel"
2794,"CLI02794","PF - Varejo","Digital","PE","5","2023-07-23","2024-12-27","4668.17","Fiel"
659,"CLI00659","PJ - Frota Pequena","Indicação","RS","5","2023-10-01","2024-12-15","9414.20","Fiel"
1188,"CLI01188","PJ - Frota Pequena","Digital","GO","5","2023-07-21","2024-12-29","14168.43","Fiel"
3699,"CLI03699","PF - Varejo","Indicação","MG","5","2023-02-28","2024-03-07","8565.62","Fiel"
309,"CLI00309","PF - Varejo","Indicação","PR","5","2023-03-27","2024-10-13","4847.10","Fiel"
707,"CLI00707","PF - Varejo","Showroom","SP","5","2023-03-03","2024-11-22","3469.23","Fiel"
1283,"CLI01283","PJ - Frota Pequena","Showroom","RJ","5","2023-02-15","2024-03-21","7818.05","Fiel"
2884,"CLI02884","PJ - Frota Pequena","Indicação","DF","5","2023-01-01","2024-05-03","2070.08","Fiel"
3999,"CLI03999","PJ - Frota Pequena","CRM Ativo","ES","5","2023-01-22","2024-08-15","2888.46","Fiel"
3449,"CLI03449","PF - Varejo","Showroom","SP","5","2023-05-03","2024-12-26","2481.88","Fiel"
3970,"CLI03970","PF - Varejo","Digital","SP","5","2023-04-21","2024-12-06","2150.13","Fiel"
3048,"CLI03048","PJ - Frota Grande","Recall","MG","5","2023-02-16","2024-11-26","2582.76","Fiel"
2390,"CLI02390","PF - Premium","Indicação","SP","5","2023-04-04","2024-12-25","3394.95","Fiel"
282,"CLI00282","PJ - Frota Pequena","Showroom","GO","5","2023-02-11","2024-09-20","12046.39","Fiel"
805,"CLI00805","PF - Varejo","Digital","BA","5","2023-03-14","2024-09-23","7773.12","Fiel"
2621,"CLI02621","PF - Varejo","Digital","MG","5","2024-04-10","2024-10-21","8404.45","Fiel"
1359,"CLI01359","PF - Varejo","CRM Ativo","PE","5","2023-05-01","2024-04-21","1687.59","Fiel"
1966,"CLI01966","PJ - Frota Pequena","Indicação","RJ","5","2023-02-01","2024-12-02","4300.56","Fiel"
2314,"CLI02314","PF - Premium","Indicação","SP","5","2023-03-06","2024-02-06","8943.52","Fiel"
1514,"CLI01514","PF - Premium","Recall","RJ","5","2023-01-05","2024-11-21","6382.42","Fiel"
2394,"CLI02394","PF - Varejo","Indicação","RJ","5","2023-05-14","2024-10-05","3941.98","Fiel"
2657,"CLI02657","PF - Premium","CRM Ativo","GO","5","2023-04-14","2024-10-23","2863.01","Fiel"
1258,"CLI01258","PF - Varejo","Digital","RS","5","2023-04-27","2024-09-15","4636.34","Fiel"
2072,"CLI02072","PF - Premium","Digital","SP","5","2023-02-27","2024-12-20","11927.98","Fiel"
3481,"CLI03481","PJ - Frota Grande","Indicação","MG","5","2023-09-10","2024-08-27","8513.60","Fiel"
2234,"CLI02234","PJ - Frota Pequena","Recall","DF","5","2023-02-14","2024-12-19","12443.29","Fiel"
3603,"CLI03603","PJ - Frota Pequena","Fidelização","RJ","5","2023-08-14","2024-04-20","4265.94","Fiel"
3906,"CLI03906","PJ - Frota Grande","Fidelização","GO","5","2023-02-05","2024-05-13","996.17","Fiel"
1150,"CLI01150","PJ - Frota Pequena","Indicação","BA","5","2023-05-16","2024-07-03","3579.16","Fiel"
413,"CLI00413","PJ - Frota Pequena","Showroom","RJ","5","2023-05-29","2024-08-04","4879.37","Fiel"
2722,"CLI02722","PF - Varejo","Indicação","RS","5","2023-01-29","2024-10-13","3177.82","Fiel"
1119,"CLI01119","PF - Varejo","Digital","RJ","5","2023-01-01","2024-03-29","11915.04","Fiel"
1991,"CLI01991","PJ - Frota Pequena","Showroom","MG","5","2023-05-20","2024-10-21","6893.09","Fiel"
2569,"CLI02569","PF - Varejo","Indicação","DF","5","2023-01-02","2024-11-29","10540.80","Fiel"
3204,"CLI03204","PF - Varejo","Indicação","SP","5","2023-03-28","2024-09-16","3653.11","Fiel"
1578,"CLI01578","PF - Premium","Indicação","BA","5","2023-07-23","2024-11-09","3513.13","Fiel"
246,"CLI00246","PF - Premium","Showroom","DF","5","2023-03-30","2024-10-18","7209.08","Fiel"
1706,"CLI01706","PF - Varejo","Digital","MG","5","2023-02-19","2024-08-24","4181.19","Fiel"
2655,"CLI02655","PJ - Frota Pequena","Digital","PE","5","2023-02-24","2024-11-17","2507.47","Fiel"
366,"CLI00366","PF - Varejo","Digital","BA","5","2023-05-15","2024-12-13","1959.42","Fiel"
2680,"CLI02680","PJ - Frota Pequena","Indicação","MG","5","2023-11-03","2024-05-26","4854.59","Fiel"
2022,"CLI02022","PJ - Frota Pequena","Digital","RJ","5","2023-04-14","2024-01-08","8595.73","Fiel"
2219,"CLI02219","PF - Premium","Indicação","PE","5","2024-02-13","2024-11-26","2151.63","Fiel"
2092,"CLI02092","PF - Varejo","Recall","SP","5","2023-02-11","2024-04-08","5564.54","Fiel"
3911,"CLI03911","PJ - Frota Pequena","Digital","SP","5","2023-02-13","2024-10-29","3072.15","Fiel"
2568,"CLI02568","PF - Premium","Digital","ES","5","2023-06-07","2024-05-24","9534.22","Fiel"
1737,"CLI01737","PF - Varejo","Indicação","PR","5","2023-02-04","2024-11-08","9216.64","Fiel"
1564,"CLI01564","PF - Varejo","Fidelização","SP","5","2023-01-24","2024-08-27","6806.60","Fiel"
2643,"CLI02643","PF - Varejo","Fidelização","BA","5","2023-02-19","2023-11-09","7034.69","Fiel"
3490,"CLI03490","PJ - Frota Pequena","Digital","RJ","5","2023-02-09","2024-09-17","5448.25","Fiel"
3678,"CLI03678","PF - Premium","Digital","SP","5","2023-06-08","2024-05-11","9771.90","Fiel"
3461,"CLI03461","PF - Premium","Showroom","SP","5","2023-11-01","2024-12-10","4116.66","Fiel"
3050,"CLI03050","PF - Varejo","Indicação","MG","5","2023-11-16","2024-07-31","3703.61","Fiel"
1054,"CLI01054","PJ - Frota Pequena","Showroom","RJ","5","2023-12-04","2024-11-10","729.63","Fiel"
1434,"CLI01434","PF - Varejo","Digital","RJ","5","2023-01-09","2024-04-06","5391.09","Fiel"
86,"CLI00086","PF - Varejo","CRM Ativo","SC","5","2023-03-13","2024-03-12","6146.84","Fiel"
500,"CLI00500","PF - Premium","CRM Ativo","SP","5","2023-05-01","2024-12-26","3366.80","Fiel"
1750,"CLI01750","PJ - Frota Pequena","CRM Ativo","CE","5","2023-11-04","2024-09-12","8185.24","Fiel"
872,"CLI00872","PF - Varejo","Digital","SP","5","2023-04-27","2024-08-04","5257.41","Fiel"
2133,"CLI02133","PF - Varejo","Digital","RS","5","2023-11-25","2024-08-19","1381.11","Fiel"
3978,"CLI03978","PF - Varejo","Digital","SP","5","2023-02-18","2024-05-17","2797.73","Fiel"
664,"CLI00664","PF - Varejo","Indicação","MG","5","2024-04-01","2024-12-29","5224.82","Fiel"
748,"CLI00748","PF - Varejo","Recall","RJ","5","2023-06-06","2024-11-17","6772.22","Fiel"
1320,"CLI01320","PF - Varejo","Showroom","SC","5","2023-04-21","2024-09-29","3944.44","Fiel"
3376,"CLI03376","PJ - Frota Pequena","Fidelização","RJ","5","2023-05-28","2024-04-09","7911.14","Fiel"
1242,"CLI01242","PJ - Frota Pequena","CRM Ativo","PR","5","2023-01-03","2024-09-04","10725.46","Fiel"
1393,"CLI01393","PJ - Frota Grande","Digital","MG","5","2023-01-18","2024-09-20","6004.97","Fiel"
2485,"CLI02485","PF - Premium","Digital","PR","5","2023-02-13","2024-12-19","4680.75","Fiel"
3710,"CLI03710","PF - Premium","Indicação","BA","5","2023-06-20","2024-10-20","2870.69","Fiel"
3967,"CLI03967","PJ - Frota Grande","Indicação","MG","5","2023-03-10","2024-09-12","5329.92","Fiel"
474,"CLI00474","PF - Premium","Digital","RJ","5","2023-08-08","2024-06-28","9043.42","Fiel"
3137,"CLI03137","PF - Varejo","CRM Ativo","GO","5","2023-05-18","2023-10-11","6164.85","Fiel"
1537,"CLI01537","PF - Varejo","Indicação","RS","5","2023-02-19","2023-11-21","10641.95","Fiel"
3824,"CLI03824","PF - Varejo","Showroom","PR","5","2023-03-23","2024-11-30","10658.51","Fiel"
1550,"CLI01550","PJ - Frota Pequena","Indicação","RJ","5","2023-11-18","2024-05-09","7382.08","Fiel"
2129,"CLI02129","PJ - Frota Pequena","Digital","DF","5","2023-06-11","2024-08-12","7205.58","Fiel"
1808,"CLI01808","PJ - Frota Grande","Digital","PR","5","2023-02-05","2024-02-27","5432.91","Fiel"
12,"CLI00012","PJ - Frota Grande","Showroom","SP","5","2023-02-21","2024-10-02","5343.04","Fiel"
3011,"CLI03011","PF - Varejo","Digital","ES","5","2023-03-30","2024-08-26","7251.98","Fiel"
1238,"CLI01238","PJ - Frota Pequena","Digital","MG","5","2023-07-21","2024-06-05","4592.06","Fiel"
2168,"CLI02168","PF - Varejo","Digital","PR","5","2023-04-18","2024-12-03","3320.88","Fiel"
2699,"CLI02699","PJ - Frota Pequena","Indicação","MG","5","2023-02-12","2024-03-05","2557.59","Fiel"
276,"CLI00276","PF - Premium","Indicação","RJ","5","2023-01-23","2024-07-12","8418.60","Fiel"
874,"CLI00874","PF - Varejo","Indicação","SP","5","2023-04-21","2024-08-31","5281.50","Fiel"
1305,"CLI01305","PF - Varejo","Digital","SC","5","2023-05-04","2024-11-16","10130.91","Fiel"
1268,"CLI01268","PF - Varejo","Indicação","MG","5","2023-08-02","2024-12-12","5034.47","Fiel"
1163,"CLI01163","PF - Varejo","Digital","SC","5","2023-05-01","2024-07-03","7720.91","Fiel"
3175,"CLI03175","PF - Varejo","Fidelização","SC","5","2023-04-02","2024-12-29","9077.26","Fiel"
2289,"CLI02289","PJ - Frota Pequena","Recall","SP","5","2023-04-05","2024-11-11","10574.56","Fiel"
651,"CLI00651","PJ - Frota Grande","Indicação","RS","5","2023-05-10","2024-03-20","8755.90","Fiel"
2596,"CLI02596","PF - Varejo","Digital","PR","5","2023-02-24","2024-09-01","8117.42","Fiel"
3666,"CLI03666","PF - Varejo","Digital","CE","5","2023-05-14","2024-08-22","3270.41","Fiel"
2696,"CLI02696","PF - Varejo","Digital","RJ","5","2023-08-21","2024-12-03","3347.39","Fiel"
3042,"CLI03042","PF - Varejo","Recall","SP","5","2023-03-26","2024-12-14","13141.40","Fiel"
2912,"CLI02912","PF - Varejo","Digital","SP","5","2023-03-11","2024-11-16","5779.74","Fiel"
1090,"CLI01090","PF - Varejo","Recall","PR","5","2023-08-28","2024-08-23","4825.35","Fiel"
3263,"CLI03263","PF - Premium","CRM Ativo","RS","5","2023-03-02","2024-07-12","9411.91","Fiel"
1152,"CLI01152","PF - Premium","Indicação","RJ","5","2023-04-15","2024-10-26","5306.97","Fiel"
3935,"CLI03935","PF - Varejo","Recall","SP","5","2023-02-16","2024-09-07","7538.73","Fiel"
3748,"CLI03748","PF - Varejo","Fidelização","DF","5","2023-04-30","2024-12-10","8919.42","Fiel"
1857,"CLI01857","PF - Varejo","Digital","MG","5","2023-05-14","2024-10-03","4582.62","Fiel"
3168,"CLI03168","PJ - Frota Pequena","Showroom","PR","5","2023-01-14","2024-01-22","8103.85","Fiel"
638,"CLI00638","PF - Varejo","Indicação","RS","5","2023-03-17","2024-12-30","8681.24","Fiel"
624,"CLI00624","PF - Varejo","Showroom","BA","5","2023-06-24","2024-11-27","4584.27","Fiel"
1928,"CLI01928","PJ - Frota Pequena","Indicação","RS","5","2023-01-06","2024-11-02","11631.67","Fiel"
1431,"CLI01431","PF - Premium","Showroom","ES","5","2023-09-07","2024-12-10","4377.72","Fiel"
3688,"CLI03688","PF - Premium","Fidelização","BA","5","2023-02-09","2024-12-19","11201.94","Fiel"
3505,"CLI03505","PF - Varejo","Recall","SP","5","2023-01-02","2024-01-03","2513.56","Fiel"
2543,"CLI02543","PJ - Frota Pequena","Indicação","PE","5","2023-03-07","2024-02-24","4565.40","Fiel"
821,"CLI00821","PF - Varejo","Digital","SP","5","2023-02-25","2024-07-22","2602.87","Fiel"
2259,"CLI02259","PF - Varejo","Indicação","SP","5","2023-03-07","2024-12-08","6427.60","Fiel"
1551,"CLI01551","PF - Premium","Indicação","ES","5","2023-06-26","2024-11-15","1229.75","Fiel"
2332,"CLI02332","PJ - Frota Pequena","Indicação","RJ","5","2023-04-03","2024-08-26","4323.35","Fiel"
1173,"CLI01173","PJ - Frota Pequena","Digital","RJ","5","2023-09-08","2024-03-24","2270.20","Fiel"
1510,"CLI01510","PF - Varejo","Digital","PR","5","2023-11-17","2024-11-26","7173.02","Fiel"
3507,"CLI03507","PF - Varejo","Showroom","RJ","5","2023-01-29","2024-09-06","7843.91","Fiel"
3515,"CLI03515","PJ - Frota Pequena","CRM Ativo","SP","5","2023-03-09","2024-01-01","5627.13","Fiel"
1294,"CLI01294","PF - Varejo","Digital","RJ","5","2023-10-31","2024-11-16","3284.28","Fiel"
2313,"CLI02313","PF - Varejo","Showroom","RJ","5","2023-09-14","2024-11-16","5403.01","Fiel"
2806,"CLI02806","PJ - Frota Pequena","Digital","RJ","5","2023-05-03","2024-07-31","3207.53","Fiel"
3306,"CLI03306","PF - Premium","Digital","SP","5","2023-01-15","2024-12-03","8438.57","Fiel"
643,"CLI00643","PF - Premium","Indicação","CE","5","2023-03-01","2024-04-13","5976.19","Fiel"
856,"CLI00856","PF - Premium","Fidelização","BA","5","2023-01-20","2024-08-24","7318.91","Fiel"
2255,"CLI02255","PF - Varejo","CRM Ativo","SP","5","2023-04-06","2024-09-17","7205.21","Fiel"
3617,"CLI03617","PF - Varejo","Fidelização","BA","5","2023-03-11","2024-06-05","9401.83","Fiel"
2788,"CLI02788","PF - Premium","CRM Ativo","PR","5","2023-02-26","2024-06-26","4708.52","Fiel"
1265,"CLI01265","PF - Varejo","Fidelização","SP","5","2023-07-08","2024-05-25","10941.94","Fiel"
556,"CLI00556","PF - Premium","Indicação","GO","5","2023-02-07","2024-03-03","3046.67","Fiel"
3545,"CLI03545","PJ - Frota Pequena","Showroom","GO","5","2023-11-28","2024-10-31","2568.67","Fiel"
2197,"CLI02197","PF - Varejo","Indicação","RJ","5","2023-05-07","2024-08-30","2309.28","Fiel"
532,"CLI00532","PJ - Frota Pequena","Digital","SP","5","2023-03-20","2024-10-03","10045.11","Fiel"
3103,"CLI03103","PF - Premium","Digital","PE","5","2023-02-04","2024-10-18","10136.91","Fiel"
1459,"CLI01459","PF - Varejo","Indicação","PR","5","2023-02-23","2024-10-26","8613.42","Fiel"
3404,"CLI03404","PF - Varejo","Recall","RS","5","2023-01-23","2024-05-27","6601.56","Fiel"
2671,"CLI02671","PF - Premium","Recall","MG","5","2023-03-06","2024-02-05","9211.66","Fiel"
3815,"CLI03815","PJ - Frota Pequena","CRM Ativo","MG","5","2023-03-11","2024-08-12","8515.55","Fiel"
3375,"CLI03375","PF - Varejo","Indicação","DF","5","2023-02-18","2024-10-29","4251.43","Fiel"
2074,"CLI02074","PJ - Frota Pequena","Fidelização","MG","5","2023-01-03","2024-09-21","5036.81","Fiel"
3034,"CLI03034","PF - Varejo","Digital","SP","5","2023-01-21","2024-07-21","4480.34","Fiel"
2409,"CLI02409","PF - Varejo","Recall","GO","5","2023-01-16","2024-02-06","6888.47","Fiel"
1862,"CLI01862","PF - Varejo","Fidelização","SP","5","2023-02-18","2024-11-15","4476.93","Fiel"
171,"CLI00171","PJ - Frota Grande","Digital","GO","5","2023-02-01","2024-07-03","4163.12","Fiel"
1776,"CLI01776","PF - Varejo","Indicação","SP","5","2023-05-20","2024-12-31","3199.82","Fiel"
3965,"CLI03965","PF - Premium","Digital","SP","5","2023-03-24","2024-04-12","2170.17","Fiel"
1062,"CLI01062","PJ - Frota Grande","Recall","PE","5","2023-09-15","2024-12-20","8926.43","Fiel"
373,"CLI00373","PF - Varejo","Indicação","SP","5","2023-05-30","2024-09-09","4016.53","Fiel"
1880,"CLI01880","PF - Varejo","Recall","ES","5","2023-06-01","2024-09-06","2417.18","Fiel"
1784,"CLI01784","PF - Varejo","Digital","PR","5","2023-06-30","2024-12-14","13961.98","Fiel"
391,"CLI00391","PF - Varejo","Showroom","RJ","5","2023-03-30","2024-11-22","7060.40","Fiel"
1497,"CLI01497","PF - Varejo","Fidelização","GO","5","2023-02-09","2024-12-31","4366.29","Fiel"
2376,"CLI02376","PF - Varejo","Fidelização","SP","5","2023-10-01","2024-12-07","11630.67","Fiel"
1664,"CLI01664","PF - Varejo","Recall","MG","5","2023-03-20","2024-10-23","2297.85","Fiel"
542,"CLI00542","PF - Premium","Digital","SC","5","2023-02-19","2024-09-04","6958.52","Fiel"
1703,"CLI01703","PJ - Frota Grande","Fidelização","SP","5","2024-04-22","2024-11-06","3759.13","Fiel"
642,"CLI00642","PJ - Frota Pequena","Fidelização","GO","5","2023-03-17","2024-08-14","2592.18","Fiel"
3287,"CLI03287","PF - Premium","Digital","MG","5","2023-02-06","2024-09-22","7684.99","Fiel"
2891,"CLI02891","PF - Premium","Digital","SP","5","2023-10-24","2024-10-24","8567.67","Fiel"
745,"CLI00745","PJ - Frota Pequena","Digital","RS","5","2023-06-09","2024-08-29","5694.90","Fiel"
3724,"CLI03724","PF - Varejo","Showroom","MG","5","2023-03-16","2024-04-14","1182.88","Fiel"
205,"CLI00205","PF - Premium","Indicação","ES","5","2023-06-13","2024-11-26","2556.59","Fiel"
2838,"CLI02838","PF - Varejo","Fidelização","MG","5","2023-04-03","2024-09-20","6987.66","Fiel"
3788,"CLI03788","PF - Varejo","CRM Ativo","BA","5","2023-02-26","2024-11-07","4510.38","Fiel"
3580,"CLI03580","PF - Varejo","Indicação","PE","5","2023-01-01","2024-05-23","6940.62","Fiel"
777,"CLI00777","PJ - Frota Pequena","Fidelização","GO","5","2023-05-16","2024-06-26","7782.19","Fiel"
1325,"CLI01325","PF - Varejo","Digital","ES","5","2023-01-16","2024-11-27","4719.62","Fiel"
607,"CLI00607","PF - Varejo","Digital","ES","5","2023-03-23","2024-01-01","3268.37","Fiel"
501,"CLI00501","PF - Varejo","Showroom","ES","5","2023-02-22","2023-12-31","5354.71","Fiel"
3903,"CLI03903","PF - Premium","Digital","SP","5","2023-02-12","2024-11-27","5015.20","Fiel"
1025,"CLI01025","PF - Premium","Showroom","SC","5","2023-07-13","2024-11-21","2448.45","Fiel"
2787,"CLI02787","PF - Varejo","Fidelização","BA","5","2023-05-28","2024-08-05","858.77","Fiel"
1845,"CLI01845","PF - Premium","Recall","RJ","5","2023-06-03","2024-11-25","5277.21","Fiel"
1679,"CLI01679","PF - Varejo","Indicação","PE","5","2023-01-31","2024-11-15","4873.47","Fiel"
1757,"CLI01757","PF - Varejo","Fidelização","MG","5","2023-04-22","2024-12-24","2591.33","Fiel"
545,"CLI00545","PF - Varejo","Digital","SP","5","2023-08-17","2024-08-14","7929.87","Fiel"
1959,"CLI01959","PF - Varejo","Indicação","SP","5","2023-01-12","2024-06-07","13839.64","Fiel"
3516,"CLI03516","PF - Varejo","Showroom","RJ","5","2023-03-16","2024-03-15","2111.55","Fiel"
3533,"CLI03533","PF - Varejo","Showroom","GO","5","2023-01-06","2024-04-13","6756.69","Fiel"
3632,"CLI03632","PF - Premium","Digital","SP","5","2023-05-07","2024-12-03","11268.11","Fiel"
2278,"CLI02278","PF - Varejo","Showroom","PR","5","2023-02-02","2023-07-31","5352.87","Fiel"
524,"CLI00524","PF - Premium","Indicação","SC","5","2023-02-28","2024-12-18","5145.77","Fiel"
121,"CLI00121","PF - Varejo","Fidelização","GO","5","2023-02-23","2023-12-25","2581.12","Fiel"
2970,"CLI02970","PJ - Frota Grande","Showroom","RJ","5","2023-02-21","2024-04-19","6550.59","Fiel"
175,"CLI00175","PF - Varejo","Indicação","BA","5","2023-02-06","2024-12-03","4703.51","Fiel"
968,"CLI00968","PF - Varejo","Showroom","GO","5","2023-03-28","2024-08-08","4382.50","Fiel"
58,"CLI00058","PF - Varejo","Indicação","PR","5","2023-09-15","2024-11-04","9471.05","Fiel"
3133,"CLI03133","PF - Premium","Recall","MG","5","2023-03-05","2024-12-18","9693.65","Fiel"
1929,"CLI01929","PF - Varejo","Showroom","SP","5","2023-07-09","2024-12-25","5806.61","Fiel"
1311,"CLI01311","PF - Premium","Digital","MG","5","2023-03-05","2024-08-25","8628.94","Fiel"
2737,"CLI02737","PF - Varejo","Digital","PE","5","2023-03-13","2024-08-25","4549.19","Fiel"
164,"CLI00164","PF - Varejo","CRM Ativo","DF","5","2023-02-23","2024-09-13","10992.89","Fiel"
1435,"CLI01435","PJ - Frota Grande","CRM Ativo","SP","5","2023-06-25","2024-10-31","3966.13","Fiel"
3577,"CLI03577","PF - Varejo","Indicação","SP","5","2023-06-25","2024-02-04","13707.84","Fiel"
1875,"CLI01875","PF - Premium","Recall","BA","5","2023-04-16","2024-06-30","2818.40","Fiel"
258,"CLI00258","PJ - Frota Pequena","CRM Ativo","RJ","5","2023-10-16","2024-10-03","6884.39","Fiel"
455,"CLI00455","PF - Varejo","Digital","PR","5","2023-01-13","2024-08-02","4187.03","Fiel"
1049,"CLI01049","PF - Varejo","Showroom","SP","5","2024-09-03","2024-12-26","5778.73","Fiel"
3487,"CLI03487","PF - Premium","Indicação","PR","5","2023-09-26","2023-10-22","3648.35","Fiel"
1237,"CLI01237","PF - Varejo","Digital","SC","5","2023-01-28","2023-10-29","6748.92","Fiel"
640,"CLI00640","PJ - Frota Pequena","Digital","MG","5","2023-06-30","2024-12-11","10407.51","Fiel"
1433,"CLI01433","PJ - Frota Pequena","Fidelização","RJ","5","2023-01-24","2024-11-24","6268.07","Fiel"
428,"CLI00428","PF - Varejo","Indicação","SC","5","2023-03-04","2024-10-05","2151.00","Fiel"
3574,"CLI03574","PF - Varejo","Fidelização","SP","5","2023-02-11","2024-09-19","9713.59","Fiel"
646,"CLI00646","PF - Premium","Indicação","SP","5","2023-10-29","2024-11-29","2596.76","Fiel"
2158,"CLI02158","PF - Premium","Digital","MG","5","2023-08-03","2024-11-06","15499.49","Fiel"
761,"CLI00761","PF - Varejo","Indicação","ES","5","2024-06-23","2024-10-07","4065.83","Fiel"
152,"CLI00152","PF - Varejo","Showroom","SC","5","2023-02-23","2024-08-29","6729.34","Fiel"
379,"CLI00379","PF - Premium","Indicação","MG","5","2023-04-17","2024-08-06","10600.19","Fiel"
728,"CLI00728","PF - Premium","Showroom","SP","5","2023-01-31","2024-08-31","3291.31","Fiel"
2384,"CLI02384","PF - Premium","Showroom","PR","5","2023-03-23","2024-03-20","3083.91","Fiel"
906,"CLI00906","PF - Varejo","Digital","MG","5","2023-05-11","2024-10-09","9486.90","Fiel"
1649,"CLI01649","PF - Varejo","Digital","BA","5","2023-02-14","2024-10-03","5209.81","Fiel"
1748,"CLI01748","PF - Varejo","Digital","DF","5","2023-01-26","2023-11-07","4966.18","Fiel"
127,"CLI00127","PJ - Frota Pequena","Fidelização","ES","5","2023-11-05","2024-08-27","5058.40","Fiel"
255,"CLI00255","PJ - Frota Pequena","Digital","RS","5","2023-03-03","2024-10-01","9111.87","Fiel"
817,"CLI00817","PF - Varejo","Indicação","DF","4","2023-11-13","2024-09-26","3571.73","Fiel"
231,"CLI00231","PF - Varejo","Indicação","SC","4","2024-04-28","2024-11-12","3310.06","Fiel"
1053,"CLI01053","PJ - Frota Grande","Indicação","RJ","4","2023-07-08","2024-03-12","4239.75","Fiel"
166,"CLI00166","PF - Premium","Recall","SP","4","2023-08-17","2024-06-16","2221.48","Fiel"
3940,"CLI03940","PF - Premium","Digital","RJ","4","2023-01-27","2024-09-23","6354.85","Fiel"
1650,"CLI01650","PF - Varejo","Digital","PR","4","2023-03-03","2024-03-22","3506.54","Fiel"
6,"CLI00006","PF - Premium","Digital","MG","4","2023-03-09","2024-09-05","1984.11","Fiel"
3473,"CLI03473","PJ - Frota Pequena","Digital","BA","4","2023-02-28","2023-11-11","2668.06","Fiel"
730,"CLI00730","PF - Premium","Digital","BA","4","2023-03-11","2024-11-22","2162.50","Fiel"
1769,"CLI01769","PF - Varejo","Indicação","SC","4","2023-11-06","2024-07-11","12164.43","Fiel"
1028,"CLI01028","PF - Premium","Recall","SP","4","2023-02-10","2024-12-12","1528.10","Fiel"
2430,"CLI02430","PF - Varejo","Fidelização","RS","4","2023-08-23","2024-09-27","4884.41","Fiel"
3426,"CLI03426","PJ - Frota Grande","CRM Ativo","GO","4","2023-02-06","2024-03-15","4902.47","Fiel"
2953,"CLI02953","PJ - Frota Grande","Digital","SP","4","2024-03-31","2024-11-17","7320.67","Fiel"
2756,"CLI02756","PJ - Frota Pequena","Indicação","RJ","4","2023-05-27","2024-09-14","10872.36","Fiel"
855,"CLI00855","PF - Premium","Indicação","ES","4","2024-01-20","2024-11-26","1080.44","Fiel"
3585,"CLI03585","PJ - Frota Pequena","Showroom","DF","4","2023-03-29","2024-05-28","6622.01","Fiel"
3743,"CLI03743","PF - Varejo","Showroom","RS","4","2023-02-20","2024-08-04","1208.82","Fiel"
2311,"CLI02311","PF - Varejo","Digital","RJ","4","2023-10-07","2024-07-03","11871.07","Fiel"
2976,"CLI02976","PJ - Frota Pequena","Indicação","SP","4","2023-01-04","2024-10-20","2958.18","Fiel"
3631,"CLI03631","PF - Varejo","Digital","PR","4","2023-03-10","2024-10-30","4598.03","Fiel"
1905,"CLI01905","PF - Varejo","Digital","SP","4","2023-01-02","2024-12-18","6383.93","Fiel"
1291,"CLI01291","PJ - Frota Grande","Showroom","RJ","4","2023-02-06","2024-10-10","4988.80","Fiel"
3124,"CLI03124","PJ - Frota Grande","Digital","PR","4","2023-12-17","2024-12-29","2013.93","Fiel"
2871,"CLI02871","PJ - Frota Pequena","Fidelização","SP","4","2023-04-15","2024-11-06","9137.07","Fiel"
2297,"CLI02297","PF - Premium","Fidelização","PE","4","2023-08-16","2024-02-01","2542.75","Fiel"
2415,"CLI02415","PF - Varejo","Digital","GO","4","2023-04-06","2023-07-20","15403.16","Fiel"
308,"CLI00308","PF - Varejo","Showroom","MG","4","2023-03-16","2023-06-12","4825.19","Fiel"
3878,"CLI03878","PF - Varejo","Digital","SC","4","2023-11-28","2024-07-25","8669.51","Fiel"
1783,"CLI01783","PJ - Frota Pequena","Digital","GO","4","2023-05-14","2024-10-06","2622.45","Fiel"
2943,"CLI02943","PF - Varejo","Digital","DF","4","2023-08-01","2024-11-20","2696.20","Fiel"
158,"CLI00158","PJ - Frota Pequena","Digital","SP","4","2023-08-17","2024-02-07","4211.12","Fiel"
2024,"CLI02024","PF - Varejo","Indicação","MG","4","2023-01-24","2024-10-24","4013.58","Fiel"
2011,"CLI02011","PF - Varejo","Digital","RJ","4","2023-07-13","2024-09-20","6921.91","Fiel"
3113,"CLI03113","PF - Varejo","Showroom","RJ","4","2023-06-24","2024-01-29","4096.93","Fiel"
1130,"CLI01130","PF - Premium","Indicação","RJ","4","2023-03-19","2024-10-20","3125.75","Fiel"
281,"CLI00281","PJ - Frota Pequena","Showroom","RS","4","2023-05-22","2024-10-27","2864.54","Fiel"
3350,"CLI03350","PF - Varejo","Fidelização","RS","4","2023-05-04","2024-11-27","17784.17","Fiel"
3409,"CLI03409","PF - Varejo","Indicação","SP","4","2023-02-26","2023-10-29","4818.34","Fiel"
2529,"CLI02529","PF - Premium","Recall","PR","4","2023-01-13","2024-11-07","7651.14","Fiel"
635,"CLI00635","PJ - Frota Pequena","Indicação","SP","4","2023-10-02","2024-10-26","5757.58","Fiel"
147,"CLI00147","PF - Premium","Indicação","CE","4","2023-02-09","2024-05-09","2540.19","Fiel"
2721,"CLI02721","PF - Varejo","Digital","RJ","4","2023-03-02","2024-01-13","6435.07","Fiel"
376,"CLI00376","PF - Varejo","Digital","RJ","4","2023-07-07","2024-06-16","2172.73","Fiel"
3997,"CLI03997","PF - Varejo","Indicação","RJ","4","2023-05-13","2024-12-07","3124.82","Fiel"
2484,"CLI02484","PJ - Frota Pequena","Showroom","SP","4","2023-02-25","2024-11-20","2558.17","Fiel"
1937,"CLI01937","PJ - Frota Pequena","Digital","BA","4","2023-08-31","2024-10-13","8125.72","Fiel"
2029,"CLI02029","PJ - Frota Grande","Digital","RJ","4","2023-04-24","2024-03-15","8102.07","Fiel"
527,"CLI00527","PF - Varejo","Indicação","SP","4","2023-06-08","2024-11-10","6532.82","Fiel"
1400,"CLI01400","PJ - Frota Grande","Fidelização","CE","4","2023-04-23","2024-10-04","4024.52","Fiel"
2084,"CLI02084","PF - Premium","Indicação","SP","4","2023-01-29","2024-01-10","5030.56","Fiel"
1228,"CLI01228","PF - Varejo","Digital","RJ","4","2023-01-11","2024-06-11","2955.26","Fiel"
1886,"CLI01886","PJ - Frota Pequena","Fidelização","SP","4","2023-03-15","2024-06-17","12398.00","Fiel"
3082,"CLI03082","PF - Varejo","Showroom","DF","4","2023-01-26","2024-09-10","2464.59","Fiel"
530,"CLI00530","PF - Premium","Showroom","RJ","4","2023-01-18","2024-11-20","3432.39","Fiel"
1071,"CLI01071","PF - Varejo","Digital","RS","4","2023-05-01","2024-11-20","6099.12","Fiel"
1206,"CLI01206","PF - Varejo","CRM Ativo","SP","4","2023-03-08","2024-11-20","7820.03","Fiel"
3038,"CLI03038","PJ - Frota Grande","Showroom","RS","4","2023-11-02","2024-12-17","8267.29","Fiel"
2199,"CLI02199","PF - Varejo","Recall","RJ","4","2023-02-02","2024-09-23","8180.27","Fiel"
354,"CLI00354","PJ - Frota Pequena","Indicação","RS","4","2023-05-26","2024-11-10","3169.92","Fiel"
3405,"CLI03405","PF - Varejo","Recall","PR","4","2023-02-18","2024-11-04","13341.59","Fiel"
2143,"CLI02143","PJ - Frota Grande","Showroom","PR","4","2023-02-25","2024-11-17","2737.09","Fiel"
726,"CLI00726","PJ - Frota Grande","Fidelização","ES","4","2023-12-03","2024-08-02","12192.89","Fiel"
3030,"CLI03030","PJ - Frota Grande","Showroom","SP","4","2023-01-16","2024-03-29","1141.14","Fiel"
1986,"CLI01986","PF - Varejo","Digital","SP","4","2023-05-09","2024-12-04","3866.02","Fiel"
2188,"CLI02188","PF - Varejo","CRM Ativo","SP","4","2024-06-23","2024-12-25","2861.90","Fiel"
1145,"CLI01145","PJ - Frota Pequena","Fidelização","RJ","4","2024-01-08","2024-11-30","7602.45","Fiel"
3236,"CLI03236","PF - Varejo","Digital","BA","4","2023-02-04","2024-02-13","9714.13","Fiel"
1226,"CLI01226","PF - Varejo","Digital","SP","4","2023-02-23","2024-05-10","1783.85","Fiel"
2872,"CLI02872","PF - Varejo","Indicação","PR","4","2023-09-26","2024-08-15","1629.90","Fiel"
1917,"CLI01917","PJ - Frota Pequena","Indicação","SC","4","2023-01-23","2023-12-04","5768.96","Fiel"
1774,"CLI01774","PF - Varejo","Showroom","PR","4","2023-04-20","2023-10-15","3701.29","Fiel"
138,"CLI00138","PF - Premium","Fidelização","PE","4","2023-12-09","2024-12-28","7423.29","Fiel"
149,"CLI00149","PF - Varejo","Fidelização","BA","4","2023-06-28","2024-08-20","7794.70","Fiel"
2303,"CLI02303","PF - Varejo","Showroom","RJ","4","2024-01-10","2024-12-29","5659.59","Fiel"
2536,"CLI02536","PF - Varejo","Digital","RJ","4","2023-08-04","2024-11-06","10368.30","Fiel"
3621,"CLI03621","PF - Varejo","Fidelização","RJ","4","2023-03-06","2024-11-21","2388.66","Fiel"
980,"CLI00980","PJ - Frota Pequena","Indicação","RJ","4","2023-05-17","2024-06-25","2908.68","Fiel"
2684,"CLI02684","PJ - Frota Pequena","Digital","BA","4","2023-03-25","2024-05-24","4444.34","Fiel"
2235,"CLI02235","PF - Premium","Digital","SP","4","2023-07-03","2024-04-25","13331.32","Fiel"
1647,"CLI01647","PF - Varejo","Fidelização","CE","4","2023-01-26","2024-09-27","3984.68","Fiel"
1684,"CLI01684","PF - Premium","CRM Ativo","RJ","4","2023-01-06","2024-02-23","3723.84","Fiel"
1944,"CLI01944","PF - Varejo","Indicação","SP","4","2023-11-03","2024-05-10","5271.96","Fiel"
2792,"CLI02792","PF - Premium","Recall","SP","4","2023-09-11","2024-07-01","4156.08","Fiel"
73,"CLI00073","PJ - Frota Grande","Fidelização","BA","4","2023-01-24","2024-11-24","4742.57","Fiel"
2814,"CLI02814","PF - Premium","Fidelização","CE","4","2023-02-03","2024-08-13","5159.63","Fiel"
2179,"CLI02179","PF - Varejo","Indicação","PR","4","2023-04-06","2023-07-17","2842.91","Fiel"
922,"CLI00922","PJ - Frota Grande","Indicação","BA","4","2023-05-14","2024-12-12","6899.82","Fiel"
222,"CLI00222","PF - Varejo","Recall","SP","4","2023-06-09","2024-08-30","9539.06","Fiel"
1279,"CLI01279","PF - Varejo","Showroom","PE","4","2023-05-29","2024-06-08","7235.65","Fiel"
3253,"CLI03253","PF - Varejo","Indicação","RS","4","2023-01-24","2024-03-23","3583.88","Fiel"
344,"CLI00344","PF - Varejo","Recall","BA","4","2023-08-12","2024-11-13","4996.21","Fiel"
829,"CLI00829","PJ - Frota Pequena","Recall","RS","4","2023-03-02","2024-11-24","2099.59","Fiel"
1557,"CLI01557","PF - Varejo","Digital","SP","4","2023-01-17","2024-11-01","5934.62","Fiel"
822,"CLI00822","PF - Varejo","Showroom","RS","4","2023-02-17","2024-03-29","2665.65","Fiel"
3282,"CLI03282","PJ - Frota Pequena","Digital","SP","4","2023-12-10","2024-10-18","5166.41","Fiel"
1178,"CLI01178","PJ - Frota Grande","Digital","SP","4","2023-01-28","2024-03-24","2033.25","Fiel"
2406,"CLI02406","PF - Premium","Showroom","MG","4","2023-07-11","2024-10-24","2226.73","Fiel"
2796,"CLI02796","PJ - Frota Grande","Showroom","SP","4","2023-02-18","2024-09-21","7441.74","Fiel"
2367,"CLI02367","PF - Varejo","Digital","SP","4","2023-06-25","2024-08-25","2646.99","Fiel"
3096,"CLI03096","PF - Varejo","Indicação","SP","4","2023-09-27","2024-09-29","7270.45","Fiel"
3945,"CLI03945","PF - Varejo","Recall","MG","4","2023-04-18","2024-09-01","4535.20","Fiel"
1990,"CLI01990","PF - Varejo","Showroom","SP","4","2023-05-01","2024-10-22","6577.85","Fiel"
241,"CLI00241","PF - Varejo","Showroom","MG","4","2023-06-02","2024-10-03","4447.78","Fiel"
1464,"CLI01464","PF - Premium","Digital","MG","4","2023-06-07","2024-12-08","7746.00","Fiel"
3555,"CLI03555","PJ - Frota Pequena","Fidelização","MG","4","2023-01-09","2024-03-01","3752.21","Fiel"
3389,"CLI03389","PF - Varejo","CRM Ativo","RS","4","2023-06-10","2024-11-03","1861.36","Fiel"
1547,"CLI01547","PF - Varejo","Digital","SP","4","2023-04-17","2024-09-20","3828.57","Fiel"
3949,"CLI03949","PJ - Frota Grande","Indicação","SP","4","2023-08-01","2024-02-14","7020.20","Fiel"
2990,"CLI02990","PF - Varejo","Digital","SP","4","2023-06-10","2024-08-11","2187.94","Fiel"
2030,"CLI02030","PJ - Frota Pequena","Recall","RJ","4","2023-01-29","2024-08-14","3426.76","Fiel"
2260,"CLI02260","PJ - Frota Pequena","Showroom","RJ","4","2023-03-10","2024-12-20","2377.98","Fiel"
1122,"CLI01122","PJ - Frota Grande","Indicação","MG","4","2023-05-09","2024-04-28","3165.51","Fiel"
2842,"CLI02842","PF - Varejo","Indicação","SP","4","2023-01-05","2024-12-04","7503.20","Fiel"
257,"CLI00257","PF - Varejo","Fidelização","MG","4","2023-11-18","2024-10-14","4921.51","Fiel"
1945,"CLI01945","PF - Varejo","CRM Ativo","RJ","4","2023-01-04","2024-05-04","4462.54","Fiel"
1348,"CLI01348","PF - Varejo","Indicação","RJ","4","2023-12-18","2024-08-10","14169.29","Fiel"
2456,"CLI02456","PF - Varejo","Fidelização","RJ","4","2023-10-15","2024-11-30","13326.92","Fiel"
1408,"CLI01408","PF - Varejo","Indicação","SP","4","2023-03-26","2023-09-23","4272.16","Fiel"
3653,"CLI03653","PF - Premium","Recall","SP","4","2023-12-23","2024-12-04","7913.49","Fiel"
3223,"CLI03223","PF - Varejo","Fidelização","MG","4","2023-03-19","2024-09-10","5073.05","Fiel"
2068,"CLI02068","PF - Varejo","Showroom","DF","4","2023-12-05","2024-10-29","6097.00","Fiel"
3569,"CLI03569","PF - Varejo","Digital","BA","4","2023-10-24","2024-12-12","1001.66","Fiel"
1391,"CLI01391","PF - Varejo","Digital","MG","4","2023-11-15","2024-12-11","2258.95","Fiel"
3885,"CLI03885","PF - Varejo","Showroom","SP","4","2023-10-05","2024-11-23","1826.55","Fiel"
3302,"CLI03302","PF - Varejo","Indicação","MG","4","2023-02-23","2024-10-31","3403.36","Fiel"
3550,"CLI03550","PJ - Frota Grande","Digital","MG","4","2024-03-31","2024-12-29","5249.20","Fiel"
2461,"CLI02461","PF - Varejo","Digital","SP","4","2023-06-23","2024-09-20","1934.35","Fiel"
1358,"CLI01358","PF - Varejo","Showroom","SP","4","2023-02-16","2024-10-19","3365.67","Fiel"
1573,"CLI01573","PF - Varejo","Digital","PE","4","2023-02-22","2024-05-09","2979.31","Fiel"
2373,"CLI02373","PF - Premium","Recall","SP","4","2023-02-20","2024-12-28","9175.10","Fiel"
703,"CLI00703","PF - Varejo","Digital","SC","4","2023-04-15","2024-11-09","2355.71","Fiel"
2813,"CLI02813","PF - Varejo","Indicação","RJ","4","2023-02-08","2024-10-28","4285.57","Fiel"
1797,"CLI01797","PJ - Frota Pequena","Digital","SP","4","2023-03-18","2024-12-13","4117.61","Fiel"
1964,"CLI01964","PF - Varejo","Recall","SP","4","2023-04-14","2024-05-02","3208.81","Fiel"
3437,"CLI03437","PF - Varejo","Recall","GO","4","2023-01-26","2024-09-08","2144.11","Fiel"
3179,"CLI03179","PF - Premium","CRM Ativo","BA","4","2023-09-03","2024-05-08","4985.48","Fiel"
2623,"CLI02623","PF - Varejo","Recall","MG","4","2023-02-23","2024-10-31","4680.10","Fiel"
3247,"CLI03247","PF - Varejo","Recall","RS","4","2023-10-10","2024-02-09","6564.98","Fiel"
2949,"CLI02949","PF - Varejo","Showroom","RJ","4","2023-01-31","2024-04-22","10757.99","Fiel"
2777,"CLI02777","PJ - Frota Pequena","Showroom","RJ","4","2023-04-25","2024-04-11","7131.58","Fiel"
218,"CLI00218","PF - Varejo","Showroom","SP","4","2023-02-20","2024-10-27","3824.92","Fiel"
2107,"CLI02107","PJ - Frota Pequena","Showroom","SP","4","2023-07-12","2024-07-20","4624.50","Fiel"
392,"CLI00392","PJ - Frota Pequena","Showroom","ES","4","2023-03-12","2024-11-05","4880.08","Fiel"
146,"CLI00146","PF - Varejo","Indicação","RJ","4","2023-03-11","2024-07-05","6570.50","Fiel"
240,"CLI00240","PJ - Frota Pequena","Indicação","SP","4","2023-01-20","2024-12-29","1753.92","Fiel"
1369,"CLI01369","PJ - Frota Pequena","Recall","RS","4","2023-04-01","2024-10-24","3234.30","Fiel"
1838,"CLI01838","PF - Premium","Indicação","SP","4","2023-05-01","2024-05-07","2229.49","Fiel"
2103,"CLI02103","PJ - Frota Pequena","CRM Ativo","SP","4","2023-07-03","2024-04-02","3074.30","Fiel"
3377,"CLI03377","PF - Varejo","Fidelização","RJ","4","2023-01-17","2023-08-12","5946.26","Fiel"
1023,"CLI01023","PF - Varejo","Recall","RJ","4","2023-06-07","2024-05-01","2362.21","Fiel"
1208,"CLI01208","PF - Varejo","Recall","SP","4","2023-09-18","2024-12-09","3603.62","Fiel"
3836,"CLI03836","PF - Varejo","Fidelização","MG","4","2023-04-16","2024-12-22","12932.92","Fiel"
36,"CLI00036","PJ - Frota Pequena","Digital","SP","4","2023-01-21","2024-10-14","2555.92","Fiel"
3294,"CLI03294","PF - Premium","Digital","SP","4","2023-08-04","2024-12-02","1434.60","Fiel"
461,"CLI00461","PJ - Frota Grande","Indicação","SP","4","2023-02-02","2024-05-07","3805.34","Fiel"
1363,"CLI01363","PJ - Frota Pequena","Indicação","RJ","4","2023-03-08","2024-05-13","5277.58","Fiel"
813,"CLI00813","PF - Premium","Fidelização","GO","4","2023-12-13","2024-11-25","8396.49","Fiel"
691,"CLI00691","PF - Varejo","CRM Ativo","SP","4","2023-03-01","2024-09-01","3213.49","Fiel"
2338,"CLI02338","PJ - Frota Pequena","Indicação","SP","4","2023-02-24","2024-06-09","3591.22","Fiel"
1916,"CLI01916","PJ - Frota Pequena","Showroom","RJ","4","2023-02-04","2024-11-27","3979.40","Fiel"
52,"CLI00052","PF - Premium","Showroom","MG","4","2023-03-31","2024-12-28","13093.61","Fiel"
72,"CLI00072","PF - Varejo","Digital","SP","4","2023-03-21","2024-08-25","4028.04","Fiel"
1581,"CLI01581","PF - Varejo","Digital","ES","4","2023-09-30","2024-06-20","2749.79","Fiel"
371,"CLI00371","PF - Varejo","Recall","MG","4","2023-03-20","2024-03-26","4935.29","Fiel"
3552,"CLI03552","PF - Varejo","Indicação","BA","4","2023-03-21","2024-09-24","5047.74","Fiel"
450,"CLI00450","PF - Varejo","Recall","CE","4","2023-06-27","2024-08-21","1684.91","Fiel"
2957,"CLI02957","PJ - Frota Grande","Digital","SC","4","2024-10-17","2024-11-20","6798.58","Fiel"
2377,"CLI02377","PJ - Frota Grande","Indicação","PE","4","2023-04-08","2024-12-19","6976.72","Fiel"
3961,"CLI03961","PF - Varejo","Showroom","PE","4","2023-11-19","2024-12-13","8613.00","Fiel"
2436,"CLI02436","PF - Varejo","Recall","CE","4","2024-05-18","2024-10-06","5695.40","Fiel"
2280,"CLI02280","PF - Varejo","CRM Ativo","MG","4","2023-12-28","2024-12-23","8051.98","Fiel"
1796,"CLI01796","PF - Varejo","Digital","RJ","4","2023-03-25","2024-12-02","3804.13","Fiel"
953,"CLI00953","PF - Varejo","Digital","RJ","4","2023-03-06","2024-12-12","4247.11","Fiel"
884,"CLI00884","PF - Varejo","Indicação","MG","4","2023-04-06","2024-12-16","2374.30","Fiel"
1656,"CLI01656","PF - Varejo","Fidelização","SC","4","2023-01-29","2024-08-07","2935.19","Fiel"
935,"CLI00935","PJ - Frota Pequena","Digital","RJ","4","2024-01-14","2024-09-06","4123.10","Fiel"
1345,"CLI01345","PJ - Frota Grande","CRM Ativo","SP","4","2024-01-23","2024-03-26","5781.24","Fiel"
1605,"CLI01605","PF - Varejo","Showroom","SP","4","2023-03-06","2024-12-11","3080.38","Fiel"
2801,"CLI02801","PF - Varejo","Showroom","PE","4","2023-02-18","2024-03-15","4950.58","Fiel"
3271,"CLI03271","PF - Premium","Digital","SC","4","2023-04-04","2023-10-05","4469.83","Fiel"
262,"CLI00262","PF - Varejo","Digital","SP","4","2023-02-27","2024-06-15","5772.36","Fiel"
3835,"CLI03835","PF - Varejo","Indicação","SP","4","2023-06-06","2024-02-17","4610.44","Fiel"
3081,"CLI03081","PJ - Frota Pequena","Indicação","CE","4","2023-01-26","2024-11-01","14341.13","Fiel"
375,"CLI00375","PJ - Frota Grande","Digital","SP","4","2023-02-18","2024-12-27","2115.00","Fiel"
780,"CLI00780","PJ - Frota Grande","Recall","MG","4","2023-08-09","2024-11-09","6202.12","Fiel"
2193,"CLI02193","PJ - Frota Pequena","Digital","RJ","4","2023-03-08","2024-11-02","8706.30","Fiel"
1567,"CLI01567","PF - Varejo","Indicação","RJ","4","2023-01-17","2024-01-29","2489.40","Fiel"
807,"CLI00807","PF - Premium","Digital","SP","4","2023-12-24","2024-09-19","4952.07","Fiel"
1767,"CLI01767","PF - Varejo","Indicação","PE","4","2023-07-11","2024-11-18","2308.43","Fiel"
2037,"CLI02037","PF - Varejo","Fidelização","GO","4","2023-06-13","2024-04-11","3567.87","Fiel"
2111,"CLI02111","PF - Varejo","Digital","MG","4","2023-05-09","2024-09-22","4270.80","Fiel"
976,"CLI00976","PF - Varejo","Recall","RS","4","2023-02-04","2024-09-02","8319.31","Fiel"
737,"CLI00737","PF - Varejo","Digital","SP","4","2023-05-01","2023-12-29","4760.74","Fiel"
3553,"CLI03553","PJ - Frota Pequena","CRM Ativo","ES","4","2023-02-07","2024-12-18","5387.10","Fiel"
1791,"CLI01791","PJ - Frota Grande","Recall","RJ","4","2023-03-13","2024-05-30","2406.40","Fiel"
1700,"CLI01700","PF - Premium","CRM Ativo","ES","4","2023-01-11","2024-09-17","4674.88","Fiel"
1847,"CLI01847","PF - Premium","Digital","MG","4","2023-02-11","2024-07-16","2160.12","Fiel"
2512,"CLI02512","PJ - Frota Pequena","CRM Ativo","GO","4","2024-01-03","2024-11-07","1939.59","Fiel"
2669,"CLI02669","PF - Varejo","Showroom","RJ","4","2023-03-17","2023-09-11","10495.89","Fiel"
2486,"CLI02486","PF - Premium","Showroom","SP","4","2023-04-30","2024-10-08","5906.64","Fiel"
798,"CLI00798","PF - Premium","Indicação","SP","4","2023-04-16","2023-06-12","2485.40","Fiel"
825,"CLI00825","PF - Varejo","Showroom","PR","4","2023-01-12","2024-11-26","4526.02","Fiel"
2934,"CLI02934","PJ - Frota Pequena","Fidelização","MG","4","2023-02-15","2024-09-09","2977.41","Fiel"
657,"CLI00657","PF - Varejo","Indicação","RJ","4","2023-01-23","2023-05-11","2172.48","Fiel"
3692,"CLI03692","PJ - Frota Grande","Digital","RJ","4","2024-02-04","2024-09-15","7671.23","Fiel"
1146,"CLI01146","PJ - Frota Pequena","Fidelização","SP","4","2023-11-03","2024-10-11","2844.98","Fiel"
1887,"CLI01887","PF - Varejo","Digital","PR","4","2023-04-16","2024-04-28","3125.11","Fiel"
1128,"CLI01128","PF - Varejo","Recall","PR","4","2023-02-01","2024-12-26","1284.43","Fiel"
2959,"CLI02959","PF - Varejo","Showroom","CE","4","2023-03-13","2024-11-15","4932.32","Fiel"
2281,"CLI02281","PF - Varejo","Digital","RJ","4","2023-01-18","2024-02-16","4849.25","Fiel"
2977,"CLI02977","PF - Varejo","Showroom","PR","4","2023-11-20","2024-09-04","5397.16","Fiel"
2686,"CLI02686","PF - Premium","Recall","RJ","4","2023-11-15","2024-07-02","2033.70","Fiel"
3805,"CLI03805","PF - Premium","Digital","PE","4","2023-12-08","2024-11-02","7567.45","Fiel"
2410,"CLI02410","PF - Varejo","Digital","SP","4","2023-03-27","2024-12-23","2181.35","Fiel"
1833,"CLI01833","PF - Premium","Indicação","CE","4","2023-04-06","2024-10-11","11790.76","Fiel"
1330,"CLI01330","PJ - Frota Grande","Indicação","SP","4","2023-05-09","2024-11-29","2320.68","Fiel"
2973,"CLI02973","PJ - Frota Grande","Fidelização","ES","4","2023-05-19","2024-08-22","9684.07","Fiel"
1271,"CLI01271","PF - Varejo","Digital","SP","4","2023-02-07","2024-02-10","9772.36","Fiel"
2652,"CLI02652","PF - Premium","Recall","BA","4","2023-07-04","2023-12-31","3869.36","Fiel"
2785,"CLI02785","PF - Varejo","Fidelização","CE","4","2023-02-27","2024-07-22","2846.06","Fiel"
3255,"CLI03255","PF - Premium","CRM Ativo","GO","4","2023-03-13","2024-12-02","1277.88","Fiel"
2244,"CLI02244","PJ - Frota Grande","Indicação","PE","4","2023-01-02","2024-09-23","2603.79","Fiel"
1194,"CLI01194","PJ - Frota Pequena","Indicação","RS","4","2023-03-03","2024-08-18","7050.87","Fiel"
1463,"CLI01463","PJ - Frota Pequena","Digital","SP","4","2023-09-14","2024-07-21","4636.75","Fiel"
3321,"CLI03321","PF - Premium","Digital","PE","4","2023-04-29","2024-10-20","4588.45","Fiel"
903,"CLI00903","PF - Varejo","Indicação","MG","4","2023-06-16","2024-07-17","2186.37","Fiel"
1777,"CLI01777","PJ - Frota Grande","Digital","MG","4","2023-03-20","2024-11-22","12531.84","Fiel"
2704,"CLI02704","PJ - Frota Pequena","Showroom","MG","4","2023-05-05","2024-12-09","7817.07","Fiel"
108,"CLI00108","PJ - Frota Grande","Indicação","MG","4","2023-08-12","2024-11-27","5310.76","Fiel"
2630,"CLI02630","PF - Premium","Showroom","CE","4","2023-09-21","2024-11-26","6861.61","Fiel"
1007,"CLI01007","PF - Varejo","CRM Ativo","RS","4","2023-07-07","2024-08-18","4432.25","Fiel"
2968,"CLI02968","PF - Varejo","Digital","RJ","4","2023-03-04","2024-07-24","10006.38","Fiel"
2428,"CLI02428","PJ - Frota Pequena","Showroom","PR","4","2023-12-16","2024-10-08","1675.58","Fiel"
1245,"CLI01245","PF - Varejo","Fidelização","RJ","4","2023-01-11","2024-07-23","3657.36","Fiel"
1947,"CLI01947","PF - Varejo","Indicação","SP","4","2023-02-10","2024-09-21","2372.12","Fiel"
457,"CLI00457","PF - Premium","Digital","GO","4","2023-02-11","2024-03-22","11220.20","Fiel"
3500,"CLI03500","PF - Varejo","Digital","SP","4","2023-05-02","2024-08-22","7467.51","Fiel"
204,"CLI00204","PF - Varejo","Recall","RS","4","2023-01-21","2024-07-27","8038.55","Fiel"
668,"CLI00668","PF - Varejo","CRM Ativo","MG","4","2023-04-23","2024-01-22","1492.88","Fiel"
2753,"CLI02753","PJ - Frota Pequena","Showroom","PE","4","2023-01-29","2024-10-29","3201.95","Fiel"
1900,"CLI01900","PF - Premium","Indicação","BA","4","2023-09-06","2024-09-30","6850.49","Fiel"
1303,"CLI01303","PF - Varejo","Digital","SP","4","2023-02-20","2023-06-01","3643.11","Fiel"
2733,"CLI02733","PF - Varejo","Fidelização","DF","4","2023-04-19","2024-11-17","7402.13","Fiel"
3430,"CLI03430","PF - Varejo","Showroom","RS","4","2023-01-10","2024-10-15","8313.93","Fiel"
1548,"CLI01548","PF - Varejo","Showroom","GO","4","2023-10-11","2024-09-09","6123.25","Fiel"
3957,"CLI03957","PF - Varejo","Indicação","RS","4","2023-09-24","2024-11-22","6245.22","Fiel"
3814,"CLI03814","PF - Premium","Digital","ES","4","2023-06-09","2024-11-21","2873.72","Fiel"
904,"CLI00904","PF - Varejo","Digital","SP","4","2023-08-03","2024-12-30","1490.43","Fiel"
1008,"CLI01008","PF - Premium","Showroom","SP","4","2023-06-20","2024-04-09","3746.72","Fiel"
3745,"CLI03745","PJ - Frota Pequena","Recall","SP","4","2023-07-28","2024-08-17","2933.78","Fiel"
1629,"CLI01629","PJ - Frota Pequena","Digital","PR","4","2023-02-15","2024-07-26","7875.09","Fiel"
1786,"CLI01786","PF - Varejo","Fidelização","MG","4","2023-02-05","2024-07-11","3241.86","Fiel"
1836,"CLI01836","PF - Varejo","Digital","PR","4","2023-02-08","2024-08-30","12454.69","Fiel"
3534,"CLI03534","PF - Premium","Fidelização","SP","4","2023-03-28","2024-04-26","5509.46","Fiel"
3232,"CLI03232","PF - Varejo","Digital","DF","4","2024-02-09","2024-08-19","1685.71","Fiel"
764,"CLI00764","PF - Varejo","Indicação","PE","4","2023-04-28","2024-07-24","12364.99","Fiel"
947,"CLI00947","PF - Varejo","Showroom","MG","4","2023-02-07","2024-09-08","9935.09","Fiel"
3438,"CLI03438","PJ - Frota Pequena","Fidelização","PE","4","2023-06-22","2024-10-09","6722.60","Fiel"
2121,"CLI02121","PJ - Frota Pequena","Indicação","PR","4","2023-02-22","2024-05-02","2432.45","Fiel"
3386,"CLI03386","PF - Varejo","Indicação","MG","4","2023-03-28","2024-10-29","11128.19","Fiel"
3098,"CLI03098","PJ - Frota Grande","Indicação","SP","4","2024-01-21","2024-11-30","1785.96","Fiel"
3212,"CLI03212","PF - Premium","Showroom","SC","4","2023-01-21","2024-10-18","2633.09","Fiel"
3591,"CLI03591","PJ - Frota Pequena","Fidelização","RS","4","2023-05-21","2024-10-20","2249.80","Fiel"
288,"CLI00288","PF - Varejo","Recall","MG","4","2023-02-10","2024-06-24","1545.60","Fiel"
3114,"CLI03114","PF - Varejo","Digital","SP","4","2023-08-20","2024-11-02","6653.30","Fiel"
1368,"CLI01368","PF - Varejo","Digital","RJ","4","2023-03-04","2023-12-14","13655.08","Fiel"
1018,"CLI01018","PJ - Frota Grande","Digital","MG","4","2023-12-27","2024-10-21","2233.10","Fiel"
945,"CLI00945","PJ - Frota Grande","Fidelização","ES","4","2023-10-15","2024-06-21","6740.33","Fiel"
775,"CLI00775","PF - Varejo","Indicação","MG","4","2023-09-25","2024-09-27","14853.45","Fiel"
1521,"CLI01521","PF - Varejo","Digital","SP","4","2023-08-12","2024-03-27","1827.72","Fiel"
2945,"CLI02945","PF - Varejo","Digital","ES","4","2023-04-06","2024-07-18","4349.25","Fiel"
3464,"CLI03464","PF - Varejo","Showroom","PE","4","2023-01-22","2023-12-31","5590.17","Fiel"
2446,"CLI02446","PJ - Frota Pequena","Showroom","RS","4","2023-05-09","2024-11-15","8016.49","Fiel"
2149,"CLI02149","PF - Varejo","Indicação","SP","4","2023-04-26","2024-04-11","6461.93","Fiel"
2645,"CLI02645","PF - Varejo","Showroom","SC","4","2023-05-14","2024-11-03","4691.87","Fiel"
3789,"CLI03789","PF - Varejo","Digital","SP","4","2023-01-29","2024-03-03","1248.00","Fiel"
2847,"CLI02847","PF - Varejo","Indicação","RJ","4","2023-09-24","2024-09-22","2405.17","Fiel"
2676,"CLI02676","PF - Varejo","Digital","MG","4","2023-06-15","2024-08-17","6716.82","Fiel"
1473,"CLI01473","PF - Varejo","Digital","SP","4","2023-01-02","2024-05-31","7058.90","Fiel"
3111,"CLI03111","PF - Varejo","Indicação","SP","4","2023-08-18","2024-11-30","5879.27","Fiel"
211,"CLI00211","PF - Premium","Indicação","SP","4","2023-02-01","2024-01-01","8141.06","Fiel"
3105,"CLI03105","PF - Premium","Fidelização","SP","4","2023-04-03","2024-10-23","10525.14","Fiel"
2222,"CLI02222","PJ - Frota Grande","Showroom","CE","4","2023-06-15","2024-11-24","3428.87","Fiel"
429,"CLI00429","PF - Varejo","Digital","RJ","4","2023-02-12","2024-04-15","2396.56","Fiel"
3270,"CLI03270","PF - Varejo","Indicação","CE","4","2023-04-11","2024-12-21","3266.30","Fiel"
1223,"CLI01223","PF - Varejo","Indicação","SC","4","2023-06-02","2023-12-12","6143.25","Fiel"
3883,"CLI03883","PF - Varejo","Digital","GO","4","2023-03-26","2024-10-29","3831.94","Fiel"
1318,"CLI01318","PF - Varejo","Showroom","SP","4","2023-11-17","2024-10-24","3280.06","Fiel"
2230,"CLI02230","PF - Varejo","Fidelização","PE","4","2023-03-27","2024-05-25","2977.39","Fiel"
2272,"CLI02272","PJ - Frota Pequena","CRM Ativo","MG","4","2023-07-26","2024-10-23","2994.31","Fiel"
3450,"CLI03450","PF - Varejo","CRM Ativo","RJ","4","2023-10-03","2024-02-12","3175.93","Fiel"
1417,"CLI01417","PF - Premium","Indicação","SP","4","2023-06-24","2024-12-13","2179.99","Fiel"
587,"CLI00587","PJ - Frota Pequena","Showroom","DF","4","2023-03-02","2024-02-12","12567.55","Fiel"
2505,"CLI02505","PF - Varejo","Indicação","PR","4","2023-03-29","2024-11-30","8430.58","Fiel"
512,"CLI00512","PF - Varejo","Showroom","MG","4","2023-07-25","2024-08-19","3579.10","Fiel"
362,"CLI00362","PJ - Frota Pequena","Recall","BA","4","2023-08-01","2024-05-22","5081.22","Fiel"
3286,"CLI03286","PF - Varejo","Digital","SP","4","2023-12-26","2024-05-24","7128.14","Fiel"
3471,"CLI03471","PF - Varejo","CRM Ativo","SP","4","2023-01-16","2024-03-21","6308.16","Fiel"
3465,"CLI03465","PF - Varejo","Showroom","SP","4","2023-05-16","2024-09-04","3140.30","Fiel"
3008,"CLI03008","PJ - Frota Pequena","Showroom","MG","4","2023-05-09","2024-11-07","4293.48","Fiel"
3880,"CLI03880","PF - Varejo","Indicação","BA","4","2023-01-06","2024-04-10","4355.03","Fiel"
1512,"CLI01512","PF - Varejo","CRM Ativo","RJ","4","2023-01-16","2024-04-28","13450.67","Fiel"
2316,"CLI02316","PJ - Frota Pequena","Recall","GO","4","2023-12-15","2024-08-18","5664.30","Fiel"
3252,"CLI03252","PF - Varejo","Digital","RJ","4","2023-03-17","2024-12-26","2213.16","Fiel"
3923,"CLI03923","PJ - Frota Pequena","Indicação","SC","4","2023-04-29","2024-10-17","3328.75","Fiel"
3592,"CLI03592","PF - Varejo","Indicação","GO","4","2023-03-09","2024-10-29","8140.69","Fiel"
3529,"CLI03529","PF - Varejo","Showroom","PR","4","2023-02-19","2024-04-15","1280.72","Fiel"
970,"CLI00970","PF - Varejo","Fidelização","SP","4","2023-12-05","2024-11-02","1700.14","Fiel"
3066,"CLI03066","PJ - Frota Pequena","Showroom","RJ","4","2024-01-29","2024-06-14","2154.67","Fiel"
3547,"CLI03547","PF - Varejo","Indicação","PE","4","2023-03-30","2024-08-28","9644.46","Fiel"
1376,"CLI01376","PF - Varejo","Recall","SP","4","2023-02-18","2024-07-04","2219.03","Fiel"
3690,"CLI03690","PJ - Frota Grande","Fidelização","PR","4","2023-04-14","2024-11-08","1541.49","Fiel"
3160,"CLI03160","PF - Premium","Showroom","RS","4","2023-02-10","2023-10-20","1422.12","Fiel"
415,"CLI00415","PJ - Frota Grande","Recall","GO","4","2023-03-06","2024-11-12","1820.63","Fiel"
473,"CLI00473","PF - Varejo","Digital","BA","4","2023-03-15","2024-11-04","2305.16","Fiel"
1766,"CLI01766","PF - Varejo","Showroom","PR","4","2023-12-03","2024-12-06","4225.38","Fiel"
478,"CLI00478","PF - Premium","Showroom","GO","4","2023-04-15","2024-10-11","5701.71","Fiel"
1610,"CLI01610","PF - Premium","CRM Ativo","SP","4","2023-07-02","2024-09-02","7446.91","Fiel"
1183,"CLI01183","PF - Premium","Fidelização","DF","4","2023-05-30","2024-10-15","2368.85","Fiel"
1585,"CLI01585","PF - Varejo","Indicação","MG","4","2023-07-02","2024-02-16","3598.29","Fiel"
3771,"CLI03771","PJ - Frota Pequena","Indicação","RJ","4","2023-05-04","2024-05-12","5794.71","Fiel"
511,"CLI00511","PJ - Frota Pequena","Indicação","SP","4","2023-02-16","2024-02-27","2736.95","Fiel"
3514,"CLI03514","PF - Varejo","Digital","PR","4","2024-05-01","2024-09-02","2978.08","Fiel"
2509,"CLI02509","PJ - Frota Pequena","Digital","RJ","4","2023-01-12","2024-10-14","4544.20","Fiel"
1999,"CLI01999","PF - Premium","Digital","SC","4","2023-02-14","2024-02-12","1568.78","Fiel"
1661,"CLI01661","PJ - Frota Pequena","Digital","BA","4","2023-04-17","2024-11-23","3995.48","Fiel"
2440,"CLI02440","PF - Varejo","Showroom","PE","4","2023-10-29","2024-11-14","7489.67","Fiel"
1341,"CLI01341","PF - Premium","Digital","ES","4","2024-01-10","2024-08-25","9490.31","Fiel"
857,"CLI00857","PF - Varejo","Digital","RS","4","2023-01-09","2024-11-13","2884.66","Fiel"
3531,"CLI03531","PF - Premium","Showroom","RJ","4","2023-12-02","2024-12-16","7015.88","Fiel"
2288,"CLI02288","PF - Varejo","Digital","SP","4","2023-02-13","2024-07-31","7196.25","Fiel"
2837,"CLI02837","PJ - Frota Grande","CRM Ativo","SP","4","2023-03-02","2024-06-01","2425.27","Fiel"
2453,"CLI02453","PJ - Frota Grande","Indicação","SP","4","2023-02-03","2024-05-05","4259.22","Fiel"
2269,"CLI02269","PF - Varejo","CRM Ativo","RJ","4","2023-08-25","2024-07-21","1474.44","Fiel"
1427,"CLI01427","PJ - Frota Grande","Fidelização","RJ","4","2023-06-16","2024-11-22","10266.66","Fiel"
1065,"CLI01065","PJ - Frota Pequena","Indicação","SP","4","2024-03-07","2024-10-25","1996.05","Fiel"
170,"CLI00170","PF - Varejo","Digital","SP","4","2023-06-12","2024-06-01","1369.70","Fiel"
2041,"CLI02041","PF - Varejo","Indicação","PE","4","2023-09-29","2024-09-23","2486.83","Fiel"
372,"CLI00372","PJ - Frota Pequena","Fidelização","BA","4","2023-02-27","2024-12-17","6429.69","Fiel"
226,"CLI00226","PF - Varejo","Digital","PR","4","2023-10-23","2024-12-20","1618.36","Fiel"
724,"CLI00724","PJ - Frota Pequena","Digital","RJ","4","2023-02-10","2024-05-20","1568.95","Fiel"
2262,"CLI02262","PF - Varejo","Fidelização","CE","4","2023-09-09","2024-10-06","5039.54","Fiel"
44,"CLI00044","PJ - Frota Pequena","Fidelização","CE","4","2024-03-10","2024-09-24","3231.32","Fiel"
1121,"CLI01121","PF - Varejo","Showroom","SP","4","2023-12-29","2024-03-29","2872.83","Fiel"
609,"CLI00609","PF - Premium","Digital","RJ","4","2023-01-28","2023-08-13","6884.50","Fiel"
682,"CLI00682","PF - Premium","Digital","RS","4","2023-09-19","2024-10-06","11895.33","Fiel"
3163,"CLI03163","PF - Varejo","Digital","CE","4","2023-08-31","2024-09-02","7156.57","Fiel"
2844,"CLI02844","PF - Premium","Digital","PR","4","2023-04-18","2024-12-21","6598.54","Fiel"
2326,"CLI02326","PJ - Frota Grande","Showroom","SP","4","2024-03-25","2024-07-15","3864.06","Fiel"
866,"CLI00866","PF - Premium","Digital","SP","4","2023-02-25","2024-08-06","2419.96","Fiel"
1934,"CLI01934","PJ - Frota Pequena","Fidelização","SP","4","2023-08-09","2024-11-03","4116.71","Fiel"
804,"CLI00804","PJ - Frota Grande","Recall","PR","4","2023-11-18","2024-11-27","7168.50","Fiel"
2320,"CLI02320","PF - Varejo","Fidelização","MG","4","2023-07-31","2024-09-21","2738.04","Fiel"
1516,"CLI01516","PF - Varejo","Showroom","SP","4","2023-11-07","2024-11-25","3388.57","Fiel"
503,"CLI00503","PJ - Frota Grande","Recall","RJ","4","2023-06-19","2024-11-27","5442.31","Fiel"
3512,"CLI03512","PF - Varejo","Digital","SP","4","2023-07-04","2024-06-05","6255.33","Fiel"
1240,"CLI01240","PF - Varejo","Showroom","GO","4","2024-02-20","2024-11-15","11636.80","Fiel"
1167,"CLI01167","PJ - Frota Grande","Digital","RJ","4","2024-07-01","2024-10-27","2159.01","Fiel"
1243,"CLI01243","PF - Premium","Indicação","SC","4","2023-09-23","2024-07-14","2489.14","Fiel"
994,"CLI00994","PF - Varejo","Digital","SP","4","2023-01-15","2024-11-13","5504.39","Fiel"
767,"CLI00767","PF - Varejo","Digital","PE","4","2023-02-19","2023-12-24","3940.94","Fiel"
3391,"CLI03391","PF - Varejo","CRM Ativo","SP","4","2024-01-25","2024-08-09","5766.82","Fiel"
3280,"CLI03280","PF - Varejo","Digital","SP","4","2023-01-09","2024-07-10","3141.13","Fiel"
3914,"CLI03914","PF - Premium","Fidelização","RJ","4","2024-03-12","2024-11-11","5780.01","Fiel"
3180,"CLI03180","PF - Premium","Digital","SP","4","2023-12-07","2024-09-24","5175.79","Fiel"
438,"CLI00438","PJ - Frota Grande","Showroom","RJ","4","2023-02-04","2024-03-18","6615.70","Fiel"
15,"CLI00015","PF - Premium","Digital","SP","4","2023-10-13","2024-08-31","5685.28","Fiel"
337,"CLI00337","PF - Varejo","CRM Ativo","SP","4","2023-03-16","2024-05-07","2992.18","Fiel"
1361,"CLI01361","PF - Premium","Showroom","DF","4","2023-07-15","2024-12-06","2334.90","Fiel"
2495,"CLI02495","PF - Varejo","Indicação","PR","4","2023-07-15","2024-10-08","10558.02","Fiel"
2418,"CLI02418","PJ - Frota Pequena","Digital","PR","4","2023-09-23","2024-11-15","8582.87","Fiel"
1699,"CLI01699","PJ - Frota Grande","Fidelização","BA","4","2023-03-21","2024-04-30","6021.68","Fiel"
2525,"CLI02525","PF - Varejo","Fidelização","BA","4","2023-05-03","2024-07-01","2182.20","Fiel"
1710,"CLI01710","PJ - Frota Grande","CRM Ativo","SP","4","2023-02-22","2024-08-30","6415.56","Fiel"
854,"CLI00854","PF - Premium","CRM Ativo","PE","4","2023-02-25","2024-10-28","12886.90","Fiel"
2433,"CLI02433","PJ - Frota Pequena","Indicação","SP","4","2023-04-27","2024-11-14","3180.62","Fiel"
60,"CLI00060","PJ - Frota Grande","Indicação","MG","4","2023-03-19","2024-10-09","3556.49","Fiel"
2382,"CLI02382","PJ - Frota Grande","Indicação","PE","4","2023-05-05","2024-12-07","6385.67","Fiel"
518,"CLI00518","PF - Premium","Digital","CE","4","2023-07-16","2024-07-24","5685.56","Fiel"
2707,"CLI02707","PF - Varejo","Digital","RJ","4","2023-11-02","2024-10-05","9717.43","Fiel"
2247,"CLI02247","PF - Premium","Digital","RJ","4","2023-02-24","2024-09-13","10726.03","Fiel"
693,"CLI00693","PF - Varejo","Digital","PR","4","2024-03-04","2024-09-23","4690.70","Fiel"
3135,"CLI03135","PF - Varejo","Showroom","SC","4","2023-10-31","2024-03-13","7567.88","Fiel"
1317,"CLI01317","PJ - Frota Pequena","Digital","SP","4","2023-02-04","2024-05-03","11122.93","Fiel"
1113,"CLI01113","PF - Varejo","Showroom","MG","4","2023-03-04","2024-07-21","2117.23","Fiel"
3477,"CLI03477","PF - Premium","Digital","SC","4","2023-10-16","2024-10-12","7674.37","Fiel"
877,"CLI00877","PF - Varejo","Digital","CE","4","2023-01-04","2024-10-25","2130.62","Fiel"
2710,"CLI02710","PF - Varejo","Indicação","MG","4","2023-07-29","2024-12-29","8136.16","Fiel"
1274,"CLI01274","PF - Varejo","Showroom","RJ","4","2023-04-10","2024-12-19","2114.70","Fiel"
2585,"CLI02585","PJ - Frota Pequena","CRM Ativo","DF","4","2023-09-17","2024-06-04","2036.58","Fiel"
3254,"CLI03254","PF - Varejo","Recall","GO","4","2023-05-15","2024-11-22","7384.12","Fiel"
1526,"CLI01526","PJ - Frota Pequena","Digital","RJ","4","2023-02-07","2023-10-25","2066.23","Fiel"
3268,"CLI03268","PF - Varejo","Fidelização","ES","4","2024-02-16","2024-11-21","7669.27","Fiel"
3530,"CLI03530","PJ - Frota Pequena","Digital","MG","4","2023-04-21","2024-08-20","7310.58","Fiel"
2099,"CLI02099","PF - Premium","Showroom","SP","4","2023-05-11","2024-04-24","13283.15","Fiel"
1275,"CLI01275","PJ - Frota Grande","Indicação","MG","4","2023-03-11","2024-12-25","2259.04","Fiel"
333,"CLI00333","PJ - Frota Pequena","Digital","DF","4","2023-01-02","2024-03-14","3361.58","Fiel"
422,"CLI00422","PF - Premium","Indicação","SP","4","2023-04-07","2024-09-02","2736.80","Fiel"
1446,"CLI01446","PF - Varejo","Digital","ES","4","2023-09-25","2024-10-15","1950.61","Fiel"
3288,"CLI03288","PJ - Frota Pequena","Indicação","BA","4","2023-02-07","2024-10-28","4216.05","Fiel"
2083,"CLI02083","PF - Premium","Indicação","RJ","4","2023-02-13","2024-11-24","3355.81","Fiel"
411,"CLI00411","PJ - Frota Pequena","Indicação","PE","4","2023-10-09","2024-05-08","5742.32","Fiel"
2090,"CLI02090","PF - Varejo","Showroom","DF","4","2023-01-05","2024-02-29","3346.21","Fiel"
3184,"CLI03184","PJ - Frota Pequena","Indicação","RJ","4","2023-03-01","2024-05-11","2001.13","Fiel"
65,"CLI00065","PF - Varejo","Digital","SP","4","2023-11-18","2024-11-03","3038.43","Fiel"
905,"CLI00905","PJ - Frota Grande","Digital","MG","4","2023-05-30","2024-03-15","6043.55","Fiel"
1884,"CLI01884","PF - Premium","Digital","GO","4","2023-05-12","2024-11-09","5657.56","Fiel"
2742,"CLI02742","PF - Premium","Showroom","PR","4","2023-01-13","2024-06-03","7149.31","Fiel"
41,"CLI00041","PF - Premium","Fidelização","PR","4","2024-02-01","2024-12-01","1766.53","Fiel"
3763,"CLI03763","PF - Varejo","CRM Ativo","MG","4","2023-10-20","2024-12-09","5970.14","Fiel"
2497,"CLI02497","PJ - Frota Pequena","Fidelização","BA","4","2023-05-04","2024-10-17","7096.11","Fiel"
1107,"CLI01107","PJ - Frota Pequena","Digital","PR","4","2023-09-10","2024-10-05","1990.01","Fiel"
3747,"CLI03747","PF - Varejo","Indicação","SP","4","2023-05-08","2024-09-05","11395.17","Fiel"
2554,"CLI02554","PF - Varejo","Fidelização","SP","4","2023-11-11","2024-07-23","2911.93","Fiel"
3755,"CLI03755","PF - Varejo","Indicação","RS","4","2023-02-12","2024-01-26","10724.16","Fiel"
2670,"CLI02670","PF - Varejo","Indicação","ES","4","2023-03-25","2024-12-10","2421.07","Fiel"
1326,"CLI01326","PF - Premium","Indicação","SP","4","2023-02-23","2024-04-01","4856.15","Fiel"
2001,"CLI02001","PF - Varejo","Fidelização","SP","4","2023-12-16","2024-12-14","4960.04","Fiel"
2427,"CLI02427","PF - Varejo","Indicação","BA","4","2023-03-09","2024-08-24","6061.27","Fiel"
820,"CLI00820","PJ - Frota Grande","Recall","RJ","4","2024-02-13","2024-11-17","1712.82","Fiel"
2952,"CLI02952","PF - Varejo","Digital","GO","4","2023-02-23","2024-03-11","2059.01","Fiel"
2162,"CLI02162","PJ - Frota Pequena","CRM Ativo","SP","4","2024-02-05","2024-12-30","6222.16","Fiel"
3390,"CLI03390","PF - Varejo","Indicação","CE","4","2023-11-20","2024-12-31","4380.35","Fiel"
87,"CLI00087","PF - Varejo","Indicação","SP","4","2023-06-05","2024-10-13","6286.91","Fiel"
1300,"CLI01300","PF - Varejo","Indicação","RJ","4","2023-07-14","2024-10-15","4894.91","Fiel"
2640,"CLI02640","PJ - Frota Grande","Digital","PR","4","2023-10-24","2024-05-11","4695.21","Fiel"
592,"CLI00592","PF - Premium","Digital","SP","4","2023-02-23","2024-07-06","11052.21","Fiel"
1522,"CLI01522","PJ - Frota Grande","CRM Ativo","RJ","4","2023-11-10","2024-07-30","9680.32","Fiel"
1511,"CLI01511","PJ - Frota Pequena","Digital","RJ","4","2023-09-03","2024-12-14","5924.74","Fiel"
1895,"CLI01895","PF - Varejo","Recall","SC","4","2023-02-26","2024-12-08","7394.64","Fiel"
1480,"CLI01480","PF - Varejo","Indicação","DF","4","2023-07-13","2024-12-29","2678.77","Fiel"
2629,"CLI02629","PF - Varejo","Recall","MG","4","2023-03-13","2023-10-21","5348.97","Fiel"
2233,"CLI02233","PF - Premium","Digital","RJ","4","2023-07-22","2024-09-22","1968.41","Fiel"
2758,"CLI02758","PJ - Frota Pequena","CRM Ativo","RJ","4","2023-01-24","2024-01-30","8182.86","Fiel"
3701,"CLI03701","PF - Varejo","Digital","BA","4","2023-08-17","2024-06-26","2435.50","Fiel"
2423,"CLI02423","PF - Varejo","Digital","MG","4","2023-06-27","2023-10-31","1022.40","Fiel"
176,"CLI00176","PJ - Frota Pequena","Indicação","CE","4","2023-06-19","2024-09-23","3520.47","Fiel"
2140,"CLI02140","PJ - Frota Pequena","Fidelização","SP","4","2023-06-23","2024-10-23","1646.16","Fiel"
3044,"CLI03044","PF - Varejo","Digital","RS","4","2024-01-10","2024-09-02","1523.41","Fiel"
1079,"CLI01079","PJ - Frota Grande","Digital","SP","4","2023-01-01","2024-11-02","2752.45","Fiel"
3497,"CLI03497","PJ - Frota Grande","Fidelização","SC","4","2023-08-18","2024-05-06","6605.93","Fiel"
117,"CLI00117","PJ - Frota Pequena","Digital","RS","4","2023-05-30","2023-11-18","2401.66","Fiel"
1595,"CLI01595","PJ - Frota Pequena","Indicação","DF","4","2023-06-19","2024-12-01","5780.42","Fiel"
3644,"CLI03644","PJ - Frota Grande","Digital","ES","4","2023-01-24","2024-06-22","5725.07","Fiel"
914,"CLI00914","PF - Varejo","Fidelização","RJ","4","2023-03-07","2024-09-19","2591.90","Fiel"
3668,"CLI03668","PF - Premium","Indicação","RJ","4","2023-09-21","2024-10-22","3187.43","Fiel"
2992,"CLI02992","PJ - Frota Grande","Indicação","SP","4","2023-11-20","2024-10-02","5861.88","Fiel"
886,"CLI00886","PJ - Frota Pequena","Recall","RS","4","2023-08-26","2024-10-22","3662.15","Fiel"
931,"CLI00931","PF - Varejo","Showroom","RJ","4","2023-01-02","2024-12-29","1535.98","Fiel"
3459,"CLI03459","PJ - Frota Pequena","Digital","RJ","4","2023-01-10","2024-04-14","10938.08","Fiel"
1457,"CLI01457","PF - Premium","Indicação","PE","4","2023-03-24","2024-09-02","1626.96","Fiel"
2765,"CLI02765","PF - Varejo","Digital","PR","4","2023-03-17","2024-08-10","2268.78","Fiel"
1087,"CLI01087","PF - Varejo","Indicação","RJ","4","2023-02-28","2024-11-15","10162.28","Fiel"
749,"CLI00749","PF - Varejo","Indicação","CE","4","2024-02-04","2024-12-19","5490.61","Fiel"
2776,"CLI02776","PJ - Frota Pequena","Fidelização","RJ","4","2024-01-03","2024-11-21","1366.29","Fiel"
2991,"CLI02991","PF - Premium","Digital","SP","3","2023-04-28","2024-03-21","6250.05","Fiel"
677,"CLI00677","PF - Varejo","Showroom","MG","3","2023-06-24","2024-09-13","2787.34","Fiel"
3773,"CLI03773","PF - Varejo","Indicação","GO","3","2023-08-03","2023-12-17","1513.20","Fiel"
23,"CLI00023","PJ - Frota Pequena","Recall","DF","3","2023-05-15","2024-11-08","7354.01","Fiel"
1890,"CLI01890","PF - Varejo","Indicação","SP","3","2023-12-27","2024-09-04","2860.57","Fiel"
3657,"CLI03657","PF - Premium","Indicação","PR","3","2023-07-21","2024-03-31","6993.84","Fiel"
2713,"CLI02713","PF - Varejo","Fidelização","RJ","3","2023-05-30","2024-11-11","1955.18","Fiel"
3549,"CLI03549","PF - Varejo","Indicação","MG","3","2023-04-24","2024-11-12","1454.39","Fiel"
3907,"CLI03907","PF - Varejo","Indicação","SP","3","2023-02-07","2024-06-01","3496.92","Fiel"
3830,"CLI03830","PF - Varejo","Digital","SP","3","2024-04-09","2024-06-24","3019.49","Fiel"
2738,"CLI02738","PF - Premium","Showroom","MG","3","2023-04-03","2024-05-18","1803.07","Fiel"
792,"CLI00792","PJ - Frota Pequena","Digital","SC","3","2023-09-17","2024-09-23","2068.05","Fiel"
437,"CLI00437","PF - Varejo","Digital","CE","3","2023-08-10","2024-11-22","2478.27","Fiel"
3537,"CLI03537","PF - Varejo","Showroom","SP","3","2023-09-11","2024-06-04","4131.82","Fiel"
1332,"CLI01332","PF - Premium","Showroom","ES","3","2023-03-21","2024-11-08","4982.32","Fiel"
959,"CLI00959","PF - Premium","Digital","GO","3","2023-01-01","2024-02-25","3246.50","Fiel"
1598,"CLI01598","PF - Varejo","Indicação","MG","3","2023-07-24","2024-09-06","2339.98","Fiel"
1517,"CLI01517","PF - Varejo","Digital","CE","3","2023-12-04","2024-11-01","8694.71","Fiel"
541,"CLI00541","PJ - Frota Grande","Fidelização","CE","3","2024-03-12","2024-12-12","1543.00","Fiel"
1971,"CLI01971","PJ - Frota Grande","Indicação","CE","3","2024-04-05","2024-11-01","4333.39","Fiel"
3686,"CLI03686","PF - Varejo","Digital","ES","3","2023-06-03","2024-08-20","1227.24","Fiel"
2709,"CLI02709","PF - Varejo","Fidelização","PR","3","2023-05-14","2023-12-22","3562.93","Fiel"
300,"CLI00300","PF - Varejo","Digital","PE","3","2024-01-29","2024-12-10","3178.34","Fiel"
2578,"CLI02578","PF - Premium","Indicação","CE","3","2023-08-01","2024-11-01","1675.56","Fiel"
3416,"CLI03416","PF - Varejo","Recall","ES","3","2023-03-04","2024-01-24","4734.28","Fiel"
1765,"CLI01765","PJ - Frota Pequena","Digital","MG","3","2023-03-08","2023-11-20","1698.56","Fiel"
2294,"CLI02294","PJ - Frota Grande","Showroom","PR","3","2023-01-23","2024-04-04","2371.53","Fiel"
3844,"CLI03844","PJ - Frota Pequena","Digital","RS","3","2023-06-28","2024-08-24","2337.19","Fiel"
2292,"CLI02292","PJ - Frota Pequena","Fidelização","SP","3","2023-06-07","2024-09-23","3747.58","Fiel"
3385,"CLI03385","PF - Varejo","Recall","PR","3","2023-11-13","2024-11-04","15058.78","Fiel"
3303,"CLI03303","PF - Varejo","Showroom","PE","3","2024-04-17","2024-12-30","1552.13","Fiel"
2985,"CLI02985","PJ - Frota Pequena","Digital","SP","3","2023-02-21","2024-11-25","8395.23","Fiel"
2511,"CLI02511","PF - Premium","Showroom","CE","3","2023-12-11","2024-09-11","8060.86","Fiel"
3564,"CLI03564","PF - Varejo","Showroom","PR","3","2023-02-07","2024-11-21","2335.30","Fiel"
572,"CLI00572","PF - Varejo","Digital","DF","3","2023-06-21","2024-11-15","891.28","Fiel"
2017,"CLI02017","PJ - Frota Pequena","Fidelização","MG","3","2023-03-17","2024-11-03","4291.95","Fiel"
1579,"CLI01579","PF - Varejo","Digital","RJ","3","2024-09-17","2024-12-01","2995.17","Fiel"
557,"CLI00557","PF - Varejo","Indicação","SC","3","2023-03-30","2023-07-06","1915.10","Fiel"
999,"CLI00999","PJ - Frota Pequena","Digital","SP","3","2023-03-21","2024-04-05","1090.54","Fiel"
810,"CLI00810","PF - Premium","Digital","SP","3","2023-09-04","2024-10-26","1943.74","Fiel"
482,"CLI00482","PF - Varejo","Indicação","SP","3","2023-02-12","2023-10-14","1590.92","Fiel"
1840,"CLI01840","PF - Varejo","CRM Ativo","PR","3","2023-03-06","2024-10-31","3412.97","Fiel"
2044,"CLI02044","PF - Varejo","Recall","SP","3","2023-09-06","2023-10-11","1800.11","Fiel"
3266,"CLI03266","PF - Varejo","Digital","ES","3","2023-05-05","2024-08-11","7676.77","Fiel"
414,"CLI00414","PF - Varejo","Indicação","BA","3","2023-03-18","2024-07-16","2562.12","Fiel"
2524,"CLI02524","PF - Premium","Indicação","CE","3","2023-02-08","2024-10-28","1963.15","Fiel"
3143,"CLI03143","PF - Varejo","Indicação","SP","3","2024-02-27","2024-06-06","1056.30","Fiel"
1204,"CLI01204","PF - Varejo","Indicação","SP","3","2023-05-23","2024-05-09","1587.34","Fiel"
1715,"CLI01715","PF - Varejo","Digital","MG","3","2024-01-17","2024-11-01","2604.18","Fiel"
1085,"CLI01085","PF - Premium","Showroom","MG","3","2023-05-17","2024-05-14","722.92","Fiel"
1501,"CLI01501","PF - Varejo","Fidelização","SP","3","2023-04-10","2024-10-17","4826.43","Fiel"
2115,"CLI02115","PF - Varejo","CRM Ativo","PE","3","2023-04-27","2023-07-10","2239.06","Fiel"
3323,"CLI03323","PF - Premium","Digital","SP","3","2023-09-22","2024-09-20","1344.61","Fiel"
826,"CLI00826","PJ - Frota Pequena","Fidelização","MG","3","2023-03-09","2024-12-01","6859.23","Fiel"
502,"CLI00502","PF - Premium","Indicação","PR","3","2023-07-15","2024-01-06","3091.76","Fiel"
641,"CLI00641","PF - Premium","Indicação","RS","3","2023-04-08","2024-01-27","1673.52","Fiel"
475,"CLI00475","PF - Varejo","Recall","RJ","3","2023-03-28","2024-03-04","3216.74","Fiel"
2932,"CLI02932","PF - Varejo","Digital","DF","3","2023-07-08","2024-12-27","5464.32","Fiel"
1487,"CLI01487","PJ - Frota Pequena","Showroom","SP","3","2023-05-20","2024-08-22","2985.70","Fiel"
670,"CLI00670","PJ - Frota Grande","Indicação","SP","3","2023-04-13","2024-08-23","4958.53","Fiel"
772,"CLI00772","PF - Premium","Recall","SP","3","2023-10-27","2024-07-22","1554.08","Fiel"
2723,"CLI02723","PJ - Frota Pequena","Fidelização","SP","3","2023-03-31","2023-07-16","2653.61","Fiel"
1756,"CLI01756","PF - Varejo","Showroom","SP","3","2023-03-11","2024-02-21","2788.88","Fiel"
1695,"CLI01695","PF - Varejo","Indicação","MG","3","2023-01-06","2023-03-09","1474.54","Fiel"
254,"CLI00254","PJ - Frota Pequena","Indicação","RJ","3","2024-10-01","2024-12-03","2930.10","Fiel"
3630,"CLI03630","PF - Premium","Indicação","RJ","3","2023-04-07","2024-09-16","1299.39","Fiel"
3719,"CLI03719","PF - Varejo","Indicação","MG","3","2024-02-25","2024-09-01","6435.84","Fiel"
1515,"CLI01515","PJ - Frota Grande","Digital","SP","3","2023-06-20","2024-08-27","7195.46","Fiel"
3872,"CLI03872","PF - Varejo","Digital","CE","3","2023-11-19","2024-04-17","4080.36","Fiel"
3746,"CLI03746","PF - Varejo","Digital","PR","3","2023-11-18","2024-09-05","951.44","Fiel"
1909,"CLI01909","PF - Premium","Digital","RS","3","2023-02-07","2024-11-12","2193.65","Fiel"
3583,"CLI03583","PF - Varejo","Indicação","MG","3","2023-02-07","2024-03-22","1223.69","Fiel"
1802,"CLI01802","PF - Varejo","Indicação","MG","3","2023-01-20","2024-10-23","4724.29","Fiel"
891,"CLI00891","PF - Varejo","Digital","CE","3","2023-10-16","2024-06-10","1877.58","Fiel"
3659,"CLI03659","PF - Premium","Indicação","ES","3","2023-02-27","2024-09-21","6471.78","Fiel"
384,"CLI00384","PF - Varejo","Fidelização","SC","3","2023-06-01","2024-05-20","3609.34","Fiel"
3474,"CLI03474","PJ - Frota Pequena","CRM Ativo","MG","3","2024-02-09","2024-09-18","2171.49","Fiel"
3092,"CLI03092","PF - Varejo","Showroom","PE","3","2023-02-16","2023-09-01","2563.53","Fiel"
2097,"CLI02097","PF - Varejo","Digital","ES","3","2023-06-14","2023-12-30","6033.74","Fiel"
3606,"CLI03606","PF - Varejo","Fidelização","MG","3","2023-12-07","2024-04-18","2080.57","Fiel"
908,"CLI00908","PF - Varejo","Indicação","SP","3","2024-02-11","2024-10-27","3009.06","Fiel"
28,"CLI00028","PF - Varejo","CRM Ativo","RJ","3","2023-04-30","2023-11-30","1234.37","Fiel"
2668,"CLI02668","PF - Varejo","Fidelização","GO","3","2023-10-09","2024-12-14","5539.76","Fiel"
1256,"CLI01256","PF - Premium","Digital","MG","3","2023-12-29","2024-10-23","2452.47","Fiel"
571,"CLI00571","PF - Varejo","Indicação","PR","3","2023-02-13","2023-11-20","2849.22","Fiel"
833,"CLI00833","PF - Premium","Indicação","SP","3","2023-06-06","2024-01-25","6748.19","Fiel"
2477,"CLI02477","PJ - Frota Pequena","Fidelização","SP","3","2023-03-21","2024-10-09","1473.54","Fiel"
397,"CLI00397","PF - Premium","Fidelização","RS","3","2023-09-08","2024-12-16","1073.93","Fiel"
3384,"CLI03384","PJ - Frota Pequena","Indicação","MG","3","2023-08-09","2024-11-12","1800.55","Fiel"
421,"CLI00421","PF - Varejo","Recall","SP","3","2024-03-09","2024-09-01","5079.79","Fiel"
1420,"CLI01420","PF - Varejo","Recall","SP","3","2024-01-10","2024-10-27","654.55","Fiel"
465,"CLI00465","PJ - Frota Pequena","Recall","CE","3","2023-04-24","2024-12-09","1410.93","Fiel"
1421,"CLI01421","PF - Varejo","Fidelização","SP","3","2023-09-28","2023-12-15","1233.02","Fiel"
1645,"CLI01645","PF - Premium","Digital","GO","3","2023-05-07","2024-06-25","3147.19","Fiel"
1570,"CLI01570","PF - Varejo","Digital","CE","3","2023-07-12","2024-10-17","4995.39","Fiel"
1899,"CLI01899","PJ - Frota Pequena","CRM Ativo","MG","3","2024-06-25","2024-12-11","3510.91","Fiel"
55,"CLI00055","PJ - Frota Grande","Fidelização","RJ","3","2023-06-17","2024-11-24","2475.22","Fiel"
2740,"CLI02740","PF - Premium","Fidelização","RJ","3","2023-02-18","2024-11-27","7559.10","Fiel"
690,"CLI00690","PJ - Frota Pequena","CRM Ativo","CE","3","2023-03-09","2024-06-19","4871.90","Fiel"
3762,"CLI03762","PJ - Frota Grande","CRM Ativo","SP","3","2023-11-15","2024-11-11","2406.02","Fiel"
2082,"CLI02082","PF - Premium","Fidelização","SP","3","2023-03-03","2024-12-25","966.32","Fiel"
802,"CLI00802","PF - Varejo","Digital","PR","3","2023-02-06","2024-02-17","5998.00","Fiel"
1415,"CLI01415","PF - Varejo","Fidelização","SP","3","2023-02-22","2024-09-16","1577.28","Fiel"
629,"CLI00629","PF - Varejo","Showroom","CE","3","2023-03-19","2024-03-25","5657.89","Fiel"
2965,"CLI02965","PF - Varejo","Indicação","SP","3","2024-06-16","2024-12-29","2369.33","Fiel"
3277,"CLI03277","PF - Varejo","Showroom","SP","3","2023-06-07","2024-04-08","5776.41","Fiel"
1923,"CLI01923","PF - Varejo","Indicação","PE","3","2024-01-26","2024-09-09","6926.29","Fiel"
181,"CLI00181","PJ - Frota Pequena","Digital","PR","3","2023-05-01","2024-10-05","6674.94","Fiel"
862,"CLI00862","PF - Varejo","Indicação","CE","3","2023-03-10","2024-09-09","2241.71","Fiel"
487,"CLI00487","PF - Varejo","Indicação","GO","3","2023-07-14","2024-10-06","4249.22","Fiel"
1920,"CLI01920","PJ - Frota Pequena","Recall","RJ","3","2023-01-22","2024-09-01","1424.59","Fiel"
942,"CLI00942","PJ - Frota Grande","Indicação","SP","3","2023-02-22","2024-04-25","2521.79","Fiel"
3285,"CLI03285","PF - Premium","Digital","SP","3","2023-11-07","2024-11-15","8714.80","Fiel"
1815,"CLI01815","PF - Varejo","Indicação","RS","3","2023-01-04","2024-11-15","1864.22","Fiel"
2701,"CLI02701","PF - Premium","Indicação","PE","3","2023-06-28","2024-07-17","1184.93","Fiel"
692,"CLI00692","PJ - Frota Grande","Showroom","ES","3","2023-02-04","2024-07-01","2524.11","Fiel"
2220,"CLI02220","PJ - Frota Grande","Showroom","CE","3","2023-11-17","2024-11-05","2889.60","Fiel"
3826,"CLI03826","PF - Premium","Recall","SP","3","2023-12-29","2024-12-17","5007.13","Fiel"
3503,"CLI03503","PF - Varejo","Recall","CE","3","2023-03-11","2024-02-04","12113.66","Fiel"
3952,"CLI03952","PF - Varejo","Showroom","RJ","3","2023-04-28","2023-10-10","1187.96","Fiel"
2610,"CLI02610","PF - Premium","CRM Ativo","SC","3","2024-05-27","2024-12-07","7496.83","Fiel"
2389,"CLI02389","PJ - Frota Pequena","Indicação","SP","3","2024-05-11","2024-11-11","1804.42","Fiel"
7,"CLI00007","PF - Varejo","CRM Ativo","CE","3","2023-02-13","2024-06-18","4679.83","Fiel"
3484,"CLI03484","PF - Varejo","Recall","RJ","3","2023-03-09","2024-12-05","1785.00","Fiel"
3,"CLI00003","PJ - Frota Grande","CRM Ativo","GO","3","2023-12-22","2024-10-23","1489.22","Fiel"
3909,"CLI03909","PJ - Frota Grande","Indicação","RJ","3","2023-04-07","2024-11-21","4284.89","Fiel"
771,"CLI00771","PF - Varejo","Showroom","SP","3","2023-01-28","2024-11-29","7250.92","Fiel"
3782,"CLI03782","PF - Varejo","Showroom","DF","3","2023-02-24","2024-08-02","6431.88","Fiel"
3858,"CLI03858","PF - Premium","Indicação","MG","3","2023-03-22","2024-02-26","458.08","Fiel"
1494,"CLI01494","PJ - Frota Pequena","Digital","SP","3","2023-11-11","2024-08-21","3609.36","Fiel"
3756,"CLI03756","PF - Premium","Indicação","MG","3","2023-01-30","2024-06-20","2401.42","Fiel"
2902,"CLI02902","PF - Varejo","CRM Ativo","SC","3","2023-01-19","2024-06-07","1297.09","Fiel"
2706,"CLI02706","PJ - Frota Pequena","Recall","SC","3","2023-01-20","2023-08-02","2376.97","Fiel"
434,"CLI00434","PF - Varejo","Indicação","PR","3","2023-02-22","2023-10-14","6842.97","Fiel"
1026,"CLI01026","PF - Premium","Showroom","PE","3","2024-04-20","2024-09-15","4660.85","Fiel"
3705,"CLI03705","PF - Varejo","Indicação","PR","3","2023-12-13","2024-09-01","3567.80","Fiel"
2559,"CLI02559","PF - Premium","Fidelização","SP","3","2023-02-11","2024-10-07","2995.39","Fiel"
948,"CLI00948","PF - Premium","Digital","PR","3","2023-01-08","2024-10-05","1991.67","Fiel"
2380,"CLI02380","PF - Varejo","Digital","MG","3","2023-01-19","2023-04-29","1232.39","Fiel"
2096,"CLI02096","PF - Varejo","Indicação","SP","3","2023-03-08","2024-09-17","7903.20","Fiel"
499,"CLI00499","PJ - Frota Pequena","Indicação","RS","3","2023-07-12","2024-10-24","1330.21","Fiel"
958,"CLI00958","PJ - Frota Grande","Showroom","SP","3","2023-09-15","2024-03-08","9652.21","Fiel"
3412,"CLI03412","PJ - Frota Pequena","Indicação","SP","3","2023-04-22","2024-02-17","3739.87","Fiel"
647,"CLI00647","PF - Varejo","Fidelização","SP","3","2023-09-11","2024-03-30","4315.00","Fiel"
2739,"CLI02739","PJ - Frota Pequena","Digital","PR","3","2023-02-08","2024-05-30","6349.57","Fiel"
1230,"CLI01230","PF - Varejo","Fidelização","RJ","3","2023-09-02","2024-10-28","2486.68","Fiel"
2969,"CLI02969","PJ - Frota Pequena","Showroom","SP","3","2023-05-19","2023-10-27","3148.95","Fiel"
2318,"CLI02318","PF - Premium","CRM Ativo","SC","3","2023-04-20","2024-06-19","2229.29","Fiel"
82,"CLI00082","PF - Premium","Digital","DF","3","2024-01-15","2024-08-18","6844.85","Fiel"
732,"CLI00732","PJ - Frota Grande","Fidelização","BA","3","2023-05-28","2024-11-22","4509.97","Fiel"
1711,"CLI01711","PF - Varejo","Digital","SP","3","2023-03-10","2023-06-19","1935.50","Fiel"
3200,"CLI03200","PF - Premium","Indicação","PR","3","2023-03-06","2024-01-18","1423.87","Fiel"
2016,"CLI02016","PF - Premium","CRM Ativo","BA","3","2023-12-24","2024-07-25","2681.47","Fiel"
2779,"CLI02779","PJ - Frota Pequena","Showroom","ES","3","2023-01-11","2024-05-23","3287.54","Fiel"
348,"CLI00348","PF - Varejo","Digital","PE","3","2023-02-17","2024-11-21","1181.77","Fiel"
2929,"CLI02929","PF - Premium","Showroom","RJ","3","2023-01-25","2024-04-12","2431.97","Fiel"
3950,"CLI03950","PJ - Frota Pequena","Showroom","PR","3","2023-11-15","2024-03-24","3979.10","Fiel"
2598,"CLI02598","PF - Varejo","CRM Ativo","GO","3","2024-05-15","2024-11-22","1588.64","Fiel"
2018,"CLI02018","PJ - Frota Grande","Digital","SC","3","2023-07-26","2024-07-02","2888.11","Fiel"
789,"CLI00789","PJ - Frota Pequena","Fidelização","RS","3","2023-01-23","2023-04-15","6673.82","Fiel"
1082,"CLI01082","PF - Premium","Showroom","PR","3","2023-03-27","2024-08-28","1854.22","Fiel"
3523,"CLI03523","PF - Premium","Digital","RJ","3","2023-03-19","2024-08-24","3498.34","Fiel"
3604,"CLI03604","PF - Varejo","Showroom","RJ","3","2023-07-29","2024-02-12","2880.22","Fiel"
3821,"CLI03821","PF - Varejo","Recall","PE","3","2023-03-12","2023-08-08","2674.80","Fiel"
808,"CLI00808","PF - Varejo","Digital","SP","3","2023-02-20","2024-08-26","1544.15","Fiel"
3728,"CLI03728","PF - Varejo","Indicação","PE","3","2023-02-26","2024-03-16","3829.88","Fiel"
93,"CLI00093","PJ - Frota Pequena","Digital","PE","3","2023-04-10","2024-09-27","2723.64","Fiel"
3341,"CLI03341","PF - Varejo","Recall","SP","3","2023-08-16","2024-04-13","2569.63","Fiel"
1633,"CLI01633","PF - Varejo","Showroom","BA","3","2023-04-03","2023-09-11","5671.46","Fiel"
2876,"CLI02876","PJ - Frota Pequena","Indicação","GO","3","2024-01-20","2024-12-05","1470.75","Fiel"
2812,"CLI02812","PF - Varejo","Indicação","SP","3","2023-08-10","2023-11-16","1531.51","Fiel"
3613,"CLI03613","PJ - Frota Pequena","Digital","MG","3","2023-12-28","2024-08-06","7733.48","Fiel"
1200,"CLI01200","PF - Varejo","Digital","RJ","3","2023-09-23","2024-04-09","6250.53","Fiel"
1129,"CLI01129","PF - Premium","Indicação","SP","3","2023-03-02","2024-08-02","7846.17","Fiel"
1010,"CLI01010","PF - Varejo","Showroom","SP","3","2023-10-04","2024-08-10","4924.94","Fiel"
1865,"CLI01865","PF - Varejo","Digital","MG","3","2023-08-19","2024-04-11","3480.63","Fiel"
2899,"CLI02899","PF - Varejo","Fidelização","SP","3","2024-03-30","2024-10-17","3623.88","Fiel"
1556,"CLI01556","PF - Premium","Indicação","CE","3","2023-12-12","2024-05-31","1647.42","Fiel"
1670,"CLI01670","PJ - Frota Pequena","Digital","RJ","3","2023-05-20","2024-07-28","2044.22","Fiel"
3440,"CLI03440","PF - Varejo","Digital","RJ","3","2023-02-01","2024-06-24","7444.44","Fiel"
3085,"CLI03085","PF - Varejo","Recall","SP","3","2023-01-18","2023-11-23","1217.08","Fiel"
135,"CLI00135","PF - Varejo","Indicação","SP","3","2024-06-04","2024-11-17","5920.11","Fiel"
2761,"CLI02761","PF - Varejo","Indicação","RJ","3","2023-05-30","2024-04-21","808.13","Fiel"
2808,"CLI02808","PJ - Frota Grande","Digital","PE","3","2023-10-05","2024-04-21","1267.54","Fiel"
1950,"CLI01950","PF - Varejo","Digital","BA","3","2023-02-15","2023-04-11","7958.33","Fiel"
2958,"CLI02958","PJ - Frota Pequena","Recall","SP","3","2023-09-08","2024-05-15","1196.44","Fiel"
2607,"CLI02607","PJ - Frota Grande","Showroom","PE","3","2023-11-27","2024-03-13","2104.43","Fiel"
3797,"CLI03797","PF - Varejo","Fidelização","MG","3","2024-01-18","2024-11-18","5947.20","Fiel"
3064,"CLI03064","PF - Premium","Showroom","RJ","3","2024-03-05","2024-12-18","5292.56","Fiel"
185,"CLI00185","PF - Varejo","Indicação","BA","3","2023-07-08","2024-12-01","3636.77","Fiel"
704,"CLI00704","PF - Varejo","Showroom","RJ","3","2023-08-28","2024-12-21","2238.74","Fiel"
1930,"CLI01930","PF - Varejo","Showroom","RJ","3","2023-09-16","2024-01-09","1406.47","Fiel"
313,"CLI00313","PF - Varejo","Digital","SP","3","2023-05-06","2024-12-07","1803.11","Fiel"
3558,"CLI03558","PJ - Frota Pequena","Fidelização","SC","3","2024-04-02","2024-12-06","3787.15","Fiel"
3522,"CLI03522","PF - Varejo","Fidelização","PR","3","2023-08-24","2024-11-22","3844.75","Fiel"
2641,"CLI02641","PF - Varejo","Indicação","SC","3","2023-01-28","2023-10-20","3053.09","Fiel"
3291,"CLI03291","PJ - Frota Pequena","Indicação","PE","3","2023-09-05","2024-11-04","7724.94","Fiel"
2443,"CLI02443","PF - Varejo","Digital","PR","3","2023-01-31","2024-08-06","2263.41","Fiel"
1329,"CLI01329","PF - Premium","Fidelização","SP","3","2023-04-14","2024-07-05","1710.60","Fiel"
3100,"CLI03100","PF - Varejo","Indicação","MG","3","2023-11-11","2024-05-29","2883.42","Fiel"
1364,"CLI01364","PF - Premium","Showroom","RJ","3","2023-01-17","2024-03-18","2834.92","Fiel"
1721,"CLI01721","PF - Varejo","Indicação","GO","3","2023-11-17","2024-08-27","9705.84","Fiel"
1461,"CLI01461","PF - Varejo","Showroom","SP","3","2023-11-23","2024-06-14","1249.74","Fiel"
3494,"CLI03494","PF - Varejo","Digital","CE","3","2024-01-29","2024-03-22","5654.42","Fiel"
2877,"CLI02877","PF - Premium","CRM Ativo","SP","3","2024-02-04","2024-10-28","3439.22","Fiel"
2636,"CLI02636","PJ - Frota Pequena","Fidelização","MG","3","2023-02-11","2024-09-09","3348.76","Fiel"
3058,"CLI03058","PF - Premium","Showroom","PR","3","2023-02-08","2024-12-24","2114.38","Fiel"
2023,"CLI02023","PF - Premium","Digital","RJ","3","2023-02-19","2024-03-23","2527.41","Fiel"
1803,"CLI01803","PF - Premium","Digital","MG","3","2023-10-19","2024-06-17","1352.90","Fiel"
368,"CLI00368","PF - Varejo","Recall","RS","3","2023-02-26","2024-11-02","3247.66","Fiel"
548,"CLI00548","PJ - Frota Grande","Showroom","RJ","3","2023-04-08","2024-12-27","1382.61","Fiel"
1024,"CLI01024","PF - Varejo","Indicação","BA","3","2024-01-08","2024-09-22","1197.53","Fiel"
3787,"CLI03787","PJ - Frota Pequena","Indicação","SP","3","2023-12-31","2024-12-05","2465.01","Fiel"
1673,"CLI01673","PJ - Frota Pequena","Fidelização","RJ","3","2023-07-15","2024-10-03","4040.39","Fiel"
2075,"CLI02075","PF - Premium","Indicação","MG","3","2023-04-14","2024-04-20","2078.71","Fiel"
1799,"CLI01799","PJ - Frota Pequena","CRM Ativo","SC","3","2024-02-14","2024-11-06","1354.13","Fiel"
2241,"CLI02241","PF - Premium","Digital","PE","3","2023-04-02","2024-04-19","2215.45","Fiel"
3925,"CLI03925","PF - Varejo","Showroom","SP","3","2023-03-13","2024-10-11","2289.66","Fiel"
3227,"CLI03227","PJ - Frota Pequena","Digital","GO","3","2023-01-25","2023-11-19","5040.41","Fiel"
2170,"CLI02170","PJ - Frota Pequena","Digital","SP","3","2023-08-16","2024-07-01","1495.88","Fiel"
10,"CLI00010","PF - Varejo","Fidelização","RJ","3","2023-08-31","2024-10-01","1958.32","Fiel"
3766,"CLI03766","PF - Varejo","Fidelização","SP","3","2023-03-31","2024-10-29","5755.45","Fiel"
2656,"CLI02656","PF - Varejo","Fidelização","DF","3","2023-08-11","2024-03-17","1215.46","Fiel"
1469,"CLI01469","PF - Varejo","CRM Ativo","MG","3","2023-03-08","2023-11-18","621.21","Fiel"
2119,"CLI02119","PF - Premium","Indicação","RJ","3","2023-12-27","2024-01-15","2852.59","Fiel"
2711,"CLI02711","PJ - Frota Grande","Indicação","CE","3","2023-12-05","2024-09-13","3302.89","Fiel"
1262,"CLI01262","PF - Varejo","Recall","BA","3","2023-10-31","2024-08-28","11236.07","Fiel"
3543,"CLI03543","PJ - Frota Pequena","Indicação","SP","3","2023-07-19","2024-12-29","4173.28","Fiel"
2383,"CLI02383","PF - Premium","Recall","GO","3","2024-02-12","2024-03-15","2430.95","Fiel"
536,"CLI00536","PJ - Frota Grande","Recall","SP","3","2023-03-11","2024-06-15","4572.26","Fiel"
3210,"CLI03210","PJ - Frota Grande","Digital","RJ","3","2023-07-11","2024-08-02","2930.61","Fiel"
2250,"CLI02250","PJ - Frota Pequena","Digital","RJ","3","2023-06-13","2024-02-27","2697.71","Fiel"
2879,"CLI02879","PF - Premium","Recall","BA","3","2024-06-13","2024-10-30","905.43","Fiel"
3101,"CLI03101","PJ - Frota Pequena","Digital","PR","3","2023-10-22","2024-07-24","4295.63","Fiel"
1250,"CLI01250","PF - Varejo","CRM Ativo","BA","3","2023-06-14","2024-07-06","988.28","Fiel"
843,"CLI00843","PF - Varejo","Fidelização","ES","3","2023-10-31","2024-05-18","2342.59","Fiel"
1823,"CLI01823","PF - Varejo","Indicação","ES","3","2023-02-28","2023-05-01","1816.24","Fiel"
3827,"CLI03827","PF - Varejo","Indicação","PE","3","2023-10-07","2024-04-24","6443.26","Fiel"
811,"CLI00811","PF - Varejo","Digital","PR","3","2023-09-12","2024-04-12","4536.99","Fiel"
3176,"CLI03176","PJ - Frota Grande","Fidelização","GO","3","2023-08-28","2024-10-18","3280.90","Fiel"
2555,"CLI02555","PF - Varejo","Digital","RJ","3","2023-02-18","2023-10-03","3171.94","Fiel"
2528,"CLI02528","PF - Varejo","Indicação","SP","3","2023-03-15","2024-01-22","2545.52","Fiel"
3769,"CLI03769","PF - Premium","Showroom","SP","3","2023-03-08","2023-12-05","7937.98","Fiel"
1199,"CLI01199","PJ - Frota Pequena","Fidelização","SP","3","2023-09-07","2024-12-18","3287.42","Fiel"
1097,"CLI01097","PF - Premium","Indicação","SP","3","2023-09-10","2024-03-23","5220.54","Fiel"
243,"CLI00243","PF - Premium","Digital","SP","3","2023-07-23","2024-12-20","7787.87","Fiel"
1309,"CLI01309","PF - Premium","Digital","DF","3","2024-03-02","2024-10-07","2588.73","Fiel"
42,"CLI00042","PF - Varejo","Indicação","SC","3","2023-04-06","2024-01-06","3005.09","Fiel"
369,"CLI00369","PF - Varejo","Digital","DF","3","2023-03-25","2024-11-21","7756.52","Fiel"
2642,"CLI02642","PF - Varejo","Showroom","RS","3","2023-02-05","2024-09-15","4013.05","Fiel"
929,"CLI00929","PJ - Frota Pequena","Showroom","PR","3","2023-02-16","2023-04-25","3406.08","Fiel"
2080,"CLI02080","PF - Premium","Indicação","MG","3","2023-12-30","2024-10-03","5382.36","Fiel"
3716,"CLI03716","PJ - Frota Pequena","Digital","SP","3","2023-02-27","2024-01-03","1567.47","Fiel"
1413,"CLI01413","PF - Varejo","CRM Ativo","SP","3","2023-08-27","2024-10-03","8774.23","Fiel"
1867,"CLI01867","PJ - Frota Pequena","Indicação","RJ","3","2023-01-27","2024-11-04","4223.77","Fiel"
2350,"CLI02350","PF - Premium","Recall","RJ","3","2023-05-07","2024-05-18","4717.62","Fiel"
2052,"CLI02052","PF - Premium","Indicação","MG","3","2023-11-11","2024-10-04","1447.99","Fiel"
1207,"CLI01207","PF - Varejo","CRM Ativo","RJ","3","2024-02-21","2024-11-01","3336.28","Fiel"
688,"CLI00688","PF - Varejo","Digital","MG","3","2023-03-14","2024-11-25","6699.98","Fiel"
2562,"CLI02562","PF - Varejo","Digital","MG","3","2024-05-30","2024-12-23","3332.41","Fiel"
3246,"CLI03246","PF - Premium","CRM Ativo","ES","3","2023-03-19","2024-01-14","11622.30","Fiel"
163,"CLI00163","PF - Premium","Digital","ES","3","2023-02-20","2024-08-18","2630.59","Fiel"
430,"CLI00430","PJ - Frota Pequena","Showroom","SP","3","2023-08-11","2024-05-30","1673.09","Fiel"
2437,"CLI02437","PF - Varejo","Showroom","RJ","3","2024-02-21","2024-11-09","2873.64","Fiel"
2705,"CLI02705","PF - Varejo","Fidelização","RJ","3","2023-05-14","2024-05-31","6187.10","Fiel"
2909,"CLI02909","PJ - Frota Grande","Digital","RJ","3","2023-02-07","2024-02-14","1586.60","Fiel"
3365,"CLI03365","PF - Varejo","Recall","SP","3","2024-08-26","2024-10-09","11096.43","Fiel"
124,"CLI00124","PJ - Frota Pequena","CRM Ativo","SP","3","2023-01-27","2024-09-21","9013.67","Fiel"
3810,"CLI03810","PJ - Frota Pequena","Recall","MG","3","2023-04-05","2024-02-13","4033.93","Fiel"
3926,"CLI03926","PF - Varejo","Digital","BA","3","2023-10-19","2024-03-26","4080.35","Fiel"
3343,"CLI03343","PJ - Frota Pequena","Indicação","SP","3","2023-10-10","2024-06-29","7469.94","Fiel"
1386,"CLI01386","PF - Varejo","Showroom","BA","3","2023-10-27","2024-08-23","7498.80","Fiel"
1429,"CLI01429","PF - Varejo","Indicação","MG","3","2024-03-22","2024-11-22","633.93","Fiel"
1002,"CLI01002","PF - Varejo","Showroom","SP","3","2023-02-06","2023-08-19","927.67","Fiel"
3342,"CLI03342","PF - Varejo","Indicação","RJ","3","2023-05-07","2024-04-12","848.50","Fiel"
3406,"CLI03406","PF - Premium","Showroom","RS","3","2023-01-25","2024-08-03","3881.74","Fiel"
76,"CLI00076","PJ - Frota Pequena","Recall","PR","3","2023-01-17","2023-11-29","817.84","Fiel"
2298,"CLI02298","PF - Varejo","Indicação","RJ","3","2023-03-25","2023-11-25","7663.00","Fiel"
1308,"CLI01308","PF - Varejo","Fidelização","MG","3","2023-08-31","2024-12-02","7323.88","Fiel"
1643,"CLI01643","PJ - Frota Pequena","Showroom","SP","3","2023-10-05","2024-11-18","8763.75","Fiel"
109,"CLI00109","PF - Varejo","Indicação","SP","3","2023-05-16","2024-11-02","2108.65","Fiel"
1505,"CLI01505","PF - Varejo","Digital","SP","2","2024-02-05","2024-11-16","5880.24","Recorrente"
2767,"CLI02767","PF - Premium","CRM Ativo","CE","2","2024-07-31","2024-10-04","535.15","Recorrente"
613,"CLI00613","PJ - Frota Pequena","Digital","DF","2","2023-05-26","2023-07-05","1107.86","Recorrente"
2226,"CLI02226","PF - Premium","Recall","SP","2","2024-01-24","2024-09-14","594.87","Recorrente"
979,"CLI00979","PF - Varejo","Indicação","RJ","2","2023-10-11","2024-11-23","1618.46","Recorrente"
1394,"CLI01394","PF - Premium","Showroom","BA","2","2023-06-12","2024-09-25","780.62","Recorrente"
1478,"CLI01478","PJ - Frota Grande","Digital","BA","2","2024-10-22","2024-11-16","1276.10","Recorrente"
773,"CLI00773","PF - Varejo","Indicação","DF","2","2024-05-07","2024-07-05","1827.75","Recorrente"
679,"CLI00679","PF - Premium","CRM Ativo","SP","2","2023-06-10","2024-04-14","5245.67","Recorrente"
3765,"CLI03765","PF - Varejo","Digital","SP","2","2023-04-12","2023-12-29","2577.05","Recorrente"
3482,"CLI03482","PJ - Frota Pequena","CRM Ativo","CE","2","2024-10-08","2024-12-08","2382.13","Recorrente"
321,"CLI00321","PJ - Frota Pequena","Showroom","GO","2","2024-04-30","2024-09-11","1255.73","Recorrente"
3932,"CLI03932","PF - Varejo","Digital","GO","2","2024-01-15","2024-08-15","1282.82","Recorrente"
1659,"CLI01659","PF - Varejo","Indicação","RJ","2","2024-02-29","2024-08-20","832.64","Recorrente"
1166,"CLI01166","PF - Varejo","Indicação","SP","2","2023-03-21","2023-05-01","8709.26","Recorrente"
431,"CLI00431","PF - Varejo","Indicação","SP","2","2024-03-21","2024-12-13","6755.16","Recorrente"
3097,"CLI03097","PJ - Frota Grande","Showroom","SC","2","2024-06-30","2024-11-12","4454.92","Recorrente"
1316,"CLI01316","PJ - Frota Pequena","CRM Ativo","SP","2","2023-05-31","2023-10-08","980.99","Recorrente"
252,"CLI00252","PJ - Frota Pequena","Indicação","PR","2","2023-11-04","2024-07-18","2494.92","Recorrente"
2890,"CLI02890","PF - Varejo","Fidelização","BA","2","2023-03-06","2024-10-25","4990.72","Recorrente"
95,"CLI00095","PJ - Frota Grande","Digital","GO","2","2023-12-30","2024-05-11","4563.02","Recorrente"
34,"CLI00034","PJ - Frota Pequena","Indicação","BA","2","2023-02-07","2024-03-18","476.57","Recorrente"
2691,"CLI02691","PF - Varejo","Indicação","SP","2","2024-04-28","2024-06-05","2093.46","Recorrente"
1782,"CLI01782","PF - Premium","Showroom","SP","2","2023-05-18","2024-03-20","4078.37","Recorrente"
852,"CLI00852","PF - Premium","Recall","ES","2","2023-03-28","2023-05-11","6452.57","Recorrente"
675,"CLI00675","PJ - Frota Pequena","Showroom","MG","2","2024-02-03","2024-06-01","768.02","Recorrente"
1476,"CLI01476","PJ - Frota Pequena","Showroom","RS","2","2024-09-02","2024-11-10","2236.80","Recorrente"
3953,"CLI03953","PF - Varejo","Fidelização","PR","2","2024-02-06","2024-06-03","2114.07","Recorrente"
2252,"CLI02252","PF - Varejo","Digital","BA","2","2023-01-07","2024-01-30","4602.74","Recorrente"
3216,"CLI03216","PF - Varejo","Digital","RJ","2","2023-12-09","2024-11-14","1791.29","Recorrente"
2663,"CLI02663","PF - Varejo","Indicação","CE","2","2023-09-01","2024-03-14","2892.86","Recorrente"
63,"CLI00063","PJ - Frota Grande","Digital","MG","2","2023-08-13","2024-02-09","2795.74","Recorrente"
559,"CLI00559","PF - Varejo","Digital","MG","2","2024-02-13","2024-02-22","4077.77","Recorrente"
192,"CLI00192","PJ - Frota Grande","Indicação","PR","2","2023-07-31","2023-08-27","2581.80","Recorrente"
2907,"CLI02907","PJ - Frota Pequena","Digital","PR","2","2023-12-05","2024-06-27","903.69","Recorrente"
1963,"CLI01963","PJ - Frota Pequena","Digital","PR","2","2023-07-04","2023-07-22","566.66","Recorrente"
145,"CLI00145","PF - Varejo","Indicação","SP","2","2024-02-07","2024-12-10","6819.51","Recorrente"
3104,"CLI03104","PF - Varejo","Indicação","SP","2","2024-02-11","2024-11-06","345.58","Recorrente"
3197,"CLI03197","PF - Premium","Digital","PR","2","2023-10-02","2024-09-08","599.79","Recorrente"
2815,"CLI02815","PF - Varejo","CRM Ativo","SP","2","2023-01-14","2024-08-07","3203.34","Recorrente"
1861,"CLI01861","PF - Varejo","Fidelização","RS","2","2023-08-15","2024-11-02","2714.14","Recorrente"
156,"CLI00156","PJ - Frota Pequena","Recall","RS","2","2024-03-16","2024-12-09","724.21","Recorrente"
1437,"CLI01437","PJ - Frota Grande","Recall","BA","2","2023-07-11","2023-11-28","634.79","Recorrente"
355,"CLI00355","PF - Varejo","Showroom","MG","2","2023-06-01","2023-10-08","2327.21","Recorrente"
1732,"CLI01732","PF - Varejo","Showroom","MG","2","2023-12-14","2024-10-29","6637.64","Recorrente"
3407,"CLI03407","PF - Premium","Digital","SP","2","2023-03-05","2024-09-28","1176.05","Recorrente"
1407,"CLI01407","PF - Premium","Showroom","RS","2","2023-11-10","2023-12-16","0.00","Recorrente"
1773,"CLI01773","PF - Varejo","Digital","SC","2","2023-12-03","2024-07-02","1940.36","Recorrente"
2600,"CLI02600","PF - Varejo","Recall","RJ","2","2023-01-20","2023-08-08","1374.27","Recorrente"
1003,"CLI01003","PJ - Frota Grande","Indicação","ES","2","2023-10-13","2024-06-11","2193.92","Recorrente"
698,"CLI00698","PF - Varejo","Recall","CE","2","2023-07-30","2024-07-25","3121.69","Recorrente"
3431,"CLI03431","PF - Varejo","CRM Ativo","RS","2","2024-06-22","2024-09-28","2033.46","Recorrente"
157,"CLI00157","PF - Varejo","Indicação","MG","2","2023-03-12","2024-08-11","575.08","Recorrente"
1052,"CLI01052","PF - Varejo","Showroom","PR","2","2024-04-21","2024-08-09","1272.88","Recorrente"
3757,"CLI03757","PF - Varejo","Fidelização","CE","2","2024-04-30","2024-09-08","255.23","Recorrente"
1331,"CLI01331","PF - Premium","Indicação","SP","2","2023-07-20","2023-10-05","1865.93","Recorrente"
1454,"CLI01454","PF - Varejo","Recall","RS","2","2023-03-31","2024-12-13","1220.64","Recorrente"
1860,"CLI01860","PF - Varejo","Fidelização","RJ","2","2023-11-14","2024-05-23","1593.88","Recorrente"
1702,"CLI01702","PF - Varejo","CRM Ativo","SP","2","2023-04-29","2024-03-20","1456.08","Recorrente"
2045,"CLI02045","PF - Varejo","CRM Ativo","RJ","2","2023-08-11","2023-12-20","4654.92","Recorrente"
1474,"CLI01474","PF - Premium","Digital","PR","2","2023-01-25","2023-02-25","2578.23","Recorrente"
2422,"CLI02422","PF - Premium","Indicação","DF","2","2024-03-06","2024-06-14","1401.15","Recorrente"
2560,"CLI02560","PF - Premium","Showroom","PE","2","2023-12-08","2023-12-11","2605.08","Recorrente"
1012,"CLI01012","PJ - Frota Pequena","Digital","RS","2","2024-12-26","2024-12-29","263.23","Recorrente"
2473,"CLI02473","PF - Premium","Digital","PE","2","2023-02-04","2024-09-16","1414.36","Recorrente"
1124,"CLI01124","PJ - Frota Pequena","Indicação","SP","2","2024-07-14","2024-07-30","931.58","Recorrente"
1095,"CLI01095","PF - Premium","Indicação","RJ","2","2023-01-21","2024-09-20","1012.74","Recorrente"
3831,"CLI03831","PJ - Frota Pequena","Digital","PR","2","2023-07-03","2024-10-27","2708.74","Recorrente"
2047,"CLI02047","PF - Varejo","Indicação","CE","2","2023-05-09","2023-06-03","820.49","Recorrente"
1879,"CLI01879","PF - Varejo","Digital","RJ","2","2024-09-27","2024-10-11","1902.60","Recorrente"
3134,"CLI03134","PF - Premium","Fidelização","PR","2","2023-04-24","2024-11-12","1617.50","Recorrente"
3683,"CLI03683","PF - Premium","Digital","CE","2","2023-01-27","2024-06-18","1746.29","Recorrente"
3371,"CLI03371","PJ - Frota Grande","Recall","CE","2","2023-07-25","2023-09-21","8109.68","Recorrente"
1176,"CLI01176","PF - Varejo","Fidelização","DF","2","2024-03-25","2024-06-24","4422.56","Recorrente"
1584,"CLI01584","PF - Varejo","CRM Ativo","RS","2","2023-11-19","2024-08-27","1226.13","Recorrente"
2951,"CLI02951","PF - Varejo","Digital","PE","2","2024-05-17","2024-12-21","1998.51","Recorrente"
2132,"CLI02132","PF - Varejo","Fidelização","SP","2","2024-01-04","2024-02-11","1066.02","Recorrente"
3971,"CLI03971","PF - Varejo","CRM Ativo","SP","2","2023-10-17","2024-09-28","894.31","Recorrente"
864,"CLI00864","PF - Premium","Digital","RJ","2","2023-06-13","2024-03-30","966.14","Recorrente"
3790,"CLI03790","PF - Varejo","Showroom","MG","2","2023-11-28","2024-08-27","459.06","Recorrente"
374,"CLI00374","PJ - Frota Pequena","Indicação","PE","2","2023-04-12","2024-03-06","1819.32","Recorrente"
663,"CLI00663","PF - Varejo","Fidelização","RJ","2","2023-12-12","2024-11-26","2214.73","Recorrente"
2904,"CLI02904","PF - Premium","Digital","RJ","2","2024-01-08","2024-10-18","1619.86","Recorrente"
2905,"CLI02905","PJ - Frota Pequena","Digital","BA","2","2023-11-06","2024-04-16","6170.68","Recorrente"
3964,"CLI03964","PF - Varejo","Indicação","SP","2","2023-07-25","2024-10-18","1161.23","Recorrente"
508,"CLI00508","PJ - Frota Grande","Fidelização","RS","2","2024-08-14","2024-11-07","3489.31","Recorrente"
3733,"CLI03733","PF - Varejo","Recall","BA","2","2023-03-11","2024-11-14","2213.76","Recorrente"
1685,"CLI01685","PF - Varejo","Indicação","RJ","2","2023-08-31","2024-10-26","3958.87","Recorrente"
90,"CLI00090","PF - Premium","Recall","DF","2","2023-09-05","2024-03-15","3878.63","Recorrente"
2174,"CLI02174","PF - Premium","Fidelização","MG","2","2024-04-14","2024-06-22","5357.12","Recorrente"
3311,"CLI03311","PJ - Frota Grande","Indicação","BA","2","2024-01-17","2024-08-07","1516.21","Recorrente"
2609,"CLI02609","PF - Varejo","Indicação","MG","2","2023-10-01","2024-05-02","1077.05","Recorrente"
2183,"CLI02183","PF - Varejo","CRM Ativo","DF","2","2023-05-15","2024-03-25","1178.60","Recorrente"
1946,"CLI01946","PF - Varejo","Showroom","DF","2","2023-11-04","2023-12-30","1208.75","Recorrente"
1190,"CLI01190","PF - Varejo","Recall","RJ","2","2024-05-04","2024-07-11","715.77","Recorrente"
347,"CLI00347","PJ - Frota Pequena","Indicação","SP","2","2023-07-25","2024-03-11","5325.11","Recorrente"
3779,"CLI03779","PF - Varejo","Digital","GO","2","2023-10-19","2023-11-09","334.92","Recorrente"
2221,"CLI02221","PF - Premium","Recall","RS","2","2023-06-27","2024-12-27","1508.14","Recorrente"
963,"CLI00963","PJ - Frota Pequena","Indicação","RJ","2","2024-02-03","2024-05-03","1511.13","Recorrente"
2232,"CLI02232","PF - Premium","Digital","GO","2","2023-06-15","2023-08-12","1503.70","Recorrente"
1267,"CLI01267","PF - Varejo","Indicação","SP","2","2024-03-08","2024-04-25","324.80","Recorrente"
3300,"CLI03300","PJ - Frota Grande","Showroom","SC","2","2023-03-30","2024-06-06","1221.10","Recorrente"
1239,"CLI01239","PF - Varejo","Indicação","SP","2","2024-05-12","2024-12-06","1300.89","Recorrente"
324,"CLI00324","PJ - Frota Pequena","Indicação","SP","2","2023-03-24","2023-11-20","8281.65","Recorrente"
2919,"CLI02919","PJ - Frota Grande","Fidelização","SP","2","2023-03-19","2024-06-07","3761.08","Recorrente"
2988,"CLI02988","PF - Premium","Indicação","DF","2","2023-08-04","2024-07-13","1042.80","Recorrente"
1961,"CLI01961","PJ - Frota Grande","Indicação","RJ","2","2023-06-15","2024-11-11","2191.48","Recorrente"
2717,"CLI02717","PF - Varejo","Fidelização","SP","2","2024-10-23","2024-11-04","1488.61","Recorrente"
3696,"CLI03696","PF - Premium","Digital","GO","2","2023-08-18","2024-11-15","1232.98","Recorrente"
1794,"CLI01794","PJ - Frota Pequena","CRM Ativo","PE","2","2024-05-16","2024-10-04","3071.19","Recorrente"
1272,"CLI01272","PJ - Frota Grande","CRM Ativo","DF","2","2024-02-16","2024-12-23","6854.93","Recorrente"
815,"CLI00815","PF - Varejo","Fidelização","SC","2","2023-02-09","2024-03-12","1419.65","Recorrente"
1571,"CLI01571","PF - Varejo","Digital","RJ","2","2024-08-10","2024-12-26","0.00","Recorrente"
3856,"CLI03856","PF - Varejo","Digital","RJ","2","2023-11-26","2024-10-18","637.65","Recorrente"
1114,"CLI01114","PF - Varejo","Recall","PR","2","2024-04-17","2024-07-13","1292.34","Recorrente"
3423,"CLI03423","PF - Varejo","Indicação","SP","2","2024-04-01","2024-10-07","1907.48","Recorrente"
1370,"CLI01370","PF - Varejo","Indicação","MG","2","2024-08-19","2024-10-18","3442.08","Recorrente"
3235,"CLI03235","PF - Varejo","Fidelização","SP","2","2023-01-07","2023-11-09","480.20","Recorrente"
781,"CLI00781","PF - Varejo","Fidelização","RS","2","2023-05-12","2023-07-18","2933.17","Recorrente"
586,"CLI00586","PF - Varejo","Indicação","PR","2","2023-09-16","2024-07-03","1290.01","Recorrente"
515,"CLI00515","PF - Varejo","Digital","SC","2","2023-02-05","2023-09-29","2176.48","Recorrente"
3319,"CLI03319","PJ - Frota Pequena","Digital","SP","1","2023-10-24","2023-10-24","785.30","Em Risco"
1590,"CLI01590","PF - Premium","Indicação","SP","1","2024-01-19","2024-01-19","757.73","Em Risco"
3017,"CLI03017","PF - Premium","Digital","SP","1","2024-08-13","2024-08-13","1992.92","Em Risco"
2784,"CLI02784","PF - Varejo","Showroom","RS","1","2024-10-03","2024-10-03","783.33","Em Risco"
1635,"CLI01635","PF - Varejo","Indicação","PR","1","2024-12-28","2024-12-28","1205.85","Em Risco"
617,"CLI00617","PF - Varejo","Digital","SP","1","2024-07-05","2024-07-05","0.00","Em Risco"
3560,"CLI03560","PJ - Frota Pequena","Digital","GO","1","2023-09-02","2023-09-02","1138.42","Em Risco"
94,"CLI00094","PF - Varejo","Showroom","CE","1","2023-06-17","2023-06-17","2028.85","Em Risco"
2897,"CLI02897","PF - Varejo","Fidelização","SP","1","2024-04-06","2024-04-06","512.19","Em Risco"
2043,"CLI02043","PF - Varejo","Digital","RJ","1","2024-03-31","2024-03-31","923.38","Em Risco"
2100,"CLI02100","PF - Varejo","Indicação","SP","1","2024-05-02","2024-05-02","497.59","Em Risco"
2664,"CLI02664","PF - Premium","Indicação","RJ","1","2024-03-19","2024-03-19","340.39","Em Risco"
2986,"CLI02986","PF - Varejo","Fidelização","SP","1","2024-10-10","2024-10-10","1455.65","Em Risco"
3695,"CLI03695","PJ - Frota Pequena","CRM Ativo","SP","1","2023-04-30","2023-04-30","688.86","Em Risco"
356,"CLI00356","PF - Varejo","Showroom","GO","1","2023-06-21","2023-06-21","1001.08","Em Risco"
1918,"CLI01918","PF - Premium","CRM Ativo","RS","1","2023-06-07","2023-06-07","775.35","Em Risco"
3229,"CLI03229","PF - Varejo","Indicação","RJ","1","2023-07-15","2023-07-15","1238.89","Em Risco"
1955,"CLI01955","PF - Varejo","Indicação","MG","1","2024-07-21","2024-07-21","307.09","Em Risco"
1380,"CLI01380","PF - Premium","Fidelização","GO","1","2024-09-15","2024-09-15","343.97","Em Risco"
297,"CLI00297","PJ - Frota Grande","Digital","MG","1","2023-10-08","2023-10-08","2263.46","Em Risco"
1451,"CLI01451","PF - Varejo","Recall","SP","1","2024-10-17","2024-10-17","623.70","Em Risco"
2215,"CLI02215","PF - Varejo","Indicação","RJ","1","2024-04-11","2024-04-11","655.38","Em Risco"
600,"CLI00600","PF - Varejo","Showroom","MG","1","2023-03-14","2023-03-14","2632.87","Em Risco"
2978,"CLI02978","PF - Varejo","Digital","SP","1","2023-07-07","2023-07-07","314.96","Em Risco"
317,"CLI00317","PF - Varejo","Digital","SP","1","2023-10-18","2023-10-18","2045.24","Em Risco"
57,"CLI00057","PJ - Frota Pequena","Digital","RJ","1","2024-03-29","2024-03-29","844.62","Em Risco"
715,"CLI00715","PJ - Frota Pequena","Indicação","SP","1","2024-05-23","2024-05-23","0.00","Em Risco"
3614,"CLI03614","PJ - Frota Grande","Digital","SP","1","2024-08-14","2024-08-14","898.14","Em Risco"
2388,"CLI02388","PF - Varejo","Digital","RJ","1","2024-09-06","2024-09-06","3748.77","Em Risco"
345,"CLI00345","PF - Varejo","Indicação","BA","1","2023-08-16","2023-08-16","1053.55","Em Risco"
119,"CLI00119","PF - Varejo","CRM Ativo","ES","1","2023-09-13","2023-09-13","541.99","Em Risco"
1926,"CLI01926","PF - Varejo","Indicação","MG","1","2024-09-22","2024-09-22","2368.03","Em Risco"
507,"CLI00507","PF - Varejo","Digital","MG","1","2024-11-28","2024-11-28","282.18","Em Risco"
860,"CLI00860","PF - Varejo","Recall","PR","1","2023-08-25","2023-08-25","513.08","Em Risco"
350,"CLI00350","PF - Premium","Indicação","SP","0",NULL,NULL,NULL,"Churn"
3742,"CLI03742","PJ - Frota Pequena","CRM Ativo","PR","0",NULL,NULL,NULL,"Churn"
3401,"CLI03401","PF - Varejo","Digital","SP","0",NULL,NULL,NULL,"Churn"
2185,"CLI02185","PF - Premium","Digital","SC","0",NULL,NULL,NULL,"Churn"
2732,"CLI02732","PJ - Frota Grande","Indicação","CE","0",NULL,NULL,NULL,"Churn"
