sk_cliente,id_cliente,nome_cliente,segmento_cliente,canal_aquisicao,uf_cliente,data_cadastro,faixa_etaria,ativo
1,CLI00001,Otávio Nascimento,PJ - Frota Pequena,Indicação,MG,2021-01-28,36-45,True
2,CLI00002,Henrique Ferreira,PF - Varejo,Recall,SP,2023-04-07,18-25,True
3,CLI00003,Lorena Correia,PJ - Frota Grande,CRM Ativo,GO,2023-01-29,26-35,True
4,CLI00004,Pietra Aparecida,PF - Varejo,Showroom,MG,2022-10-29,26-35,True
5,CLI00005,Ana Lívia Pinto,PF - Varejo,Indicação,SC,2022-07-02,26-35,True
6,CLI00006,Alícia Montenegro,PF - Premium,Digital,MG,2022-09-14,36-45,True
7,CLI00007,Eloá Abreu,PF - Varejo,CRM Ativo,CE,2022-09-21,56+,True
8,CLI00008,Mariane Câmara,PJ - Frota Pequena,Recall,PE,2021-10-06,18-25,True
9,CLI00009,Renan Barros,PF - Varejo,Indicação,RJ,2023-03-06,36-45,True
10,CLI00010,Letícia Gomes,PF - Varejo,Fidelização,RJ,2022-03-13,26-35,True
11,CLI00011,Breno Costela,PF - Premium,Indicação,GO,2021-03-09,18-25,True
12,CLI00012,Francisco da Rocha,PJ - Frota Grande,Showroom,SP,2023-05-25,18-25,True
13,CLI00013,Sr. Luigi Vieira,PJ - Frota Pequena,Showroom,BA,2021-03-24,46-55,True
14,CLI00014,Lucas Gabriel Sousa,PF - Varejo,Digital,SP,2023-04-20,46-55,True
15,CLI00015,Gabriela Aragão,PF - Premium,Digital,SP,2022-01-08,26-35,True
16,CLI00016,Augusto Montenegro,PF - Varejo,Showroom,RS,2021-07-31,56+,True
17,CLI00017,Yuri Casa Grande,PF - Varejo,Indicação,BA,2022-09-05,46-55,True
18,CLI00018,Sr. Anthony Aragão,PF - Premium,Showroom,MG,2022-07-13,36-45,True
19,CLI00019,Dr. Noah Silva,PF - Varejo,Indicação,SP,2022-04-24,18-25,True
20,CLI00020,Dante Novais,PF - Premium,Digital,MG,2022-10-21,56+,True
21,CLI00021,Dr. Théo Marques,PF - Varejo,Digital,CE,2021-03-28,26-35,True
22,CLI00022,Dr. Yan Santos,PF - Varejo,Digital,SP,2021-12-01,56+,True
23,CLI00023,Diego Fonseca,PJ - Frota Pequena,Recall,DF,2021-04-28,46-55,True
24,CLI00024,Arthur Gabriel Santos,PF - Varejo,Fidelização,MG,2023-06-10,46-55,True
25,CLI00025,João da Rosa,PJ - Frota Pequena,Digital,SP,2021-04-29,26-35,True
26,CLI00026,Olivia Sales,PF - Varejo,Fidelização,DF,2021-01-31,18-25,True
27,CLI00027,Ana Abreu,PF - Premium,Digital,SP,2022-03-30,26-35,True
28,CLI00028,Valentim Machado,PF - Varejo,CRM Ativo,RJ,2022-02-26,36-45,True
29,CLI00029,André Ferreira,PJ - Frota Pequena,Digital,ES,2021-11-03,56+,True
30,CLI00030,Nathan Novais,PF - Varejo,Digital,RJ,2022-10-14,26-35,True
31,CLI00031,Thomas Vieira,PF - Varejo,Recall,MG,2022-06-30,18-25,True
32,CLI00032,Enzo da Cunha,PF - Varejo,Fidelização,SP,2023-01-18,26-35,True
33,CLI00033,Henry Gabriel Rezende,PF - Varejo,CRM Ativo,SP,2022-09-16,36-45,True
34,CLI00034,Kevin da Cunha,PJ - Frota Pequena,Indicação,BA,2021-06-09,26-35,True
35,CLI00035,Rael Almeida,PF - Premium,Recall,MG,2021-09-20,18-25,True
36,CLI00036,Anna Liz Cassiano,PJ - Frota Pequena,Digital,SP,2022-09-21,18-25,True
37,CLI00037,Marcela Viana,PF - Premium,Showroom,SP,2022-06-09,36-45,True
38,CLI00038,Dr. Benjamin Rios,PF - Varejo,Recall,SP,2022-01-29,46-55,True
39,CLI00039,Lívia Nascimento,PF - Varejo,CRM Ativo,SP,2021-02-26,26-35,True
40,CLI00040,Carlos Eduardo Nogueira,PF - Varejo,CRM Ativo,DF,2021-09-23,26-35,True
41,CLI00041,Larissa Duarte,PF - Premium,Fidelização,PR,2021-10-30,36-45,True
42,CLI00042,Brayan Fernandes,PF - Varejo,Indicação,SC,2023-06-04,56+,True
43,CLI00043,Caroline Silveira,PF - Premium,Digital,RJ,2021-08-18,46-55,True
44,CLI00044,Benjamim Fonseca,PJ - Frota Pequena,Fidelização,CE,2022-12-14,36-45,True
45,CLI00045,Maria Alice Fogaça,PF - Varejo,Indicação,SC,2022-01-20,36-45,True
46,CLI00046,Nicolas Andrade,PF - Varejo,Indicação,RS,2022-03-06,18-25,True
47,CLI00047,Henry Machado,PF - Varejo,Digital,BA,2021-11-29,36-45,True
48,CLI00048,Dr. José Miguel Araújo,PF - Varejo,Showroom,SP,2022-10-20,26-35,True
49,CLI00049,Melissa da Luz,PJ - Frota Pequena,Recall,DF,2023-04-27,36-45,True
50,CLI00050,Bianca da Rocha,PF - Premium,Indicação,RJ,2022-05-28,26-35,True
51,CLI00051,Pietra da Cunha,PF - Varejo,CRM Ativo,RJ,2023-05-20,56+,True
52,CLI00052,Bruno Novais,PF - Premium,Showroom,MG,2022-09-24,36-45,True
53,CLI00053,Júlia Andrade,PF - Varejo,Indicação,BA,2021-10-19,26-35,True
54,CLI00054,Laís Fernandes,PF - Varejo,Recall,SP,2021-09-15,56+,True
55,CLI00055,Ágatha Oliveira,PJ - Frota Grande,Fidelização,RJ,2022-10-31,18-25,True
56,CLI00056,Bárbara Macedo,PJ - Frota Grande,Digital,ES,2022-01-02,56+,True
57,CLI00057,Bianca Ribeiro,PJ - Frota Pequena,Digital,RJ,2021-09-26,46-55,True
58,CLI00058,Eloá Garcia,PF - Varejo,Indicação,PR,2021-10-25,56+,True
59,CLI00059,Bruno Sales,PF - Premium,Recall,SP,2023-06-09,36-45,True
60,CLI00060,Eloá Farias,PJ - Frota Grande,Indicação,MG,2021-04-11,46-55,True
61,CLI00061,Gabrielly Fogaça,PJ - Frota Pequena,Showroom,BA,2021-10-08,26-35,True
62,CLI00062,Léo Pinto,PF - Varejo,Fidelização,GO,2022-01-17,46-55,True
63,CLI00063,Dra. Anna Liz Mendonça,PJ - Frota Grande,Digital,MG,2023-05-03,46-55,True
64,CLI00064,Gabriela Guerra,PF - Premium,Showroom,CE,2021-06-26,56+,True
65,CLI00065,Lara Vargas,PF - Varejo,Digital,SP,2022-04-24,36-45,True
66,CLI00066,Cecília da Luz,PF - Varejo,Digital,PR,2022-10-12,26-35,True
67,CLI00067,Sr. Luiz Henrique Vasconcelos,PF - Premium,Indicação,SP,2022-05-14,46-55,True
68,CLI00068,Srta. Heloisa da Conceição,PF - Varejo,Indicação,MG,2023-05-13,46-55,True
69,CLI00069,Kaique Caldeira,PF - Varejo,Recall,SP,2022-10-07,18-25,True
70,CLI00070,Beatriz Viana,PF - Premium,Digital,RS,2023-06-09,46-55,True
71,CLI00071,Dra. Pietra Rocha,PJ - Frota Grande,Digital,RJ,2023-05-01,46-55,True
72,CLI00072,Mariana Peixoto,PF - Varejo,Digital,SP,2021-10-19,18-25,True
73,CLI00073,Sr. Leonardo Vieira,PJ - Frota Grande,Fidelização,BA,2022-11-28,36-45,True
74,CLI00074,Maria Isis da Conceição,PF - Varejo,Indicação,SP,2021-10-10,36-45,True
75,CLI00075,Yasmin Peixoto,PJ - Frota Pequena,Showroom,SP,2023-03-04,56+,True
76,CLI00076,Yago Cardoso,PJ - Frota Pequena,Recall,PR,2021-07-21,36-45,True
77,CLI00077,Antonella Albuquerque,PF - Varejo,Digital,CE,2021-06-26,18-25,True
78,CLI00078,Sabrina Pacheco,PF - Varejo,Indicação,SP,2022-02-06,46-55,True
79,CLI00079,Srta. Clara Jesus,PJ - Frota Pequena,Digital,SP,2021-02-06,36-45,True
80,CLI00080,Srta. Maria Julia das Neves,PF - Varejo,Indicação,MG,2023-02-03,36-45,True
81,CLI00081,Ana Júlia Pires,PF - Premium,Recall,SP,2022-09-23,26-35,True
82,CLI00082,Pedro Miguel Azevedo,PF - Premium,Digital,DF,2021-05-10,36-45,True
83,CLI00083,Paulo Montenegro,PF - Varejo,Indicação,RS,2022-09-20,18-25,True
84,CLI00084,Lucas Melo,PF - Premium,CRM Ativo,PR,2021-09-30,36-45,True
85,CLI00085,Nicolas Nogueira,PF - Premium,Digital,PR,2022-08-12,56+,True
86,CLI00086,Lunna Melo,PF - Varejo,CRM Ativo,SC,2023-02-06,26-35,True
87,CLI00087,Heitor Oliveira,PF - Varejo,Indicação,SP,2021-07-10,18-25,True
88,CLI00088,Dr. Alexandre da Luz,PF - Premium,Indicação,RJ,2022-01-16,46-55,True
89,CLI00089,Anthony Pires,PF - Varejo,Fidelização,RJ,2021-10-12,26-35,True
90,CLI00090,Letícia Fogaça,PF - Premium,Recall,DF,2021-12-29,46-55,True
91,CLI00091,Maria Helena Leão,PJ - Frota Pequena,Digital,SP,2022-09-10,46-55,True
92,CLI00092,João Gabriel Camargo,PJ - Frota Pequena,CRM Ativo,RJ,2023-03-13,26-35,True
93,CLI00093,Alice Costa,PJ - Frota Pequena,Digital,PE,2023-02-23,46-55,True
94,CLI00094,Clarice Lopes,PF - Varejo,Showroom,CE,2022-01-13,26-35,True
95,CLI00095,Lunna Novaes,PJ - Frota Grande,Digital,GO,2023-04-02,26-35,True
96,CLI00096,Rafaela Porto,PJ - Frota Pequena,Digital,SP,2022-06-11,56+,True
97,CLI00097,Yasmin Mendonça,PF - Varejo,Digital,PE,2022-07-30,56+,True
98,CLI00098,Ana Vitória Azevedo,PF - Premium,Recall,MG,2021-11-06,26-35,True
99,CLI00099,Henry Caldeira,PF - Varejo,Showroom,CE,2023-02-08,46-55,True
100,CLI00100,Srta. Alana Marques,PJ - Frota Pequena,Indicação,MG,2022-03-16,18-25,True
101,CLI00101,Jade Camargo,PF - Premium,Digital,SC,2021-11-06,26-35,True
102,CLI00102,Eloá Barbosa,PF - Varejo,Indicação,CE,2021-11-02,36-45,True
103,CLI00103,Fernanda Cardoso,PF - Varejo,Indicação,BA,2022-09-14,18-25,True
104,CLI00104,Kevin Freitas,PJ - Frota Pequena,Showroom,SP,2022-06-13,18-25,True
105,CLI00105,Dr. Anthony Gabriel Machado,PJ - Frota Grande,Digital,RJ,2023-04-08,46-55,True
106,CLI00106,Kamilly Cirino,PJ - Frota Grande,CRM Ativo,CE,2022-02-21,26-35,True
107,CLI00107,Maria Clara Costela,PF - Varejo,Showroom,PR,2021-07-25,36-45,True
108,CLI00108,Davi Lucca Azevedo,PJ - Frota Grande,Indicação,MG,2021-11-01,18-25,True
109,CLI00109,Dr. Erick Camargo,PF - Varejo,Indicação,SP,2023-01-19,26-35,True
110,CLI00110,Ana Montenegro,PF - Premium,Showroom,PR,2022-10-26,56+,True
111,CLI00111,Fernanda Ramos,PF - Varejo,Digital,DF,2022-10-19,26-35,True
112,CLI00112,Dra. Ana Sophia Caldeira,PJ - Frota Grande,Indicação,ES,2022-04-06,18-25,True
113,CLI00113,Maria Julia Mendonça,PJ - Frota Pequena,Digital,ES,2022-01-19,18-25,True
114,CLI00114,Cecilia Barbosa,PF - Premium,CRM Ativo,MG,2021-11-25,36-45,True
115,CLI00115,Ana Beatriz Cunha,PF - Premium,Digital,RS,2021-08-16,36-45,True
116,CLI00116,Joana Sá,PJ - Frota Grande,Indicação,RJ,2022-05-26,56+,True
117,CLI00117,Otávio Ramos,PJ - Frota Pequena,Digital,RS,2021-10-26,26-35,True
118,CLI00118,Théo da Rocha,PF - Varejo,Digital,RJ,2021-03-12,36-45,True
119,CLI00119,Mariane Dias,PF - Varejo,CRM Ativo,ES,2022-07-10,46-55,True
120,CLI00120,Dr. Enrico Lopes,PF - Premium,Digital,GO,2023-04-04,46-55,True
121,CLI00121,Cauã Cunha,PF - Varejo,Fidelização,GO,2022-05-16,56+,True
122,CLI00122,Erick Barbosa,PJ - Frota Pequena,Recall,RJ,2021-04-26,56+,True
123,CLI00123,Lívia Nunes,PJ - Frota Pequena,Indicação,SP,2021-09-12,26-35,True
124,CLI00124,Natália Farias,PJ - Frota Pequena,CRM Ativo,SP,2022-07-13,36-45,True
125,CLI00125,Marcelo da Cruz,PF - Varejo,CRM Ativo,DF,2022-04-27,46-55,True
126,CLI00126,Clara Montenegro,PF - Varejo,Digital,SP,2021-08-17,18-25,True
127,CLI00127,Dra. Maria Júlia Porto,PJ - Frota Pequena,Fidelização,ES,2021-12-22,56+,True
128,CLI00128,Emanuella Pimenta,PF - Premium,Showroom,PE,2022-02-06,46-55,True
129,CLI00129,Pedro Lucas da Rosa,PF - Varejo,Digital,SP,2023-03-09,56+,True
130,CLI00130,Dante Siqueira,PF - Premium,Indicação,RS,2023-02-28,36-45,True
131,CLI00131,Sra. Lívia Pereira,PF - Varejo,Indicação,RS,2023-03-20,36-45,True
132,CLI00132,Cecilia Pires,PJ - Frota Pequena,Digital,DF,2022-02-10,36-45,True
133,CLI00133,Thomas da Cruz,PF - Premium,Fidelização,RJ,2021-03-02,26-35,True
134,CLI00134,Zoe Costela,PF - Varejo,Showroom,RS,2021-02-03,46-55,True
135,CLI00135,Asafe Borges,PF - Varejo,Indicação,SP,2023-06-27,26-35,True
136,CLI00136,Caio Sá,PF - Premium,Digital,MG,2022-04-12,56+,True
137,CLI00137,Bárbara Pereira,PF - Varejo,Digital,CE,2021-12-14,36-45,True
138,CLI00138,Isabel da Paz,PF - Premium,Fidelização,PE,2021-09-17,26-35,True
139,CLI00139,Mariane da Mota,PJ - Frota Grande,Digital,SP,2023-02-11,36-45,True
140,CLI00140,Matteo Moraes,PJ - Frota Grande,Digital,RJ,2021-11-09,36-45,True
141,CLI00141,Dra. Isabela Albuquerque,PF - Varejo,Indicação,SP,2021-12-27,26-35,True
142,CLI00142,Bernardo Albuquerque,PF - Varejo,Indicação,RS,2022-03-06,26-35,True
143,CLI00143,Olivia Aragão,PF - Varejo,Fidelização,MG,2022-03-28,36-45,True
144,CLI00144,Theodoro Montenegro,PF - Varejo,Indicação,SP,2022-10-12,26-35,True
145,CLI00145,Lucas da Rosa,PF - Varejo,Indicação,SP,2021-09-21,26-35,True
146,CLI00146,Gustavo Freitas,PF - Varejo,Indicação,RJ,2021-03-09,36-45,True
147,CLI00147,Rael da Luz,PF - Premium,Indicação,CE,2021-03-21,36-45,True
148,CLI00148,Sra. Ísis da Rosa,PF - Varejo,Fidelização,PE,2023-02-07,18-25,True
149,CLI00149,Rael Melo,PF - Varejo,Fidelização,BA,2021-05-30,26-35,True
150,CLI00150,Laís Gomes,PF - Varejo,Digital,MG,2021-09-03,36-45,True
151,CLI00151,Joana Nogueira,PF - Varejo,Digital,BA,2021-12-25,18-25,True
152,CLI00152,Luiza Cavalcanti,PF - Varejo,Showroom,SC,2021-05-03,36-45,True
153,CLI00153,Emanuel Cunha,PF - Premium,Indicação,MG,2021-01-12,36-45,True
154,CLI00154,Letícia Guerra,PF - Varejo,Digital,RJ,2022-01-14,18-25,True
155,CLI00155,Joaquim Barbosa,PF - Varejo,Indicação,RJ,2021-01-13,26-35,True
156,CLI00156,Davi Novaes,PJ - Frota Pequena,Recall,RS,2023-03-04,46-55,True
157,CLI00157,Maria Júlia Correia,PF - Varejo,Indicação,MG,2022-11-11,36-45,True
158,CLI00158,Thomas Mendonça,PJ - Frota Pequena,Digital,SP,2021-03-20,26-35,True
159,CLI00159,Mariana Araújo,PF - Varejo,Recall,PR,2022-09-26,26-35,True
160,CLI00160,Ana Beatriz Leão,PJ - Frota Grande,Recall,SP,2022-04-19,26-35,True
161,CLI00161,Léo Melo,PF - Varejo,Indicação,SP,2023-06-04,26-35,True
162,CLI00162,Emanuel Cunha,PF - Varejo,Indicação,SC,2022-06-03,18-25,True
163,CLI00163,Renan Fonseca,PF - Premium,Digital,ES,2022-05-09,26-35,True
164,CLI00164,Davi Luiz Silveira,PF - Varejo,CRM Ativo,DF,2021-05-19,46-55,True
165,CLI00165,Luna Melo,PF - Varejo,Indicação,RS,2022-02-14,56+,True
166,CLI00166,Ana Liz Pinto,PF - Premium,Recall,SP,2021-01-16,46-55,True
167,CLI00167,Rodrigo Casa Grande,PF - Varejo,Digital,MG,2023-02-21,36-45,True
168,CLI00168,Enzo Gabriel Garcia,PF - Varejo,Indicação,PR,2021-06-01,26-35,True
169,CLI00169,Danilo Sá,PF - Premium,Indicação,MG,2022-01-04,36-45,True
170,CLI00170,Guilherme Nascimento,PF - Varejo,Digital,SP,2021-11-25,18-25,True
171,CLI00171,Joaquim Cunha,PJ - Frota Grande,Digital,GO,2021-11-02,26-35,True
172,CLI00172,Ana Sales,PF - Premium,Showroom,PR,2022-10-14,36-45,True
173,CLI00173,Helena Andrade,PF - Varejo,Digital,PE,2022-02-18,46-55,True
174,CLI00174,Isabelly Moura,PJ - Frota Grande,Indicação,BA,2021-11-23,56+,True
175,CLI00175,Vinícius Pacheco,PF - Varejo,Indicação,BA,2023-03-22,36-45,True
176,CLI00176,Enrico Borges,PJ - Frota Pequena,Indicação,CE,2021-04-25,26-35,True
177,CLI00177,Fernanda Correia,PF - Varejo,Indicação,GO,2023-05-11,36-45,True
178,CLI00178,Yuri Vargas,PF - Premium,Digital,DF,2022-09-12,36-45,True
179,CLI00179,Lorenzo Ramos,PJ - Frota Pequena,Digital,RJ,2022-04-23,36-45,True
180,CLI00180,Joaquim Aparecida,PF - Varejo,Showroom,MG,2021-07-03,26-35,True
181,CLI00181,Lívia Sá,PJ - Frota Pequena,Digital,PR,2022-04-04,56+,True
182,CLI00182,Sr. Leonardo Sá,PF - Premium,Indicação,PE,2023-06-13,36-45,True
183,CLI00183,Ísis da Paz,PF - Varejo,Indicação,CE,2021-09-02,36-45,True
184,CLI00184,Enzo Gabriel Ferreira,PF - Premium,Fidelização,CE,2021-09-15,26-35,True
185,CLI00185,Isaque Borges,PF - Varejo,Indicação,BA,2022-11-06,18-25,True
186,CLI00186,Maria Alice Abreu,PF - Premium,Showroom,DF,2022-01-03,26-35,True
187,CLI00187,José Pedro Cirino,PJ - Frota Pequena,Indicação,DF,2022-06-10,26-35,True
188,CLI00188,Dra. Giovanna Araújo,PF - Varejo,Showroom,SP,2022-11-07,26-35,True
189,CLI00189,Murilo Araújo,PJ - Frota Pequena,Showroom,RS,2022-01-19,46-55,True
190,CLI00190,Anthony Gabriel Cavalcanti,PF - Premium,Digital,RJ,2023-02-22,26-35,True
191,CLI00191,Davi Miguel Farias,PJ - Frota Grande,Recall,RJ,2022-06-07,36-45,True
192,CLI00192,Alice Duarte,PJ - Frota Grande,Indicação,PR,2022-10-19,36-45,True
193,CLI00193,Srta. Ana Carolina Ramos,PF - Premium,Indicação,DF,2021-06-12,56+,True
194,CLI00194,Natália Camargo,PF - Premium,Showroom,PE,2022-01-30,46-55,True
195,CLI00195,Maria Alice Martins,PF - Varejo,Recall,PR,2022-07-10,36-45,True
196,CLI00196,Sra. Lunna Cunha,PJ - Frota Pequena,CRM Ativo,PE,2022-12-09,36-45,True
197,CLI00197,Paulo Teixeira,PF - Varejo,CRM Ativo,GO,2021-08-02,26-35,True
198,CLI00198,Anthony Gabriel Pinto,PJ - Frota Grande,Fidelização,MG,2021-06-19,36-45,True
199,CLI00199,Ana Clara Azevedo,PF - Varejo,Indicação,RJ,2023-01-18,46-55,True
200,CLI00200,Srta. Lívia Novais,PF - Varejo,Digital,RJ,2023-03-24,36-45,True
201,CLI00201,Murilo da Costa,PJ - Frota Grande,Digital,RJ,2021-03-14,46-55,True
202,CLI00202,Léo Pastor,PF - Varejo,Indicação,MG,2021-03-14,26-35,True
203,CLI00203,Kamilly da Costa,PF - Varejo,Digital,RJ,2022-09-14,56+,True
204,CLI00204,Sophia Alves,PF - Varejo,Recall,RS,2021-05-19,18-25,True
205,CLI00205,Bruno Silva,PF - Premium,Indicação,ES,2021-02-01,26-35,True
206,CLI00206,Liz Aragão,PF - Varejo,Indicação,ES,2023-06-03,36-45,True
207,CLI00207,Hadassa Rodrigues,PF - Premium,Indicação,BA,2021-03-01,26-35,True
208,CLI00208,Luana da Luz,PJ - Frota Pequena,Indicação,SP,2023-05-19,18-25,True
209,CLI00209,Ana Carolina Costela,PF - Varejo,Recall,SP,2022-04-25,46-55,True
210,CLI00210,Maria Clara Rodrigues,PF - Varejo,Digital,MG,2022-04-26,36-45,True
211,CLI00211,Juliana Carvalho,PF - Premium,Indicação,SP,2022-07-30,46-55,True
212,CLI00212,Srta. Ana Laura Casa Grande,PJ - Frota Grande,Digital,SP,2023-05-18,36-45,True
213,CLI00213,Gustavo Henrique da Conceição,PF - Varejo,Indicação,SP,2023-05-05,46-55,True
214,CLI00214,Davi Lucas Alves,PF - Premium,Indicação,SP,2023-01-05,26-35,True
215,CLI00215,Theodoro Dias,PF - Premium,Indicação,SP,2022-12-07,46-55,True
216,CLI00216,Clarice Cardoso,PF - Varejo,Showroom,SP,2021-10-11,18-25,True
217,CLI00217,Julia Peixoto,PF - Varejo,Showroom,DF,2022-10-12,46-55,True
218,CLI00218,Guilherme Cardoso,PF - Varejo,Showroom,SP,2021-10-14,26-35,True
219,CLI00219,Bárbara Castro,PJ - Frota Pequena,Indicação,SP,2021-05-10,26-35,True
220,CLI00220,Dante Monteiro,PF - Varejo,Indicação,PR,2022-10-24,36-45,True
221,CLI00221,Theo Novais,PJ - Frota Pequena,Fidelização,RJ,2022-01-08,26-35,True
222,CLI00222,João Miguel da Mota,PF - Varejo,Recall,SP,2021-10-07,36-45,True
223,CLI00223,Maria Laura Moraes,PF - Varejo,Recall,MG,2021-11-26,26-35,True
224,CLI00224,Zoe Jesus,PJ - Frota Grande,Showroom,SP,2022-03-12,46-55,True
225,CLI00225,Luan Garcia,PF - Varejo,Fidelização,CE,2023-03-26,36-45,True
226,CLI00226,Luiz Gustavo Farias,PF - Varejo,Digital,PR,2021-01-27,36-45,True
227,CLI00227,Benjamim Moreira,PF - Varejo,Indicação,GO,2021-02-17,56+,True
228,CLI00228,Julia Marques,PF - Premium,Indicação,SP,2021-07-14,18-25,True
229,CLI00229,Jade Andrade,PJ - Frota Grande,Indicação,PR,2021-11-10,26-35,True
230,CLI00230,Lucas Gabriel Pacheco,PF - Premium,Showroom,GO,2022-07-22,26-35,True
231,CLI00231,Lavínia Souza,PF - Varejo,Indicação,SC,2022-10-06,46-55,True
232,CLI00232,Dr. Benjamim Câmara,PF - Premium,Recall,RS,2022-04-04,26-35,True
233,CLI00233,Oliver da Luz,PJ - Frota Grande,Digital,RJ,2023-06-11,36-45,True
234,CLI00234,Enrico Porto,PF - Varejo,Indicação,BA,2021-09-28,18-25,True
235,CLI00235,Dr. Alexandre da Conceição,PF - Premium,Indicação,RJ,2022-07-23,26-35,True
236,CLI00236,Eloá Costela,PF - Varejo,Showroom,RJ,2021-02-05,36-45,True
237,CLI00237,Sophia Cunha,PF - Varejo,Showroom,PE,2021-01-14,46-55,True
238,CLI00238,Dr. Luiz Miguel Sousa,PF - Varejo,Indicação,SP,2021-07-22,36-45,True
239,CLI00239,Sr. Luiz Henrique Nunes,PF - Varejo,Digital,PR,2021-05-03,26-35,True
240,CLI00240,Erick Nascimento,PJ - Frota Pequena,Indicação,SP,2022-08-17,46-55,True
241,CLI00241,Agatha Melo,PF - Varejo,Showroom,MG,2022-11-04,26-35,True
242,CLI00242,José Pedro Caldeira,PJ - Frota Pequena,Showroom,BA,2021-06-13,26-35,True
243,CLI00243,Sra. Marina Câmara,PF - Premium,Digital,SP,2021-01-23,56+,True
244,CLI00244,Heloisa Ribeiro,PF - Varejo,CRM Ativo,MG,2022-12-13,26-35,True
245,CLI00245,Eduardo Aragão,PF - Premium,Fidelização,BA,2022-10-17,46-55,True
246,CLI00246,Alice Moreira,PF - Premium,Showroom,DF,2023-01-14,26-35,True
247,CLI00247,Gabrielly Lima,PF - Varejo,Indicação,ES,2021-10-27,56+,True
248,CLI00248,Anthony Nunes,PF - Varejo,Showroom,PE,2021-09-25,26-35,True
249,CLI00249,Leonardo Martins,PF - Premium,Fidelização,SP,2022-09-10,46-55,True
250,CLI00250,Arthur Fogaça,PF - Varejo,CRM Ativo,ES,2021-05-20,56+,True
251,CLI00251,Davi Dias,PF - Varejo,Fidelização,DF,2021-01-19,26-35,True
252,CLI00252,Antony da Mata,PJ - Frota Pequena,Indicação,PR,2022-01-20,26-35,True
253,CLI00253,Letícia Rezende,PF - Varejo,Indicação,BA,2022-09-14,26-35,True
254,CLI00254,Henry Gabriel Rezende,PJ - Frota Pequena,Indicação,RJ,2022-09-17,36-45,True
255,CLI00255,João Guilherme da Cruz,PJ - Frota Pequena,Digital,RS,2023-01-16,56+,True
256,CLI00256,Enzo Gabriel da Costa,PF - Premium,Indicação,SP,2021-12-22,46-55,True
257,CLI00257,Antony Fogaça,PF - Varejo,Fidelização,MG,2021-02-09,56+,True
258,CLI00258,Rafael Vasconcelos,PJ - Frota Pequena,CRM Ativo,RJ,2021-08-24,46-55,True
259,CLI00259,Breno Sampaio,PF - Varejo,Digital,RS,2022-07-11,46-55,True
260,CLI00260,Lara Câmara,PJ - Frota Grande,Showroom,RJ,2022-12-30,36-45,True
261,CLI00261,Luiz Gustavo Cassiano,PJ - Frota Pequena,Indicação,SP,2023-02-13,26-35,True
262,CLI00262,Thales Aragão,PF - Varejo,Digital,SP,2021-07-14,18-25,True
263,CLI00263,Ravi da Cunha,PF - Varejo,CRM Ativo,MG,2023-04-19,36-45,True
264,CLI00264,Leonardo Lopes,PF - Premium,Indicação,PE,2021-03-02,46-55,True
265,CLI00265,Felipe Almeida,PF - Varejo,Digital,DF,2022-08-30,56+,True
266,CLI00266,Yago Viana,PF - Varejo,Recall,SP,2021-05-02,56+,True
267,CLI00267,Dr. Kevin Cardoso,PF - Varejo,CRM Ativo,RS,2021-06-25,36-45,True
268,CLI00268,Oliver Cavalcanti,PF - Premium,Indicação,SP,2022-12-09,26-35,True
269,CLI00269,Giovanna Freitas,PF - Varejo,Showroom,RJ,2021-06-10,18-25,True
270,CLI00270,Zoe Cavalcante,PJ - Frota Grande,Fidelização,PE,2021-01-05,56+,True
271,CLI00271,Sr. Luiz Miguel Marques,PF - Varejo,Digital,CE,2023-01-29,46-55,True
272,CLI00272,Sr. Augusto Lopes,PF - Varejo,Fidelização,SP,2022-08-23,26-35,True
273,CLI00273,Lorenzo Mendonça,PF - Premium,Recall,PR,2021-06-01,18-25,True
274,CLI00274,Sr. Dante Barros,PJ - Frota Pequena,Digital,SP,2022-10-24,56+,True
275,CLI00275,Miguel Macedo,PJ - Frota Grande,Fidelização,GO,2022-10-05,36-45,True
276,CLI00276,Enzo Campos,PF - Premium,Indicação,RJ,2023-02-26,26-35,True
277,CLI00277,Ana Luiza da Mota,PF - Varejo,Showroom,MG,2023-04-27,18-25,True
278,CLI00278,Maria Clara Nunes,PF - Varejo,Showroom,SP,2021-01-16,46-55,True
279,CLI00279,Dr. Ravi Melo,PF - Varejo,Digital,PR,2022-07-31,46-55,True
280,CLI00280,Giovanna Azevedo,PF - Varejo,Showroom,PR,2021-12-05,26-35,True
281,CLI00281,Natália da Cruz,PJ - Frota Pequena,Showroom,RS,2022-12-17,46-55,True
282,CLI00282,Mirella Souza,PJ - Frota Pequena,Showroom,GO,2021-05-08,46-55,True
283,CLI00283,Bruno Abreu,PF - Premium,Recall,CE,2023-05-05,26-35,True
284,CLI00284,Nicolas da Rocha,PJ - Frota Pequena,Fidelização,SP,2023-06-13,46-55,True
285,CLI00285,Pietra Porto,PF - Varejo,Digital,BA,2022-10-29,26-35,True
286,CLI00286,Gael Henrique Lima,PJ - Frota Pequena,Fidelização,MG,2021-02-08,18-25,True
287,CLI00287,Valentim Teixeira,PF - Varejo,Recall,ES,2021-11-26,36-45,True
288,CLI00288,Maria Flor Farias,PF - Varejo,Recall,MG,2021-02-04,46-55,True
289,CLI00289,Hadassa da Cunha,PF - Varejo,Showroom,PR,2022-07-16,56+,True
290,CLI00290,Nicole Cunha,PF - Varejo,Recall,PE,2023-02-07,26-35,True
291,CLI00291,Caio Carvalho,PJ - Frota Grande,Showroom,SP,2021-03-04,26-35,True
292,CLI00292,Ana Julia Borges,PJ - Frota Pequena,Indicação,PR,2021-08-16,26-35,True
293,CLI00293,Mariane Vieira,PF - Premium,Indicação,DF,2021-06-10,56+,True
294,CLI00294,João Guilherme Araújo,PJ - Frota Grande,Showroom,SP,2021-06-10,46-55,True
295,CLI00295,João Lucas Aparecida,PF - Varejo,Indicação,RJ,2022-02-17,36-45,True
296,CLI00296,Isis Sales,PJ - Frota Pequena,Showroom,MG,2021-12-20,26-35,True
297,CLI00297,Bárbara Aragão,PJ - Frota Grande,Digital,MG,2022-08-31,26-35,True
298,CLI00298,Caio das Neves,PJ - Frota Pequena,Showroom,SP,2023-03-19,18-25,True
299,CLI00299,Dra. Maria Clara Cavalcanti,PF - Premium,Showroom,SP,2022-05-12,56+,True
300,CLI00300,Luan Cassiano,PF - Varejo,Digital,PE,2022-08-10,36-45,True
301,CLI00301,Ágatha da Cruz,PF - Premium,Digital,SP,2021-09-03,56+,True
302,CLI00302,Allana Mendes,PF - Varejo,Fidelização,SP,2022-06-23,26-35,True
303,CLI00303,Maria Luiza Nunes,PF - Varejo,Showroom,RJ,2022-04-19,46-55,True
304,CLI00304,Ísis da Cunha,PF - Varejo,CRM Ativo,SP,2023-05-29,46-55,True
305,CLI00305,João Miguel Pastor,PJ - Frota Pequena,Showroom,DF,2021-06-09,46-55,True
306,CLI00306,Mariana Montenegro,PF - Premium,Indicação,SP,2022-05-17,56+,True
307,CLI00307,José Pedro Caldeira,PF - Premium,Showroom,MG,2022-10-07,26-35,True
308,CLI00308,Luiz Otávio Macedo,PF - Varejo,Showroom,MG,2022-03-16,26-35,True
309,CLI00309,Catarina Pires,PF - Varejo,Indicação,PR,2021-11-04,26-35,True
310,CLI00310,Dr. João Felipe Lima,PJ - Frota Pequena,Digital,MG,2022-02-22,18-25,True
311,CLI00311,Levi Monteiro,PF - Varejo,Digital,MG,2021-02-22,36-45,True
312,CLI00312,Ana Julia Mendes,PF - Varejo,Showroom,DF,2021-11-24,46-55,True
313,CLI00313,Gabriel Vasconcelos,PF - Varejo,Digital,SP,2021-11-11,26-35,True
314,CLI00314,Nicolas Farias,PJ - Frota Grande,Indicação,MG,2022-08-28,36-45,True
315,CLI00315,Rafaela Nogueira,PJ - Frota Pequena,Recall,SP,2021-02-03,26-35,True
316,CLI00316,Bento Almeida,PF - Premium,Indicação,RJ,2022-03-14,18-25,True
317,CLI00317,Gustavo Ferreira,PF - Varejo,Digital,SP,2023-03-08,36-45,True
318,CLI00318,Lucca Monteiro,PF - Premium,Fidelização,SP,2022-08-01,26-35,True
319,CLI00319,Anna Liz Leão,PF - Varejo,Recall,BA,2022-04-11,18-25,True
320,CLI00320,Mariah da Rosa,PJ - Frota Grande,Indicação,PR,2021-03-21,46-55,True
321,CLI00321,Liz Rios,PJ - Frota Pequena,Showroom,GO,2022-03-29,26-35,True
322,CLI00322,Luara Fernandes,PJ - Frota Pequena,Indicação,SC,2022-10-11,36-45,True
323,CLI00323,Manuella Oliveira,PJ - Frota Pequena,Digital,RS,2022-05-14,36-45,True
324,CLI00324,Sophia Cassiano,PJ - Frota Pequena,Indicação,SP,2021-08-01,26-35,True
325,CLI00325,Gabrielly Aragão,PF - Varejo,Fidelização,SP,2023-01-22,56+,True
326,CLI00326,José Miguel Monteiro,PF - Varejo,Indicação,CE,2021-01-30,36-45,True
327,CLI00327,Fernando Nascimento,PF - Varejo,Recall,BA,2022-03-07,26-35,True
328,CLI00328,Dra. Nina Almeida,PJ - Frota Grande,CRM Ativo,RS,2022-06-10,26-35,True
329,CLI00329,Josué Cavalcanti,PF - Premium,Indicação,SP,2023-01-04,26-35,True
330,CLI00330,João Costela,PF - Varejo,Fidelização,BA,2021-07-14,46-55,True
331,CLI00331,Maria Alice Teixeira,PF - Varejo,Digital,RJ,2021-08-08,56+,True
332,CLI00332,João Guilherme Gonçalves,PF - Varejo,Fidelização,PR,2021-11-15,36-45,True
333,CLI00333,João Guilherme Marques,PJ - Frota Pequena,Digital,DF,2021-02-03,56+,True
334,CLI00334,Isaque Rodrigues,PF - Varejo,Digital,PR,2023-02-21,56+,True
335,CLI00335,Ana Júlia Campos,PF - Varejo,Recall,RS,2022-03-23,46-55,True
336,CLI00336,Augusto Peixoto,PF - Varejo,Showroom,SC,2022-03-04,26-35,True
337,CLI00337,Maria Fernanda Oliveira,PF - Varejo,CRM Ativo,SP,2022-08-02,46-55,True
338,CLI00338,Laís Machado,PF - Varejo,Indicação,DF,2023-05-17,36-45,True
339,CLI00339,Luigi Viana,PF - Premium,Digital,PR,2022-12-17,26-35,True
340,CLI00340,Dra. Helena Barbosa,PF - Varejo,CRM Ativo,SP,2022-05-31,36-45,True
341,CLI00341,Ravi Mendonça,PF - Varejo,Showroom,SP,2021-09-02,56+,True
342,CLI00342,Marcela Aragão,PF - Varejo,Indicação,SP,2022-04-10,26-35,True
343,CLI00343,Maria Liz Rios,PF - Premium,Digital,GO,2022-12-07,36-45,True
344,CLI00344,Sr. Thomas da Conceição,PF - Varejo,Recall,BA,2021-10-23,26-35,True
345,CLI00345,Isabel Silva,PF - Varejo,Indicação,BA,2021-04-15,36-45,True
346,CLI00346,Yago Leão,PF - Varejo,Fidelização,GO,2022-05-26,36-45,True
347,CLI00347,Danilo Gomes,PJ - Frota Pequena,Indicação,SP,2021-07-29,26-35,True
348,CLI00348,Ana Clara Vieira,PF - Varejo,Digital,PE,2022-06-01,18-25,True
349,CLI00349,Anna Liz Freitas,PF - Varejo,Digital,PE,2022-08-18,26-35,True
350,CLI00350,Vitor Abreu,PF - Premium,Indicação,SP,2021-03-21,56+,True
351,CLI00351,Ravy Viana,PJ - Frota Grande,Indicação,PE,2023-01-24,36-45,True
352,CLI00352,Oliver Aparecida,PJ - Frota Pequena,Digital,MG,2022-07-15,36-45,True
353,CLI00353,Pedro Miguel Dias,PF - Premium,Indicação,SP,2021-04-24,26-35,True
354,CLI00354,Lucas Nogueira,PJ - Frota Pequena,Indicação,RS,2021-06-09,56+,True
355,CLI00355,João Vitor Melo,PF - Varejo,Showroom,MG,2022-03-19,46-55,True
356,CLI00356,Sophie Sales,PF - Varejo,Showroom,GO,2022-09-08,56+,True
357,CLI00357,Stella Caldeira,PF - Premium,Digital,PR,2021-09-18,46-55,True
358,CLI00358,Luiz Otávio Brito,PF - Premium,Indicação,PE,2021-01-31,46-55,True
359,CLI00359,Cauê Andrade,PF - Premium,Indicação,RS,2022-10-30,36-45,True
360,CLI00360,Lavínia Gomes,PF - Premium,Indicação,RS,2021-04-11,56+,True
361,CLI00361,Dante da Rosa,PF - Varejo,CRM Ativo,RJ,2022-06-23,46-55,True
362,CLI00362,Bryan da Cunha,PJ - Frota Pequena,Recall,BA,2022-12-18,46-55,True
363,CLI00363,Melissa Barbosa,PF - Varejo,Digital,RS,2021-11-23,46-55,True
364,CLI00364,Srta. Alice Moura,PJ - Frota Pequena,Showroom,MG,2022-11-29,46-55,True
365,CLI00365,Apollo Monteiro,PF - Varejo,Digital,SP,2021-07-23,26-35,True
366,CLI00366,Luiz Fernando Rezende,PF - Varejo,Digital,BA,2021-10-02,36-45,True
367,CLI00367,Breno Lima,PF - Varejo,Indicação,RJ,2022-05-22,26-35,True
368,CLI00368,Srta. Lívia Costa,PF - Varejo,Recall,RS,2022-01-22,36-45,True
369,CLI00369,Maria Laura Cunha,PF - Varejo,Digital,DF,2022-01-14,36-45,True
370,CLI00370,Leandro Pimenta,PF - Varejo,Indicação,RJ,2021-08-24,36-45,True
371,CLI00371,Dr. Henry Gabriel Caldeira,PF - Varejo,Recall,MG,2022-03-10,36-45,True
372,CLI00372,Alexia Siqueira,PJ - Frota Pequena,Fidelização,BA,2023-06-07,56+,True
373,CLI00373,Dom Marques,PF - Varejo,Indicação,SP,2022-12-03,36-45,True
374,CLI00374,Dra. Isabella Fogaça,PJ - Frota Pequena,Indicação,PE,2023-05-23,18-25,True
375,CLI00375,Melina Correia,PJ - Frota Grande,Digital,SP,2023-05-23,36-45,True
376,CLI00376,Joana Leão,PF - Varejo,Digital,RJ,2022-06-06,46-55,True
377,CLI00377,Yan Moura,PF - Premium,Digital,PR,2022-01-05,46-55,True
378,CLI00378,Amanda Aparecida,PF - Varejo,Digital,SP,2022-06-19,26-35,True
379,CLI00379,Sr. Matteo Abreu,PF - Premium,Indicação,MG,2022-11-18,46-55,True
380,CLI00380,Vinícius Caldeira,PF - Varejo,Recall,SP,2021-11-04,56+,True
381,CLI00381,Bento da Rocha,PF - Varejo,Fidelização,PR,2022-05-23,18-25,True
382,CLI00382,Mariana Nunes,PF - Premium,CRM Ativo,PR,2022-07-07,46-55,True
383,CLI00383,João Pinto,PJ - Frota Pequena,Indicação,SP,2021-12-26,36-45,True
384,CLI00384,Luiz Miguel Correia,PF - Varejo,Fidelização,SC,2021-12-15,26-35,True
385,CLI00385,Mariah Aparecida,PF - Varejo,Showroom,SP,2022-06-24,46-55,True
386,CLI00386,Srta. Luana Vieira,PF - Varejo,Showroom,SP,2023-04-22,36-45,True
387,CLI00387,Vitor da Luz,PF - Varejo,Recall,SP,2022-12-29,46-55,True
388,CLI00388,Lunna Ribeiro,PJ - Frota Pequena,Indicação,SP,2023-04-10,18-25,True
389,CLI00389,Sofia Andrade,PF - Premium,Recall,PR,2022-04-19,26-35,True
390,CLI00390,Dra. Rebeca Pires,PF - Varejo,Recall,MG,2021-12-30,56+,True
391,CLI00391,Benjamim Fogaça,PF - Varejo,Showroom,RJ,2023-06-25,36-45,True
392,CLI00392,Sra. Catarina Lopes,PJ - Frota Pequena,Showroom,ES,2022-12-11,26-35,True
393,CLI00393,Laura Porto,PF - Varejo,Showroom,PR,2022-04-22,26-35,True
394,CLI00394,Sr. Felipe Barros,PF - Varejo,Indicação,SC,2022-07-19,26-35,True
395,CLI00395,Antony Correia,PF - Varejo,Indicação,RJ,2022-11-17,18-25,True
396,CLI00396,Camila Vieira,PF - Premium,Indicação,GO,2022-01-30,26-35,True
397,CLI00397,Luiz Gustavo Siqueira,PF - Premium,Fidelização,RS,2023-04-01,36-45,True
398,CLI00398,Manuela da Mata,PF - Varejo,Digital,RS,2022-09-11,56+,True
399,CLI00399,Davi Luiz Fogaça,PF - Premium,Recall,BA,2022-03-24,36-45,True
400,CLI00400,Diego da Cruz,PF - Varejo,Recall,PE,2022-12-22,26-35,True
401,CLI00401,Joaquim Camargo,PF - Premium,Indicação,MG,2022-10-23,18-25,True
402,CLI00402,Liz Cardoso,PF - Varejo,Showroom,RJ,2022-11-04,36-45,True
403,CLI00403,Maria Julia Fernandes,PJ - Frota Pequena,CRM Ativo,SP,2022-04-17,36-45,True
404,CLI00404,Ian Fogaça,PF - Varejo,CRM Ativo,PE,2023-03-05,36-45,True
405,CLI00405,Caleb Jesus,PJ - Frota Pequena,Digital,RS,2023-01-04,18-25,True
406,CLI00406,Emilly Cardoso,PJ - Frota Pequena,Indicação,GO,2023-04-13,46-55,True
407,CLI00407,Sr. Nathan das Neves,PJ - Frota Pequena,Indicação,RJ,2021-04-10,26-35,True
408,CLI00408,Luísa das Neves,PF - Varejo,Indicação,PE,2021-02-10,36-45,True
409,CLI00409,Esther Costa,PF - Varejo,Digital,MG,2022-12-31,36-45,True
410,CLI00410,Gael Melo,PF - Premium,Fidelização,MG,2021-12-07,56+,True
411,CLI00411,Henry Gonçalves,PJ - Frota Pequena,Indicação,PE,2021-12-06,26-35,True
412,CLI00412,Larissa Mendonça,PJ - Frota Pequena,Digital,DF,2023-03-31,46-55,True
413,CLI00413,Sr. Daniel Monteiro,PJ - Frota Pequena,Showroom,RJ,2022-09-08,18-25,True
414,CLI00414,Ana Laura Lopes,PF - Varejo,Indicação,BA,2021-12-30,26-35,True
415,CLI00415,João Vitor Montenegro,PJ - Frota Grande,Recall,GO,2022-12-19,26-35,True
416,CLI00416,Lorena Farias,PJ - Frota Pequena,CRM Ativo,MG,2022-12-10,36-45,True
417,CLI00417,Gabriela Novais,PJ - Frota Pequena,Indicação,MG,2022-08-12,36-45,True
418,CLI00418,Maria Luísa Marques,PF - Varejo,Digital,SP,2021-12-24,18-25,True
419,CLI00419,Maria Júlia Aparecida,PF - Varejo,CRM Ativo,PR,2021-04-11,56+,True
420,CLI00420,Dr. Leandro Fogaça,PF - Varejo,Digital,MG,2021-06-09,36-45,True
421,CLI00421,Vinícius Gomes,PF - Varejo,Recall,SP,2022-01-08,36-45,True
422,CLI00422,Luigi Rezende,PF - Premium,Indicação,SP,2023-05-07,46-55,True
423,CLI00423,Luiz Otávio Pereira,PF - Varejo,Indicação,ES,2022-10-07,18-25,True
424,CLI00424,Emanuel Pires,PF - Premium,CRM Ativo,SP,2021-10-18,26-35,True
425,CLI00425,Ana Cecília da Cruz,PF - Varejo,Digital,SP,2023-05-22,46-55,True
426,CLI00426,Bella Castro,PF - Varejo,Digital,ES,2021-02-24,46-55,True
427,CLI00427,Sra. Julia Ferreira,PF - Premium,Digital,RS,2023-05-22,36-45,True
428,CLI00428,Heloisa Almeida,PF - Varejo,Indicação,SC,2023-03-07,36-45,True
429,CLI00429,Isabel da Conceição,PF - Varejo,Digital,RJ,2023-04-16,46-55,True
430,CLI00430,João Pedro Nogueira,PJ - Frota Pequena,Showroom,SP,2021-01-16,36-45,True
431,CLI00431,Dr. Vitor Hugo Cunha,PF - Varejo,Indicação,SP,2022-04-15,46-55,True
432,CLI00432,Manuella Gonçalves,PF - Varejo,Digital,SP,2023-06-23,18-25,True
433,CLI00433,Luna Costa,PF - Varejo,CRM Ativo,GO,2021-09-27,56+,True
434,CLI00434,Dr. Nathan Sousa,PF - Varejo,Indicação,PR,2022-07-22,36-45,True
435,CLI00435,Mariana Castro,PJ - Frota Pequena,Indicação,MG,2021-05-19,26-35,True
436,CLI00436,Dr. Antony Mendonça,PF - Varejo,Showroom,MG,2022-08-29,26-35,True
437,CLI00437,Dr. Valentim das Neves,PF - Varejo,Digital,CE,2022-12-25,56+,True
438,CLI00438,Hellena Machado,PJ - Frota Grande,Showroom,RJ,2022-10-04,46-55,True
439,CLI00439,Julia Barbosa,PF - Varejo,Digital,DF,2022-04-11,18-25,True
440,CLI00440,Valentina Alves,PJ - Frota Grande,Digital,RS,2023-01-27,36-45,True
441,CLI00441,Enzo Gabriel Pastor,PJ - Frota Pequena,Recall,PR,2021-11-21,18-25,True
442,CLI00442,Maria Fernanda Ribeiro,PF - Premium,Indicação,BA,2022-04-15,36-45,True
443,CLI00443,Erick Sales,PF - Premium,Indicação,SP,2023-03-04,46-55,True
444,CLI00444,Bella Abreu,PF - Varejo,Indicação,SP,2022-09-24,56+,True
445,CLI00445,Maria Cecília da Rocha,PJ - Frota Pequena,Digital,RJ,2021-09-15,26-35,True
446,CLI00446,Evelyn Azevedo,PJ - Frota Pequena,Showroom,SP,2023-03-23,26-35,True
447,CLI00447,Sara Vieira,PF - Varejo,Showroom,CE,2022-07-07,26-35,True
448,CLI00448,Lara Abreu,PF - Varejo,Indicação,ES,2021-04-01,26-35,True
449,CLI00449,Melina Andrade,PJ - Frota Pequena,Recall,RJ,2023-04-14,26-35,True
450,CLI00450,Sr. Levi da Conceição,PF - Varejo,Recall,CE,2022-12-28,36-45,True
451,CLI00451,Vinícius Vargas,PF - Premium,Indicação,ES,2022-12-25,46-55,True
452,CLI00452,Marina Brito,PF - Varejo,CRM Ativo,PR,2021-02-04,36-45,True
453,CLI00453,Nicolas Almeida,PJ - Frota Pequena,Fidelização,RS,2022-08-18,26-35,True
454,CLI00454,Gabriela Brito,PF - Varejo,CRM Ativo,SP,2023-01-26,26-35,True
455,CLI00455,Maitê Jesus,PF - Varejo,Digital,PR,2022-09-30,56+,True
456,CLI00456,Gabriela Garcia,PF - Varejo,Indicação,SP,2021-05-03,56+,True
457,CLI00457,Carolina Andrade,PF - Premium,Digital,GO,2021-03-04,46-55,True
458,CLI00458,Aylla Rios,PJ - Frota Pequena,Fidelização,SP,2021-03-02,46-55,True
459,CLI00459,Isaque Siqueira,PF - Varejo,Fidelização,BA,2021-12-18,46-55,True
460,CLI00460,Léo Teixeira,PF - Premium,Indicação,PR,2022-08-17,56+,True
461,CLI00461,Isaque Brito,PJ - Frota Grande,Indicação,SP,2022-04-06,26-35,True
462,CLI00462,Sr. Arthur Pimenta,PJ - Frota Pequena,Fidelização,SP,2022-07-27,36-45,True
463,CLI00463,Luiz Miguel Pastor,PJ - Frota Pequena,Showroom,PR,2021-05-11,36-45,True
464,CLI00464,Sara Lima,PF - Premium,Digital,PR,2021-09-03,46-55,True
465,CLI00465,Sr. Samuel da Cunha,PJ - Frota Pequena,Recall,CE,2022-02-04,26-35,True
466,CLI00466,Melissa Guerra,PF - Varejo,Indicação,SP,2021-08-19,46-55,True
467,CLI00467,Dr. Liam Almeida,PJ - Frota Grande,Indicação,RJ,2022-02-23,46-55,True
468,CLI00468,Jade Cunha,PF - Varejo,Recall,BA,2021-07-15,36-45,True
469,CLI00469,Isabelly Mendonça,PF - Varejo,Digital,CE,2021-08-03,36-45,True
470,CLI00470,Allana Novais,PF - Varejo,Showroom,SP,2021-03-01,46-55,True
471,CLI00471,Vinícius Porto,PF - Varejo,CRM Ativo,RJ,2021-09-18,26-35,True
472,CLI00472,Nathan Novaes,PF - Varejo,Digital,DF,2021-12-09,56+,True
473,CLI00473,Emanuelly Rezende,PF - Varejo,Digital,BA,2023-03-07,56+,True
474,CLI00474,Bella Lima,PF - Premium,Digital,RJ,2022-03-16,46-55,True
475,CLI00475,Brayan Duarte,PF - Varejo,Recall,RJ,2021-02-04,46-55,True
476,CLI00476,Nicole Aragão,PF - Varejo,Recall,MG,2022-08-10,36-45,True
477,CLI00477,Dra. Laís Guerra,PF - Varejo,Recall,PR,2021-08-19,36-45,True
478,CLI00478,Srta. Bruna Albuquerque,PF - Premium,Showroom,GO,2022-12-28,26-35,True
479,CLI00479,Arthur Miguel Aparecida,PJ - Frota Pequena,Digital,SP,2023-01-29,18-25,True
480,CLI00480,Arthur Miguel Costa,PF - Varejo,Showroom,BA,2021-05-01,46-55,True
481,CLI00481,José Pedro das Neves,PF - Premium,Digital,SP,2023-03-13,26-35,True
482,CLI00482,Arthur Miguel Cardoso,PF - Varejo,Indicação,SP,2022-03-27,36-45,True
483,CLI00483,Dr. Dante da Cunha,PJ - Frota Pequena,CRM Ativo,PE,2023-01-27,36-45,True
484,CLI00484,Ana Julia Freitas,PF - Varejo,Recall,CE,2021-11-28,26-35,True
485,CLI00485,Esther Silva,PF - Varejo,Fidelização,RJ,2022-08-11,36-45,True
486,CLI00486,Paulo Macedo,PF - Premium,Indicação,RJ,2022-06-14,26-35,True
487,CLI00487,Dr. Anthony Freitas,PF - Varejo,Indicação,GO,2022-12-15,26-35,True
488,CLI00488,Manuella da Cruz,PF - Premium,Digital,PE,2021-11-23,26-35,True
489,CLI00489,Hellena Monteiro,PF - Varejo,Fidelização,DF,2021-01-09,26-35,True
490,CLI00490,Marina Abreu,PJ - Frota Pequena,Digital,MG,2022-01-20,26-35,True
491,CLI00491,Sra. Isabella Rios,PF - Varejo,Showroom,MG,2021-07-30,36-45,True
492,CLI00492,Igor Campos,PJ - Frota Pequena,Showroom,SP,2022-01-05,36-45,True
493,CLI00493,Theodoro Fogaça,PF - Varejo,Showroom,RS,2023-04-12,56+,True
494,CLI00494,Maya Teixeira,PF - Varejo,Indicação,RJ,2021-08-27,26-35,True
495,CLI00495,Mariane Rezende,PF - Varejo,Fidelização,SP,2021-12-17,26-35,True
496,CLI00496,Juliana Cavalcante,PJ - Frota Pequena,Digital,CE,2022-04-18,18-25,True
497,CLI00497,Srta. Milena Vasconcelos,PF - Varejo,Indicação,SP,2022-04-28,56+,True
498,CLI00498,Bruno da Mata,PF - Varejo,Digital,RJ,2021-01-15,26-35,True
499,CLI00499,Esther Correia,PJ - Frota Pequena,Indicação,RS,2021-02-14,56+,True
500,CLI00500,Pedro Lucas da Paz,PF - Premium,CRM Ativo,SP,2022-10-27,36-45,True
501,CLI00501,Luiz Fernando Pastor,PF - Varejo,Showroom,ES,2022-06-12,26-35,True
502,CLI00502,Maria Luiza Ribeiro,PF - Premium,Indicação,PR,2021-03-07,36-45,True
503,CLI00503,Dra. Daniela Albuquerque,PJ - Frota Grande,Recall,RJ,2022-03-03,26-35,True
504,CLI00504,Brayan Santos,PF - Varejo,Indicação,SP,2022-08-24,46-55,True
505,CLI00505,Igor Viana,PF - Premium,Digital,SP,2021-09-13,46-55,True
506,CLI00506,Sr. Raul Fonseca,PJ - Frota Pequena,Indicação,BA,2021-04-29,36-45,True
507,CLI00507,Bryan Lima,PF - Varejo,Digital,MG,2021-12-23,26-35,True
508,CLI00508,Larissa Silveira,PJ - Frota Grande,Fidelização,RS,2022-09-22,36-45,True
509,CLI00509,Sr. Anthony Cassiano,PF - Varejo,Showroom,PR,2022-04-04,18-25,True
510,CLI00510,Sr. Cauê da Rocha,PF - Premium,Fidelização,MG,2021-11-27,18-25,True
511,CLI00511,Dr. Diogo Aragão,PJ - Frota Pequena,Indicação,SP,2023-06-09,26-35,True
512,CLI00512,Sr. João Felipe Machado,PF - Varejo,Showroom,MG,2022-11-23,26-35,True
513,CLI00513,Sara Sousa,PJ - Frota Pequena,Fidelização,DF,2022-10-12,26-35,True
514,CLI00514,Bruno Cavalcanti,PF - Varejo,CRM Ativo,CE,2022-04-30,18-25,True
515,CLI00515,Dr. Igor Vieira,PF - Varejo,Digital,SC,2021-06-10,36-45,True
516,CLI00516,Pedro Lucas Sá,PF - Varejo,Indicação,RS,2023-03-31,46-55,True
517,CLI00517,Rafaela das Neves,PF - Varejo,Showroom,ES,2021-11-13,26-35,True
518,CLI00518,Vitor Hugo da Costa,PF - Premium,Digital,CE,2021-03-19,36-45,True
519,CLI00519,Sarah da Paz,PF - Premium,Showroom,RJ,2022-01-16,56+,True
520,CLI00520,Maria Luísa Mendes,PF - Premium,Indicação,BA,2023-05-02,46-55,True
521,CLI00521,Sra. Juliana Farias,PF - Varejo,Fidelização,SC,2022-03-02,26-35,True
522,CLI00522,Melissa Melo,PJ - Frota Grande,Indicação,SP,2023-06-09,26-35,True
523,CLI00523,Erick Rocha,PJ - Frota Pequena,Showroom,SP,2022-02-06,36-45,True
524,CLI00524,Maria Clara Rocha,PF - Premium,Indicação,SC,2022-08-15,46-55,True
525,CLI00525,Matteo Pires,PF - Premium,CRM Ativo,RJ,2021-09-24,56+,True
526,CLI00526,Ana Sophia Ramos,PF - Premium,Recall,SP,2021-01-30,56+,True
527,CLI00527,Leandro Pires,PF - Varejo,Indicação,SP,2023-02-02,36-45,True
528,CLI00528,Valentina Siqueira,PF - Premium,Showroom,SC,2022-10-09,18-25,True
529,CLI00529,Vitor Caldeira,PJ - Frota Pequena,Indicação,DF,2022-04-23,46-55,True
530,CLI00530,João Vitor Fonseca,PF - Premium,Showroom,RJ,2023-03-13,36-45,True
531,CLI00531,Maria Vitória Moreira,PJ - Frota Pequena,Digital,RJ,2021-02-07,36-45,True
532,CLI00532,Heloísa Sousa,PJ - Frota Pequena,Digital,SP,2022-01-21,46-55,True
533,CLI00533,Mathias Campos,PJ - Frota Pequena,Indicação,SP,2022-12-09,26-35,True
534,CLI00534,Ana Cecília Teixeira,PF - Varejo,Digital,BA,2022-01-31,36-45,True
535,CLI00535,João Correia,PF - Premium,Digital,DF,2021-11-25,36-45,True
536,CLI00536,Antony Oliveira,PJ - Frota Grande,Recall,SP,2021-01-05,36-45,True
537,CLI00537,Danilo Nogueira,PF - Varejo,Showroom,SP,2023-01-14,26-35,True
538,CLI00538,Maitê Lopes,PJ - Frota Pequena,Indicação,GO,2021-02-28,26-35,True
539,CLI00539,Maria Flor Aparecida,PF - Premium,Showroom,MG,2023-01-09,26-35,True
540,CLI00540,Srta. Maria Cecília da Rosa,PF - Varejo,Indicação,RJ,2023-03-31,36-45,True
541,CLI00541,Yan da Cunha,PJ - Frota Grande,Fidelização,CE,2022-05-06,46-55,True
542,CLI00542,Eloá Campos,PF - Premium,Digital,SC,2023-02-09,36-45,True
543,CLI00543,Srta. Elisa Novaes,PF - Premium,Indicação,MG,2022-06-12,36-45,True
544,CLI00544,Sra. Lorena Araújo,PJ - Frota Pequena,Digital,RJ,2023-04-09,56+,True
545,CLI00545,Dra. Ana Luiza Sá,PF - Varejo,Digital,SP,2023-04-06,46-55,True
546,CLI00546,Sarah Almeida,PJ - Frota Grande,Digital,DF,2021-12-13,26-35,True
547,CLI00547,Brenda Santos,PJ - Frota Grande,Showroom,GO,2021-07-13,18-25,True
548,CLI00548,Antony Siqueira,PJ - Frota Grande,Showroom,RJ,2022-02-10,46-55,True
549,CLI00549,Maria Flor da Mota,PF - Varejo,Fidelização,SP,2023-06-08,46-55,True
550,CLI00550,Ian Casa Grande,PF - Premium,Indicação,SP,2022-07-22,18-25,True
551,CLI00551,Cecilia Melo,PF - Varejo,Digital,PR,2023-01-27,26-35,True
552,CLI00552,Letícia Mendonça,PF - Varejo,Showroom,SP,2022-09-10,56+,True
553,CLI00553,Mariah Gomes,PJ - Frota Pequena,Showroom,PR,2021-11-24,56+,True
554,CLI00554,Mateus Pimenta,PF - Varejo,Indicação,SP,2021-04-30,46-55,True
555,CLI00555,Arthur Gabriel Santos,PF - Varejo,Recall,ES,2022-09-16,46-55,True
556,CLI00556,Alexandre das Neves,PF - Premium,Indicação,GO,2021-03-11,36-45,True
557,CLI00557,Raul Garcia,PF - Varejo,Indicação,SC,2022-12-02,36-45,True
558,CLI00558,Lunna Sampaio,PJ - Frota Pequena,Fidelização,PR,2022-12-18,36-45,True
559,CLI00559,Mariane Correia,PF - Varejo,Digital,MG,2021-03-29,46-55,True
560,CLI00560,Dr. Yan Campos,PF - Premium,Fidelização,MG,2021-05-23,36-45,True
561,CLI00561,Dr. Samuel Ribeiro,PF - Premium,Recall,BA,2023-01-07,26-35,True
562,CLI00562,Amanda Campos,PF - Premium,Indicação,RJ,2023-03-25,36-45,True
563,CLI00563,Nina Sousa,PF - Premium,CRM Ativo,PR,2022-07-09,46-55,True
564,CLI00564,Bryan Caldeira,PF - Premium,Recall,SP,2022-01-12,26-35,True
565,CLI00565,Carolina Cunha,PF - Varejo,Digital,SP,2021-08-19,26-35,True
566,CLI00566,Dr. Dom Fogaça,PF - Varejo,CRM Ativo,RJ,2022-10-22,36-45,True
567,CLI00567,Luan da Cruz,PF - Varejo,Recall,RJ,2021-02-20,26-35,True
568,CLI00568,Dr. Valentim Nogueira,PF - Premium,Indicação,SP,2021-01-13,26-35,True
569,CLI00569,Maria Vitória da Cunha,PF - Varejo,Indicação,RJ,2023-05-31,46-55,True
570,CLI00570,Ravi Fonseca,PF - Premium,Digital,RJ,2022-01-31,56+,True
571,CLI00571,Calebe Araújo,PF - Varejo,Indicação,PR,2022-01-22,26-35,True
572,CLI00572,Mateus Andrade,PF - Varejo,Digital,DF,2022-07-26,36-45,True
573,CLI00573,Sr. Lucas Gabriel Lopes,PJ - Frota Pequena,CRM Ativo,SP,2022-03-23,26-35,True
574,CLI00574,Thiago Pires,PF - Varejo,Digital,RJ,2021-08-08,56+,True
575,CLI00575,Diego Marques,PJ - Frota Pequena,Recall,RJ,2021-04-16,46-55,True
576,CLI00576,Srta. Rafaela Aparecida,PJ - Frota Grande,Fidelização,SP,2021-11-05,36-45,True
577,CLI00577,Dr. Cauê Teixeira,PF - Varejo,Digital,SP,2021-05-30,36-45,True
578,CLI00578,Luiz Henrique Oliveira,PF - Premium,Indicação,RJ,2022-06-14,36-45,True
579,CLI00579,Sra. Isabelly Caldeira,PF - Varejo,Indicação,RJ,2022-11-27,46-55,True
580,CLI00580,Leonardo Cavalcante,PF - Varejo,Indicação,RJ,2021-12-06,56+,True
581,CLI00581,Apollo da Rosa,PF - Premium,Showroom,RJ,2021-10-03,36-45,True
582,CLI00582,Srta. Cecilia Pimenta,PF - Varejo,Recall,SC,2021-11-23,36-45,True
583,CLI00583,Mariane da Cruz,PJ - Frota Pequena,Showroom,SP,2023-05-10,56+,True
584,CLI00584,Otávio Silva,PF - Varejo,Digital,SP,2022-10-07,18-25,True
585,CLI00585,Rafael Andrade,PF - Varejo,Digital,MG,2022-07-16,36-45,True
586,CLI00586,Yuri Souza,PF - Varejo,Indicação,PR,2023-01-31,26-35,True
587,CLI00587,Dr. Josué Barbosa,PJ - Frota Pequena,Showroom,DF,2022-02-15,46-55,True
588,CLI00588,Léo Sousa,PF - Varejo,Showroom,SP,2022-04-17,26-35,True
589,CLI00589,Caio Ribeiro,PJ - Frota Pequena,Digital,CE,2023-04-04,46-55,True
590,CLI00590,Srta. Luana da Costa,PJ - Frota Pequena,Fidelização,MG,2021-03-28,26-35,True
591,CLI00591,Catarina Fernandes,PF - Premium,Digital,PR,2023-01-03,46-55,True
592,CLI00592,Isabel Rocha,PF - Premium,Digital,SP,2021-05-15,36-45,True
593,CLI00593,Joaquim Barbosa,PF - Varejo,Fidelização,RJ,2023-06-19,26-35,True
594,CLI00594,Sra. Alice Nunes,PF - Varejo,Recall,RS,2023-06-20,26-35,True
595,CLI00595,Dr. Leandro Viana,PF - Varejo,Digital,RJ,2023-03-03,36-45,True
596,CLI00596,Raquel Novais,PF - Premium,Digital,SP,2021-01-02,56+,True
597,CLI00597,Noah Leão,PF - Varejo,Showroom,SP,2023-04-09,36-45,True
598,CLI00598,Sr. Rafael da Rosa,PF - Varejo,Digital,ES,2022-03-26,36-45,True
599,CLI00599,Guilherme Mendonça,PF - Varejo,Indicação,RJ,2022-11-03,26-35,True
600,CLI00600,Natália Carvalho,PF - Varejo,Showroom,MG,2021-06-16,26-35,True
601,CLI00601,Gabrielly Santos,PJ - Frota Grande,Indicação,PE,2023-02-07,26-35,True
602,CLI00602,Brayan Dias,PJ - Frota Pequena,Recall,GO,2021-11-18,56+,True
603,CLI00603,Dr. Benjamim Viana,PF - Varejo,CRM Ativo,RJ,2023-01-19,36-45,True
604,CLI00604,Camila Carvalho,PF - Varejo,Digital,SP,2022-03-29,36-45,True
605,CLI00605,Carlos Eduardo Carvalho,PF - Premium,Showroom,GO,2021-03-26,36-45,True
606,CLI00606,Daniela Rios,PF - Varejo,Digital,SP,2021-08-21,18-25,True
607,CLI00607,Sra. Esther Rios,PF - Varejo,Digital,ES,2022-11-01,36-45,True
608,CLI00608,Jade Vieira,PF - Varejo,Recall,SP,2021-08-18,36-45,True
609,CLI00609,Lucas Pastor,PF - Premium,Digital,RJ,2023-05-11,56+,True
610,CLI00610,Dr. Gustavo Carvalho,PJ - Frota Pequena,Recall,PR,2022-10-29,36-45,True
611,CLI00611,Caleb Ramos,PF - Varejo,Digital,SP,2022-01-04,36-45,True
612,CLI00612,Ravi Brito,PF - Premium,Indicação,ES,2022-06-14,56+,True
613,CLI00613,Gael Cardoso,PJ - Frota Pequena,Digital,DF,2021-12-24,26-35,True
614,CLI00614,Sr. Isaac Lima,PJ - Frota Pequena,Indicação,CE,2021-03-22,26-35,True
615,CLI00615,Luana Casa Grande,PJ - Frota Pequena,CRM Ativo,SP,2021-10-10,36-45,True
616,CLI00616,Olivia da Paz,PJ - Frota Grande,Digital,DF,2022-09-20,36-45,True
617,CLI00617,Pedro Ferreira,PF - Varejo,Digital,SP,2022-09-11,46-55,True
618,CLI00618,Gabriel Melo,PF - Varejo,Digital,MG,2022-08-15,36-45,True
619,CLI00619,Dom Fernandes,PJ - Frota Pequena,CRM Ativo,RJ,2022-07-22,46-55,True
620,CLI00620,Bento Vargas,PJ - Frota Pequena,Recall,PE,2022-08-30,26-35,True
621,CLI00621,Sophie da Cruz,PF - Varejo,Fidelização,MG,2022-08-24,46-55,True
622,CLI00622,Joaquim Castro,PJ - Frota Pequena,Indicação,SC,2021-02-25,36-45,True
623,CLI00623,Theo da Rosa,PF - Premium,Recall,PE,2022-09-11,18-25,True
624,CLI00624,Larissa Sousa,PF - Varejo,Showroom,BA,2022-01-27,46-55,True
625,CLI00625,Mariane Nascimento,PF - Varejo,Digital,RJ,2022-02-28,46-55,True
626,CLI00626,Ian da Mota,PF - Varejo,Indicação,PE,2021-10-06,18-25,True
627,CLI00627,Manuela da Luz,PJ - Frota Grande,Showroom,GO,2021-12-16,26-35,True
628,CLI00628,Jade Gonçalves,PF - Varejo,Showroom,GO,2021-07-24,46-55,True
629,CLI00629,João Pedro Barros,PF - Varejo,Showroom,CE,2023-06-28,36-45,True
630,CLI00630,Camila Dias,PJ - Frota Pequena,Fidelização,PR,2022-09-21,18-25,True
631,CLI00631,Eduarda Ribeiro,PF - Varejo,Indicação,RJ,2021-07-07,36-45,True
632,CLI00632,Gustavo Macedo,PF - Varejo,Digital,SP,2022-09-02,46-55,True
633,CLI00633,Davi Abreu,PJ - Frota Grande,Indicação,PE,2021-06-19,36-45,True
634,CLI00634,Maria Clara Aparecida,PF - Varejo,Indicação,MG,2023-01-15,46-55,True
635,CLI00635,Bryan Martins,PJ - Frota Pequena,Indicação,SP,2022-05-26,36-45,True
636,CLI00636,Maria Liz Siqueira,PF - Varejo,Indicação,RJ,2021-06-17,46-55,True
637,CLI00637,Ana Clara Martins,PJ - Frota Grande,Digital,SC,2023-05-29,26-35,True
638,CLI00638,Gabriela Machado,PF - Varejo,Indicação,RS,2021-03-26,56+,True
639,CLI00639,José Moraes,PF - Premium,Digital,RS,2022-02-23,26-35,True
640,CLI00640,Dra. Ana Vitória Albuquerque,PJ - Frota Pequena,Digital,MG,2022-01-19,36-45,True
641,CLI00641,Sra. Natália Aparecida,PF - Premium,Indicação,RS,2021-06-06,26-35,True
642,CLI00642,Diego Freitas,PJ - Frota Pequena,Fidelização,GO,2022-06-07,36-45,True
643,CLI00643,Srta. Agatha Duarte,PF - Premium,Indicação,CE,2022-10-19,26-35,True
644,CLI00644,Thomas Alves,PF - Varejo,Digital,SP,2021-09-30,36-45,True
645,CLI00645,Ana Lívia Pacheco,PF - Varejo,Showroom,RJ,2023-04-15,18-25,True
646,CLI00646,Noah Duarte,PF - Premium,Indicação,SP,2023-03-06,46-55,True
647,CLI00647,Diogo Santos,PF - Varejo,Fidelização,SP,2021-10-09,26-35,True
648,CLI00648,Heloisa Campos,PJ - Frota Pequena,Digital,SP,2021-01-18,26-35,True
649,CLI00649,Dr. Marcos Vinicius Moraes,PF - Varejo,Fidelização,RJ,2021-12-29,46-55,True
650,CLI00650,Ana Cecília da Paz,PJ - Frota Pequena,Digital,SC,2022-06-13,26-35,True
651,CLI00651,Cecilia Vasconcelos,PJ - Frota Grande,Indicação,RS,2022-07-29,36-45,True
652,CLI00652,Agatha da Conceição,PF - Varejo,Recall,BA,2022-05-20,18-25,True
653,CLI00653,Letícia da Conceição,PF - Varejo,Showroom,RS,2021-02-27,56+,True
654,CLI00654,Srta. Sofia Teixeira,PJ - Frota Pequena,CRM Ativo,BA,2023-06-19,26-35,True
655,CLI00655,Brayan Nogueira,PF - Varejo,Showroom,RS,2023-04-04,18-25,True
656,CLI00656,Dr. Yan Casa Grande,PF - Varejo,CRM Ativo,MG,2022-02-03,36-45,True
657,CLI00657,Ryan Barbosa,PF - Varejo,Indicação,RJ,2022-05-13,26-35,True
658,CLI00658,Sra. Alícia Montenegro,PF - Varejo,Showroom,RJ,2021-08-06,46-55,True
659,CLI00659,Sr. Nathan Rocha,PJ - Frota Pequena,Indicação,RS,2021-06-27,36-45,True
660,CLI00660,Vitor Hugo Azevedo,PJ - Frota Pequena,Indicação,RS,2021-07-13,36-45,True
661,CLI00661,Vicente Rocha,PF - Varejo,Indicação,RS,2022-01-24,46-55,True
662,CLI00662,Dra. Heloísa Freitas,PF - Varejo,Recall,RJ,2022-07-02,46-55,True
663,CLI00663,João Lucas Pereira,PF - Varejo,Fidelização,RJ,2023-01-20,26-35,True
664,CLI00664,Giovanna Gomes,PF - Varejo,Indicação,MG,2021-10-31,26-35,True
665,CLI00665,Maria Clara Carvalho,PJ - Frota Pequena,Indicação,RJ,2022-11-03,26-35,True
666,CLI00666,Isaac Cavalcante,PF - Varejo,Indicação,RJ,2022-05-31,36-45,True
667,CLI00667,Hellena da Rosa,PF - Varejo,Digital,PR,2021-08-31,18-25,True
668,CLI00668,Lorena Nascimento,PF - Varejo,CRM Ativo,MG,2021-02-06,36-45,True
669,CLI00669,Ravy das Neves,PF - Varejo,Showroom,CE,2023-01-12,36-45,True
670,CLI00670,Maria Luísa Nascimento,PJ - Frota Grande,Indicação,SP,2022-08-04,46-55,True
671,CLI00671,Cauê Gonçalves,PJ - Frota Pequena,Indicação,SP,2022-12-11,18-25,True
672,CLI00672,Marina Fernandes,PF - Varejo,Showroom,MG,2023-04-09,26-35,True
673,CLI00673,Manuela Vargas,PF - Varejo,Indicação,RJ,2021-12-12,36-45,True
674,CLI00674,Dr. Gael Vasconcelos,PJ - Frota Grande,Fidelização,SP,2021-03-05,56+,True
675,CLI00675,Liz Gonçalves,PJ - Frota Pequena,Showroom,MG,2021-03-11,36-45,True
676,CLI00676,Bella Rodrigues,PF - Varejo,Indicação,SP,2021-11-20,26-35,True
677,CLI00677,Dr. Benício da Luz,PF - Varejo,Showroom,MG,2021-05-14,18-25,True
678,CLI00678,Bryan Pinto,PJ - Frota Grande,CRM Ativo,CE,2021-08-19,56+,True
679,CLI00679,Lucas Gabriel Peixoto,PF - Premium,CRM Ativo,SP,2022-05-05,26-35,True
680,CLI00680,Maria Isis Garcia,PF - Varejo,Indicação,SP,2021-08-09,36-45,True
681,CLI00681,Kamilly Pacheco,PJ - Frota Pequena,Recall,SP,2021-01-30,46-55,True
682,CLI00682,Eduardo Cavalcanti,PF - Premium,Digital,RS,2022-01-14,26-35,True
683,CLI00683,Srta. Maria Clara Machado,PF - Varejo,Fidelização,RJ,2022-08-31,36-45,True
684,CLI00684,Maria Júlia Gomes,PJ - Frota Pequena,Showroom,SP,2022-12-07,26-35,True
685,CLI00685,Mariana Souza,PF - Varejo,Recall,MG,2022-04-17,26-35,True
686,CLI00686,Bianca Cardoso,PJ - Frota Grande,Digital,SP,2022-05-16,36-45,True
687,CLI00687,Francisco Sampaio,PF - Premium,Indicação,SP,2021-11-05,46-55,True
688,CLI00688,Mateus Silveira,PF - Varejo,Digital,MG,2023-02-27,18-25,True
689,CLI00689,Henrique Farias,PF - Varejo,Digital,SP,2021-07-13,18-25,True
690,CLI00690,Luiz Miguel Fonseca,PJ - Frota Pequena,CRM Ativo,CE,2022-10-24,46-55,True
691,CLI00691,Bianca Sampaio,PF - Varejo,CRM Ativo,SP,2021-08-19,56+,True
692,CLI00692,Léo Fonseca,PJ - Frota Grande,Showroom,ES,2021-05-26,36-45,True
693,CLI00693,Heitor Guerra,PF - Varejo,Digital,PR,2022-07-06,18-25,True
694,CLI00694,Maria Júlia Sousa,PF - Premium,CRM Ativo,SP,2022-05-30,46-55,True
695,CLI00695,Gabriela da Cruz,PJ - Frota Grande,CRM Ativo,ES,2022-02-18,36-45,True
696,CLI00696,Francisco Rios,PJ - Frota Grande,Showroom,SP,2021-12-03,36-45,True
697,CLI00697,Caroline Barbosa,PJ - Frota Pequena,Indicação,RS,2021-11-03,36-45,True
698,CLI00698,Sr. Heitor Fonseca,PF - Varejo,Recall,CE,2022-10-01,36-45,True
699,CLI00699,Sr. Igor Fonseca,PF - Varejo,Indicação,RJ,2021-10-21,56+,True
700,CLI00700,Dr. Lucas Gabriel Pastor,PF - Varejo,Recall,SP,2021-04-24,26-35,True
701,CLI00701,Raul Correia,PJ - Frota Pequena,Showroom,SP,2021-12-15,36-45,True
702,CLI00702,Dr. Alexandre Mendonça,PF - Varejo,Digital,RS,2022-10-20,26-35,True
703,CLI00703,Benicio Farias,PF - Varejo,Digital,SC,2023-05-31,56+,True
704,CLI00704,Sra. Mirella Câmara,PF - Varejo,Showroom,RJ,2022-09-18,36-45,True
705,CLI00705,Marcela Siqueira,PJ - Frota Pequena,Fidelização,PE,2021-08-15,36-45,True
706,CLI00706,Vitor Moreira,PF - Varejo,Showroom,SP,2023-03-07,36-45,True
707,CLI00707,Helena Rios,PF - Varejo,Showroom,SP,2022-04-02,26-35,True
708,CLI00708,Pietra Sá,PJ - Frota Grande,Indicação,MG,2021-01-15,26-35,True
709,CLI00709,Srta. Sarah Pastor,PF - Varejo,Indicação,SP,2022-11-01,46-55,True
710,CLI00710,Aurora Farias,PF - Varejo,CRM Ativo,PR,2022-05-14,36-45,True
711,CLI00711,Ana Vitória Machado,PF - Premium,Digital,CE,2023-02-10,26-35,True
712,CLI00712,Arthur Marques,PF - Varejo,Fidelização,PE,2022-06-20,56+,True
713,CLI00713,Lívia Alves,PF - Varejo,Showroom,MG,2021-01-30,36-45,True
714,CLI00714,Hellena Gomes,PF - Varejo,Recall,SP,2022-02-20,26-35,True
715,CLI00715,Marina Gonçalves,PJ - Frota Pequena,Indicação,SP,2021-06-10,18-25,True
716,CLI00716,Dra. Marina Nogueira,PJ - Frota Grande,Digital,RJ,2022-07-09,46-55,True
717,CLI00717,Anthony Pastor,PJ - Frota Pequena,Digital,BA,2023-01-16,46-55,True
718,CLI00718,Dom da Luz,PF - Premium,Indicação,DF,2022-02-28,36-45,True
719,CLI00719,Maysa Leão,PF - Varejo,Digital,SP,2021-12-23,26-35,True
720,CLI00720,Dra. Isadora Fernandes,PJ - Frota Pequena,Indicação,RJ,2023-06-12,36-45,True
721,CLI00721,Henry Borges,PF - Varejo,CRM Ativo,SP,2022-03-04,26-35,True
722,CLI00722,Ester Ferreira,PF - Varejo,Indicação,SP,2022-02-20,46-55,True
723,CLI00723,Elisa Pereira,PJ - Frota Grande,Indicação,RS,2021-10-11,46-55,True
724,CLI00724,Otávio Porto,PJ - Frota Pequena,Digital,RJ,2023-03-23,26-35,True
725,CLI00725,Sara da Mata,PJ - Frota Pequena,Fidelização,SP,2021-04-29,26-35,True
726,CLI00726,Dra. Aylla Moura,PJ - Frota Grande,Fidelização,ES,2022-03-06,46-55,True
727,CLI00727,Otto Aparecida,PF - Varejo,Recall,RS,2023-03-28,18-25,True
728,CLI00728,Heloisa Mendes,PF - Premium,Showroom,SP,2022-04-07,46-55,True
729,CLI00729,Matheus Rezende,PF - Premium,CRM Ativo,SP,2022-08-01,26-35,True
730,CLI00730,Ana Clara Almeida,PF - Premium,Digital,BA,2022-08-24,46-55,True
731,CLI00731,Bryan Moraes,PF - Varejo,Digital,MG,2023-06-26,26-35,True
732,CLI00732,Sra. Heloisa Cassiano,PJ - Frota Grande,Fidelização,BA,2022-12-12,46-55,True
733,CLI00733,Letícia Costa,PF - Varejo,CRM Ativo,BA,2023-01-25,46-55,True
734,CLI00734,Maria Luísa Santos,PJ - Frota Pequena,Digital,GO,2022-07-28,26-35,True
735,CLI00735,Asafe Siqueira,PF - Varejo,Digital,ES,2022-09-10,46-55,True
736,CLI00736,Leonardo Moreira,PJ - Frota Pequena,Showroom,PR,2021-07-05,56+,True
737,CLI00737,Marcos Vinicius Fonseca,PF - Varejo,Digital,SP,2022-06-24,46-55,True
738,CLI00738,Stella Caldeira,PJ - Frota Pequena,Digital,SP,2022-12-27,46-55,True
739,CLI00739,Alexandre Cardoso,PF - Varejo,Showroom,ES,2021-08-16,36-45,True
740,CLI00740,Dr. André Cardoso,PF - Varejo,Showroom,GO,2021-03-04,36-45,True
741,CLI00741,Brayan Porto,PJ - Frota Grande,Indicação,MG,2022-02-22,46-55,True
742,CLI00742,Alexia Souza,PJ - Frota Pequena,Indicação,GO,2022-05-08,36-45,True
743,CLI00743,Lorenzo Novaes,PF - Varejo,Indicação,DF,2021-07-22,26-35,True
744,CLI00744,Benjamim da Costa,PF - Varejo,Digital,DF,2021-11-29,36-45,True
745,CLI00745,Ana Julia Melo,PJ - Frota Pequena,Digital,RS,2023-02-03,36-45,True
746,CLI00746,Antonella Teixeira,PJ - Frota Pequena,Fidelização,SP,2021-04-25,36-45,True
747,CLI00747,Yuri Freitas,PF - Varejo,Digital,RJ,2021-07-26,26-35,True
748,CLI00748,Dr. Luan Pacheco,PF - Varejo,Recall,RJ,2021-02-21,46-55,True
749,CLI00749,Mirella Sampaio,PF - Varejo,Indicação,CE,2023-04-26,26-35,True
750,CLI00750,Kaique Nascimento,PF - Varejo,Showroom,RJ,2022-12-22,18-25,True
751,CLI00751,Leandro Campos,PF - Varejo,CRM Ativo,RS,2021-01-10,36-45,True
752,CLI00752,Lucas Gabriel Montenegro,PF - Premium,Indicação,RJ,2022-04-21,46-55,True
753,CLI00753,Dr. Luiz Miguel Brito,PF - Varejo,Digital,SP,2022-06-17,36-45,True
754,CLI00754,Bernardo Viana,PJ - Frota Grande,Indicação,MG,2021-04-22,26-35,True
755,CLI00755,Dr. Lucas Gabriel Melo,PJ - Frota Grande,Indicação,RJ,2022-11-29,46-55,True
756,CLI00756,Daniel da Rocha,PJ - Frota Pequena,Digital,RJ,2022-01-25,36-45,True
757,CLI00757,Ana Julia Sousa,PF - Varejo,Indicação,MG,2021-10-06,26-35,True
758,CLI00758,Igor da Luz,PF - Varejo,Showroom,ES,2021-11-18,36-45,True
759,CLI00759,Srta. Ana Clara Novaes,PF - Varejo,Indicação,PE,2022-03-07,26-35,True
760,CLI00760,José Correia,PF - Varejo,Recall,RS,2021-05-24,36-45,True
761,CLI00761,Julia Brito,PF - Varejo,Indicação,ES,2023-01-19,26-35,True
762,CLI00762,Ana Liz Costela,PF - Premium,Showroom,PR,2023-06-21,26-35,True
763,CLI00763,Ana Siqueira,PF - Varejo,Recall,DF,2022-09-27,56+,True
764,CLI00764,Ravi Pires,PF - Varejo,Indicação,PE,2021-07-06,46-55,True
765,CLI00765,João Felipe Nunes,PJ - Frota Pequena,Indicação,PR,2023-05-11,46-55,True
766,CLI00766,Daniel Andrade,PF - Premium,Digital,SP,2022-10-31,36-45,True
767,CLI00767,Srta. Aylla Cassiano,PF - Varejo,Digital,PE,2021-09-28,36-45,True
768,CLI00768,Arthur Gabriel Borges,PJ - Frota Pequena,Indicação,RS,2022-07-09,56+,True
769,CLI00769,Laura Cavalcante,PF - Varejo,Indicação,MG,2022-01-06,18-25,True
770,CLI00770,Yago Sales,PJ - Frota Pequena,Fidelização,MG,2021-04-30,26-35,True
771,CLI00771,Isaac das Neves,PF - Varejo,Showroom,SP,2023-03-13,36-45,True
772,CLI00772,Fernanda Brito,PF - Premium,Recall,SP,2022-03-26,46-55,True
773,CLI00773,Srta. Ana Laura Melo,PF - Varejo,Indicação,DF,2021-12-13,46-55,True
774,CLI00774,Srta. Maria Alice Gomes,PF - Varejo,Indicação,SP,2022-03-21,26-35,True
775,CLI00775,Jade Moura,PF - Varejo,Indicação,MG,2021-05-25,46-55,True
776,CLI00776,Luiz Felipe Moura,PF - Premium,Showroom,SP,2021-08-03,56+,True
777,CLI00777,Dr. Lucca Costa,PJ - Frota Pequena,Fidelização,GO,2022-03-14,56+,True
778,CLI00778,Isabela Farias,PF - Premium,Indicação,PR,2022-07-01,46-55,True
779,CLI00779,Guilherme da Paz,PJ - Frota Pequena,Digital,SP,2021-01-30,26-35,True
780,CLI00780,Lavínia Pereira,PJ - Frota Grande,Recall,MG,2022-09-06,26-35,True
781,CLI00781,Dra. Ana Liz da Rocha,PF - Varejo,Fidelização,RS,2021-03-03,46-55,True
782,CLI00782,Sr. Luan Barbosa,PF - Varejo,Recall,SP,2022-02-22,46-55,True
783,CLI00783,Heloísa Nunes,PF - Varejo,Digital,RS,2022-12-09,56+,True
784,CLI00784,Raquel Garcia,PF - Varejo,Fidelização,RJ,2022-04-27,36-45,True
785,CLI00785,Vitor Hugo Cassiano,PF - Varejo,Digital,MG,2022-09-05,18-25,True
786,CLI00786,Dr. Brayan Guerra,PF - Varejo,CRM Ativo,SP,2021-03-12,46-55,True
787,CLI00787,Luiz Miguel Mendonça,PF - Varejo,Showroom,SP,2021-11-06,26-35,True
788,CLI00788,Vinícius Vasconcelos,PF - Varejo,Indicação,SP,2021-09-09,36-45,True
789,CLI00789,Srta. Maria Cecília Pinto,PJ - Frota Pequena,Fidelização,RS,2021-10-30,26-35,True
790,CLI00790,Davi Luiz Almeida,PF - Varejo,Digital,SP,2023-02-24,36-45,True
791,CLI00791,Carlos Eduardo Moura,PF - Premium,Digital,RJ,2021-05-15,46-55,True
792,CLI00792,Srta. Olivia Nogueira,PJ - Frota Pequena,Digital,SC,2022-10-16,56+,True
793,CLI00793,Evelyn Santos,PF - Varejo,Digital,MG,2021-05-05,56+,True
794,CLI00794,Isis Teixeira,PJ - Frota Pequena,Indicação,RJ,2022-08-20,36-45,True
795,CLI00795,Dr. Dom Barbosa,PF - Premium,Indicação,DF,2021-12-29,36-45,True
796,CLI00796,Bryan Caldeira,PJ - Frota Pequena,Fidelização,BA,2021-04-04,36-45,True
797,CLI00797,Asafe Melo,PF - Premium,Indicação,RS,2023-05-27,26-35,True
798,CLI00798,Diego Costela,PF - Premium,Indicação,SP,2021-01-18,26-35,True
799,CLI00799,Anna Liz Ramos,PF - Varejo,Showroom,BA,2022-05-11,36-45,True
800,CLI00800,Catarina Ramos,PF - Varejo,Indicação,SP,2021-09-30,26-35,True
801,CLI00801,Srta. Eduarda da Conceição,PJ - Frota Pequena,Indicação,RJ,2022-08-31,26-35,True
802,CLI00802,Maria Júlia Cirino,PF - Varejo,Digital,PR,2022-07-09,26-35,True
803,CLI00803,Gael Pacheco,PF - Varejo,Digital,SP,2022-07-18,26-35,True
804,CLI00804,Evelyn Martins,PJ - Frota Grande,Recall,PR,2021-06-19,36-45,True
805,CLI00805,Srta. Maitê Cirino,PF - Varejo,Digital,BA,2021-04-09,46-55,True
806,CLI00806,Vitória Fernandes,PF - Varejo,Digital,RJ,2021-03-14,46-55,True
807,CLI00807,Raquel Sá,PF - Premium,Digital,SP,2021-03-24,36-45,True
808,CLI00808,Davi Alves,PF - Varejo,Digital,SP,2022-09-03,46-55,True
809,CLI00809,Ana Vitória da Mota,PF - Varejo,Digital,SC,2021-07-20,26-35,True
810,CLI00810,Ísis da Costa,PF - Premium,Digital,SP,2022-10-03,46-55,True
811,CLI00811,Sra. Isabel Carvalho,PF - Varejo,Digital,PR,2023-04-01,36-45,True
812,CLI00812,Camila Aragão,PF - Premium,Digital,SP,2021-01-23,46-55,True
813,CLI00813,Sr. Anthony Cassiano,PF - Premium,Fidelização,GO,2022-11-30,46-55,True
814,CLI00814,Sabrina Gonçalves,PF - Varejo,Digital,CE,2021-06-23,36-45,True
815,CLI00815,Luara Montenegro,PF - Varejo,Fidelização,SC,2023-06-05,36-45,True
816,CLI00816,Emanuelly Vieira,PF - Varejo,Digital,GO,2021-11-10,56+,True
817,CLI00817,Stella Nascimento,PF - Varejo,Indicação,DF,2022-05-04,36-45,True
818,CLI00818,Ravi Lucca Siqueira,PF - Premium,CRM Ativo,SP,2021-10-29,36-45,True
819,CLI00819,Fernando Moraes,PF - Varejo,Digital,GO,2023-06-28,36-45,True
820,CLI00820,Emanuel Aragão,PJ - Frota Grande,Recall,RJ,2021-11-21,26-35,True
821,CLI00821,Juan das Neves,PF - Varejo,Digital,SP,2023-06-28,26-35,True
822,CLI00822,Nicolas Jesus,PF - Varejo,Showroom,RS,2021-08-09,46-55,True
823,CLI00823,Dra. Helena da Luz,PF - Varejo,Indicação,RS,2021-10-15,36-45,True
824,CLI00824,Guilherme Pacheco,PF - Varejo,Fidelização,CE,2023-05-16,36-45,True
825,CLI00825,Erick Viana,PF - Varejo,Showroom,PR,2022-05-22,46-55,True
826,CLI00826,Dr. João Guilherme Vargas,PJ - Frota Pequena,Fidelização,MG,2022-09-14,26-35,True
827,CLI00827,Eduarda Pereira,PF - Premium,Recall,BA,2022-08-05,26-35,True
828,CLI00828,Ana Laura Camargo,PF - Varejo,Fidelização,BA,2021-08-24,56+,True
829,CLI00829,Dr. Kaique Borges,PJ - Frota Pequena,Recall,RS,2022-01-29,56+,True
830,CLI00830,Kevin Fernandes,PF - Premium,Recall,SP,2021-05-02,36-45,True
831,CLI00831,Laís da Mota,PJ - Frota Pequena,Digital,SP,2023-01-24,26-35,True
832,CLI00832,Leonardo Macedo,PF - Varejo,Indicação,MG,2021-02-10,56+,True
833,CLI00833,Fernanda Cavalcanti,PF - Premium,Indicação,SP,2021-08-08,46-55,True
834,CLI00834,Kamilly Macedo,PF - Varejo,Fidelização,RS,2023-04-12,46-55,True
835,CLI00835,Isabela Câmara,PF - Varejo,Showroom,SP,2021-03-09,56+,True
836,CLI00836,Maria Liz Rezende,PF - Premium,Digital,SP,2022-05-30,26-35,True
837,CLI00837,Léo da Conceição,PF - Premium,Indicação,PR,2023-01-28,26-35,True
838,CLI00838,Antonella da Rocha,PF - Premium,Fidelização,CE,2021-10-02,46-55,True
839,CLI00839,Danilo Moreira,PF - Varejo,Indicação,BA,2022-03-04,26-35,True
840,CLI00840,Yasmin Azevedo,PF - Varejo,Indicação,SP,2022-05-09,18-25,True
841,CLI00841,Arthur Gabriel Pereira,PJ - Frota Pequena,Indicação,PR,2021-07-14,18-25,True
842,CLI00842,Antônio da Cruz,PF - Premium,Digital,SC,2021-08-05,56+,True
843,CLI00843,Brayan Porto,PF - Varejo,Fidelização,ES,2022-08-24,46-55,True
844,CLI00844,Levi Vieira,PJ - Frota Pequena,Indicação,PR,2023-04-16,18-25,True
845,CLI00845,Maria Julia Moraes,PF - Varejo,CRM Ativo,RJ,2021-09-10,46-55,True
846,CLI00846,Marina Pires,PJ - Frota Pequena,Fidelização,ES,2022-08-07,26-35,True
847,CLI00847,Raquel Martins,PF - Varejo,Digital,SP,2022-01-19,18-25,True
848,CLI00848,José Moraes,PF - Varejo,Showroom,PR,2022-05-22,26-35,True
849,CLI00849,Aurora Novais,PF - Premium,Indicação,SP,2021-09-11,46-55,True
850,CLI00850,Ian Rocha,PF - Premium,Showroom,SP,2022-11-08,46-55,True
851,CLI00851,Henrique Teixeira,PF - Premium,Recall,RS,2023-06-28,46-55,True
852,CLI00852,Dra. Kamilly da Mata,PF - Premium,Recall,ES,2021-05-27,46-55,True
853,CLI00853,Otto da Mata,PF - Varejo,Showroom,RJ,2023-02-10,26-35,True
854,CLI00854,Marcela Nogueira,PF - Premium,CRM Ativo,PE,2023-01-21,26-35,True
855,CLI00855,Isabella Abreu,PF - Premium,Indicação,ES,2022-07-07,56+,True
856,CLI00856,Vitor Gabriel Novais,PF - Premium,Fidelização,BA,2021-03-01,36-45,True
857,CLI00857,Alícia Camargo,PF - Varejo,Digital,RS,2023-01-16,36-45,True
858,CLI00858,Melissa Carvalho,PF - Varejo,CRM Ativo,SP,2021-02-14,36-45,True
859,CLI00859,Arthur Gabriel Cavalcanti,PF - Premium,Showroom,RS,2023-01-17,26-35,True
860,CLI00860,Manuela Vargas,PF - Varejo,Recall,PR,2023-01-18,26-35,True
861,CLI00861,Ravi Lucca Sá,PJ - Frota Pequena,Digital,RS,2021-09-18,46-55,True
862,CLI00862,Bryan Vargas,PF - Varejo,Indicação,CE,2023-06-22,36-45,True
863,CLI00863,Alexandre Albuquerque,PF - Premium,Fidelização,GO,2022-08-13,56+,True
864,CLI00864,Ravi Silva,PF - Premium,Digital,RJ,2022-08-15,26-35,True
865,CLI00865,Antônio Lopes,PF - Premium,Digital,PE,2021-02-05,36-45,True
866,CLI00866,Rodrigo Gomes,PF - Premium,Digital,SP,2023-05-19,18-25,True
867,CLI00867,Melissa Pimenta,PF - Varejo,Indicação,PR,2023-03-07,56+,True
868,CLI00868,Manuella da Mata,PJ - Frota Pequena,Showroom,SP,2021-06-02,46-55,True
869,CLI00869,Antony Vargas,PJ - Frota Pequena,Indicação,BA,2021-02-11,26-35,True
870,CLI00870,Valentina Aparecida,PJ - Frota Pequena,CRM Ativo,SP,2022-08-24,56+,True
871,CLI00871,Maria Clara Cavalcanti,PF - Premium,CRM Ativo,MG,2022-05-22,46-55,True
872,CLI00872,Ravi Lucca Fogaça,PF - Varejo,Digital,SP,2023-04-19,56+,True
873,CLI00873,Ravi Lucca Monteiro,PJ - Frota Pequena,Fidelização,PE,2021-08-24,18-25,True
874,CLI00874,Benicio Sousa,PF - Varejo,Indicação,SP,2021-12-11,26-35,True
875,CLI00875,Arthur Miguel Sousa,PF - Varejo,Digital,SP,2021-02-27,26-35,True
876,CLI00876,Alana Araújo,PF - Varejo,CRM Ativo,CE,2021-06-16,56+,True
877,CLI00877,Sr. Igor Guerra,PF - Varejo,Digital,CE,2023-03-30,26-35,True
878,CLI00878,Sophie Albuquerque,PF - Varejo,Indicação,SP,2021-02-01,26-35,True
879,CLI00879,Stella Novais,PF - Varejo,Showroom,SP,2021-05-09,26-35,True
880,CLI00880,Ana Sophia Cavalcante,PJ - Frota Pequena,Indicação,RJ,2021-01-25,46-55,True
881,CLI00881,Davi Fogaça,PF - Varejo,Indicação,MG,2022-09-01,26-35,True
882,CLI00882,Sra. Alana Borges,PF - Premium,Fidelização,SP,2023-02-09,36-45,True
883,CLI00883,Rafaela Costa,PF - Premium,Indicação,RS,2023-01-21,26-35,True
884,CLI00884,Yuri Moreira,PF - Varejo,Indicação,MG,2021-11-19,26-35,True
885,CLI00885,Valentim da Paz,PJ - Frota Pequena,Indicação,RJ,2021-06-05,36-45,True
886,CLI00886,Carlos Eduardo Cavalcante,PJ - Frota Pequena,Recall,RS,2021-10-06,46-55,True
887,CLI00887,Marcos Vinicius Costela,PJ - Frota Pequena,Digital,MG,2022-04-08,46-55,True
888,CLI00888,Juan Pinto,PJ - Frota Grande,Fidelização,RJ,2023-01-08,26-35,True
889,CLI00889,Dr. Bryan da Luz,PF - Varejo,Showroom,MG,2022-11-13,36-45,True
890,CLI00890,Cecília Farias,PJ - Frota Pequena,Digital,DF,2022-12-03,36-45,True
891,CLI00891,Nicole Fernandes,PF - Varejo,Digital,CE,2021-04-12,26-35,True
892,CLI00892,Luiz Henrique Vasconcelos,PF - Varejo,CRM Ativo,SP,2021-07-12,36-45,True
893,CLI00893,Fernando da Mota,PF - Premium,Digital,RS,2023-04-09,26-35,True
894,CLI00894,Dr. Raul Câmara,PF - Premium,Digital,RS,2022-04-26,26-35,True
895,CLI00895,Eduardo Rodrigues,PF - Premium,Indicação,SP,2021-06-10,26-35,True
896,CLI00896,Sra. Brenda Marques,PF - Varejo,Fidelização,RJ,2021-05-22,56+,True
897,CLI00897,Maria Liz Rocha,PJ - Frota Grande,Recall,SP,2022-12-04,26-35,True
898,CLI00898,Isabella Moraes,PJ - Frota Pequena,Digital,SP,2021-06-06,36-45,True
899,CLI00899,Olívia Machado,PJ - Frota Pequena,Showroom,SP,2023-05-26,36-45,True
900,CLI00900,Alícia Azevedo,PF - Varejo,Indicação,DF,2021-10-18,26-35,True
901,CLI00901,Stella Novaes,PF - Varejo,Indicação,DF,2022-05-27,46-55,True
902,CLI00902,Luigi Rios,PF - Premium,Showroom,SP,2023-03-20,36-45,True
903,CLI00903,Caleb Casa Grande,PF - Varejo,Indicação,MG,2022-04-02,56+,True
904,CLI00904,Igor Machado,PF - Varejo,Digital,SP,2021-07-09,26-35,True
905,CLI00905,Yago Carvalho,PJ - Frota Grande,Digital,MG,2023-03-10,46-55,True
906,CLI00906,Sra. Julia Cavalcanti,PF - Varejo,Digital,MG,2022-09-06,36-45,True
907,CLI00907,Dra. Ísis Pacheco,PJ - Frota Grande,Showroom,RJ,2021-04-29,46-55,True
908,CLI00908,Luara Oliveira,PF - Varejo,Indicação,SP,2022-07-10,26-35,True
909,CLI00909,Dra. Aylla Cavalcanti,PF - Premium,Recall,SC,2023-05-23,36-45,True
910,CLI00910,Dr. Cauã Albuquerque,PF - Premium,Indicação,SP,2023-02-20,36-45,True
911,CLI00911,Gabriel Cassiano,PF - Varejo,Fidelização,SP,2022-08-29,18-25,True
912,CLI00912,Sr. Gael Henrique Leão,PF - Varejo,Indicação,SP,2023-02-21,46-55,True
913,CLI00913,Pietra Almeida,PF - Varejo,Recall,RJ,2022-11-28,26-35,True
914,CLI00914,Mathias Ribeiro,PF - Varejo,Fidelização,RJ,2021-08-27,46-55,True
915,CLI00915,Cecilia Cirino,PF - Varejo,Showroom,SP,2022-04-29,36-45,True
916,CLI00916,Srta. Agatha da Conceição,PF - Premium,CRM Ativo,RJ,2021-09-19,18-25,True
917,CLI00917,Carlos Eduardo Santos,PF - Varejo,Fidelização,MG,2021-10-21,46-55,True
918,CLI00918,Caio Cassiano,PF - Varejo,Digital,SP,2022-01-09,56+,True
919,CLI00919,Asafe Rodrigues,PF - Premium,CRM Ativo,SP,2021-05-15,36-45,True
920,CLI00920,Breno Cirino,PF - Premium,Digital,DF,2021-01-10,56+,True
921,CLI00921,Matheus da Conceição,PJ - Frota Pequena,Showroom,SP,2023-05-31,26-35,True
922,CLI00922,Dr. Ryan Castro,PJ - Frota Grande,Indicação,BA,2023-01-16,46-55,True
923,CLI00923,Dra. Marina Pastor,PF - Premium,CRM Ativo,RJ,2021-04-23,26-35,True
924,CLI00924,Bella Brito,PF - Varejo,Digital,SP,2021-01-06,26-35,True
925,CLI00925,Sra. Sophia Gonçalves,PJ - Frota Pequena,CRM Ativo,SP,2021-04-18,26-35,True
926,CLI00926,Theo Montenegro,PJ - Frota Grande,Indicação,SP,2021-05-23,26-35,True
927,CLI00927,Maysa Cassiano,PF - Premium,Indicação,ES,2022-12-03,36-45,True
928,CLI00928,Lucas Gabriel Vieira,PF - Premium,Indicação,MG,2022-11-08,36-45,True
929,CLI00929,Dra. Manuella da Luz,PJ - Frota Pequena,Showroom,PR,2021-02-04,56+,True
930,CLI00930,Nathan Rocha,PJ - Frota Pequena,Showroom,SP,2022-02-22,18-25,True
931,CLI00931,Manuella Pacheco,PF - Varejo,Showroom,RJ,2022-06-05,36-45,True
932,CLI00932,Cecília Marques,PJ - Frota Pequena,Fidelização,SC,2022-07-04,26-35,True
933,CLI00933,Carolina Freitas,PF - Premium,Digital,SP,2021-12-15,26-35,True
934,CLI00934,Isabella Nascimento,PF - Varejo,Digital,GO,2021-09-04,26-35,True
935,CLI00935,Ryan Novaes,PJ - Frota Pequena,Digital,RJ,2022-04-09,36-45,True
936,CLI00936,Dra. Alexia Cassiano,PF - Varejo,Recall,MG,2021-09-01,26-35,True
937,CLI00937,Sophie da Luz,PF - Varejo,Digital,SC,2021-02-21,26-35,True
938,CLI00938,Lavínia da Paz,PJ - Frota Pequena,Showroom,PE,2021-11-27,46-55,True
939,CLI00939,Levi das Neves,PF - Premium,Showroom,SC,2022-05-13,36-45,True
940,CLI00940,Luísa Garcia,PF - Varejo,Indicação,GO,2023-04-22,46-55,True
941,CLI00941,Natália Cassiano,PF - Varejo,Recall,MG,2023-04-16,26-35,True
942,CLI00942,Luigi Viana,PJ - Frota Grande,Indicação,SP,2021-01-21,36-45,True
943,CLI00943,Benjamin Novaes,PJ - Frota Pequena,Indicação,RS,2023-06-21,36-45,True
944,CLI00944,Calebe Sousa,PF - Varejo,Indicação,PR,2021-05-28,26-35,True
945,CLI00945,Henry Gabriel Mendonça,PJ - Frota Grande,Fidelização,ES,2021-10-07,26-35,True
946,CLI00946,Sra. Ana Luiza Andrade,PJ - Frota Grande,Digital,RJ,2022-05-18,18-25,True
947,CLI00947,Enrico Abreu,PF - Varejo,Showroom,MG,2021-01-29,26-35,True
948,CLI00948,Maria Vitória Pinto,PF - Premium,Digital,PR,2022-08-11,26-35,True
949,CLI00949,Nicole Freitas,PJ - Frota Pequena,Fidelização,MG,2022-05-27,26-35,True
950,CLI00950,João Pedro Viana,PF - Varejo,Fidelização,RJ,2022-07-22,26-35,True
951,CLI00951,Pietro Rezende,PF - Varejo,Digital,MG,2023-03-01,46-55,True
952,CLI00952,Pedro Lucas Correia,PF - Varejo,Digital,GO,2022-01-21,46-55,True
953,CLI00953,Carlos Eduardo Rocha,PF - Varejo,Digital,RJ,2021-11-21,56+,True
954,CLI00954,Caleb da Costa,PF - Varejo,CRM Ativo,RS,2023-01-25,36-45,True
955,CLI00955,Vitor Hugo Castro,PF - Varejo,Digital,RJ,2022-10-12,26-35,True
956,CLI00956,Maria Liz Lopes,PF - Premium,CRM Ativo,PR,2021-11-18,46-55,True
957,CLI00957,Ravy Ramos,PF - Varejo,Digital,SP,2022-10-23,36-45,True
958,CLI00958,Luiz Henrique Ramos,PJ - Frota Grande,Showroom,SP,2022-02-21,26-35,True
959,CLI00959,Gabrielly Machado,PF - Premium,Digital,GO,2021-04-17,46-55,True
960,CLI00960,Arthur da Mata,PF - Premium,Digital,SP,2021-07-15,26-35,True
961,CLI00961,Pedro Henrique Monteiro,PF - Varejo,Digital,RS,2023-05-05,36-45,True
962,CLI00962,Lucas Castro,PF - Varejo,Digital,SP,2021-05-16,26-35,True
963,CLI00963,Luiz Miguel Barros,PJ - Frota Pequena,Indicação,RJ,2022-10-15,26-35,True
964,CLI00964,Enzo Gabriel da Cruz,PJ - Frota Pequena,Recall,SP,2023-04-10,36-45,True
965,CLI00965,Raquel Vieira,PJ - Frota Pequena,CRM Ativo,SP,2021-06-25,56+,True
966,CLI00966,Ester Pinto,PJ - Frota Grande,Fidelização,RS,2021-12-05,36-45,True
967,CLI00967,Ísis Gomes,PF - Varejo,Showroom,MG,2023-05-26,36-45,True
968,CLI00968,Joaquim Caldeira,PF - Varejo,Showroom,GO,2023-01-01,26-35,True
969,CLI00969,Ana Lívia Costa,PJ - Frota Pequena,Digital,DF,2021-01-14,36-45,True
970,CLI00970,Sr. Ravi da Conceição,PF - Varejo,Fidelização,SP,2021-11-08,46-55,True
971,CLI00971,Gabriela Santos,PF - Varejo,Digital,RJ,2021-05-11,36-45,True
972,CLI00972,Elisa Guerra,PF - Varejo,Indicação,SP,2022-10-20,18-25,True
973,CLI00973,Maria Julia Duarte,PJ - Frota Grande,CRM Ativo,RJ,2023-02-03,46-55,True
974,CLI00974,Isabelly Siqueira,PF - Varejo,Showroom,GO,2021-10-14,56+,True
975,CLI00975,Valentim Oliveira,PF - Varejo,Showroom,SP,2021-08-18,56+,True
976,CLI00976,Maria Flor Moura,PF - Varejo,Recall,RS,2021-04-14,46-55,True
977,CLI00977,João Abreu,PF - Varejo,CRM Ativo,SP,2022-08-17,36-45,True
978,CLI00978,Dr. Liam Câmara,PF - Varejo,Digital,PR,2022-05-30,36-45,True
979,CLI00979,Sra. Gabrielly Carvalho,PF - Varejo,Indicação,RJ,2023-06-13,46-55,True
980,CLI00980,Sr. Oliver Nogueira,PJ - Frota Pequena,Indicação,RJ,2021-04-11,26-35,True
981,CLI00981,Laura Nunes,PF - Varejo,Showroom,PR,2022-12-30,26-35,True
982,CLI00982,Luana Silveira,PF - Varejo,Indicação,GO,2022-06-20,56+,True
983,CLI00983,Maitê Teixeira,PF - Varejo,Indicação,DF,2021-08-09,56+,True
984,CLI00984,Alana Jesus,PF - Varejo,Indicação,SP,2023-04-13,36-45,True
985,CLI00985,Ágatha Mendes,PF - Varejo,Indicação,PR,2021-08-30,18-25,True
986,CLI00986,Lucca Vasconcelos,PJ - Frota Pequena,Digital,SP,2023-06-24,36-45,True
987,CLI00987,Ana Cecília Vargas,PF - Varejo,CRM Ativo,PR,2022-06-30,26-35,True
988,CLI00988,Yan Costa,PJ - Frota Pequena,Digital,SC,2022-07-15,26-35,True
989,CLI00989,João Gabriel Barbosa,PF - Premium,Indicação,MG,2021-03-02,46-55,True
990,CLI00990,Olívia Ferreira,PJ - Frota Pequena,Indicação,SP,2023-01-22,46-55,True
991,CLI00991,Hellena Vasconcelos,PJ - Frota Grande,Indicação,MG,2022-11-05,26-35,True
992,CLI00992,Kamilly Mendonça,PJ - Frota Pequena,Indicação,SP,2021-08-16,46-55,True
993,CLI00993,Liam Ramos,PF - Varejo,Digital,MG,2021-11-02,26-35,True
994,CLI00994,Júlia Novaes,PF - Varejo,Digital,SP,2022-03-24,36-45,True
995,CLI00995,Sr. Benjamin Barros,PJ - Frota Pequena,Showroom,SP,2022-04-10,26-35,True
996,CLI00996,Caleb Guerra,PF - Varejo,Digital,RJ,2021-05-04,36-45,True
997,CLI00997,Maria Helena Nogueira,PF - Varejo,Indicação,RJ,2021-09-17,46-55,True
998,CLI00998,Rhavi da Cruz,PF - Varejo,Recall,SP,2022-11-18,56+,True
999,CLI00999,Alexandre Silva,PJ - Frota Pequena,Digital,SP,2023-02-16,36-45,True
1000,CLI01000,Renan da Conceição,PF - Varejo,Showroom,GO,2021-02-01,36-45,True
1001,CLI01001,Sr. Diego Rocha,PJ - Frota Pequena,Digital,SP,2022-10-13,46-55,True
1002,CLI01002,Dr. Emanuel Correia,PF - Varejo,Showroom,SP,2022-02-25,18-25,True
1003,CLI01003,Sr. Ravi Lucca Leão,PJ - Frota Grande,Indicação,ES,2023-04-05,56+,True
1004,CLI01004,Heitor da Rocha,PJ - Frota Pequena,Showroom,PR,2021-10-10,46-55,True
1005,CLI01005,Davi Miguel Azevedo,PF - Varejo,Digital,PR,2022-07-20,36-45,True
1006,CLI01006,Joana Gonçalves,PF - Varejo,Digital,PR,2023-04-10,46-55,True
1007,CLI01007,Bernardo da Mota,PF - Varejo,CRM Ativo,RS,2022-01-01,46-55,True
1008,CLI01008,Asafe Araújo,PF - Premium,Showroom,SP,2021-12-19,46-55,True
1009,CLI01009,Mariane Araújo,PF - Varejo,Fidelização,ES,2021-04-28,26-35,True
1010,CLI01010,Catarina Campos,PF - Varejo,Showroom,SP,2021-04-20,46-55,True
1011,CLI01011,Maria Liz Campos,PF - Varejo,Indicação,ES,2022-09-24,36-45,True
1012,CLI01012,Cecília Macedo,PJ - Frota Pequena,Digital,RS,2022-02-02,36-45,True
1013,CLI01013,Pedro da Paz,PF - Premium,Showroom,PR,2023-04-27,36-45,True
1014,CLI01014,Vinícius Macedo,PF - Varejo,Showroom,SP,2021-09-02,46-55,True
1015,CLI01015,Antonella Guerra,PF - Varejo,Recall,BA,2023-01-17,26-35,True
1016,CLI01016,Cauã Jesus,PF - Varejo,Indicação,PR,2021-05-23,46-55,True
1017,CLI01017,Dante Ribeiro,PF - Varejo,Showroom,RJ,2023-04-26,36-45,True
1018,CLI01018,Dr. Levi da Rosa,PJ - Frota Grande,Digital,MG,2023-04-30,18-25,True
1019,CLI01019,Sra. Mariah Rocha,PF - Varejo,Digital,SP,2022-09-27,36-45,True
1020,CLI01020,Emanuella da Cunha,PF - Varejo,Digital,SP,2021-09-15,26-35,True
1021,CLI01021,Ana Laura da Luz,PF - Premium,CRM Ativo,SP,2021-09-08,56+,True
1022,CLI01022,Maria Sophia da Luz,PF - Premium,Recall,MG,2023-02-16,18-25,True
1023,CLI01023,Enzo Melo,PF - Varejo,Recall,RJ,2021-05-29,56+,True
1024,CLI01024,Dra. Evelyn Machado,PF - Varejo,Indicação,BA,2021-07-02,26-35,True
1025,CLI01025,Beatriz Pimenta,PF - Premium,Showroom,SC,2022-04-18,46-55,True
1026,CLI01026,Guilherme Pimenta,PF - Premium,Showroom,PE,2021-08-13,26-35,True
1027,CLI01027,Gabriel Mendes,PF - Varejo,Digital,SP,2022-08-18,36-45,True
1028,CLI01028,Caroline da Mota,PF - Premium,Recall,SP,2022-12-27,46-55,True
1029,CLI01029,Isabel Rocha,PF - Varejo,Showroom,PR,2021-10-01,26-35,True
1030,CLI01030,Sra. Maria Eduarda Macedo,PF - Varejo,Indicação,GO,2021-02-15,56+,True
1031,CLI01031,Mirella Ferreira,PF - Premium,Indicação,RJ,2022-09-23,46-55,True
1032,CLI01032,Melissa Dias,PJ - Frota Pequena,Indicação,SP,2021-09-19,46-55,True
1033,CLI01033,Bárbara Rios,PF - Varejo,Digital,SP,2022-09-30,36-45,True
1034,CLI01034,Sr. Felipe da Paz,PJ - Frota Pequena,CRM Ativo,PR,2021-04-10,36-45,True
1035,CLI01035,Mariana Borges,PF - Varejo,Digital,RJ,2021-03-04,36-45,True
1036,CLI01036,Sr. Davi Lucca Viana,PF - Varejo,Indicação,SP,2022-02-14,26-35,True
1037,CLI01037,Sra. Sara Moraes,PF - Varejo,Indicação,ES,2022-03-08,36-45,True
1038,CLI01038,Renan Castro,PF - Premium,Fidelização,ES,2021-08-04,36-45,True
1039,CLI01039,Theo Nascimento,PJ - Frota Pequena,Digital,RJ,2021-12-24,36-45,True
1040,CLI01040,Leonardo Fogaça,PF - Premium,Showroom,RJ,2021-06-10,26-35,True
1041,CLI01041,Dr. Luiz Miguel da Cunha,PF - Premium,Indicação,PR,2022-10-04,46-55,True
1042,CLI01042,Francisco Rezende,PJ - Frota Pequena,Showroom,DF,2021-04-01,36-45,True
1043,CLI01043,Leandro Oliveira,PJ - Frota Pequena,Recall,SP,2022-12-12,18-25,True
1044,CLI01044,Dr. Heitor da Luz,PF - Varejo,Digital,PR,2022-12-16,46-55,True
1045,CLI01045,Erick Nascimento,PF - Varejo,Indicação,ES,2022-07-25,26-35,True
1046,CLI01046,Ian Sá,PF - Varejo,Recall,PR,2022-04-10,18-25,True
1047,CLI01047,Luiza Costela,PF - Varejo,Indicação,PR,2021-01-16,36-45,True
1048,CLI01048,Raul da Conceição,PF - Varejo,Recall,GO,2021-05-31,18-25,True
1049,CLI01049,Maria Campos,PF - Varejo,Showroom,SP,2022-03-09,26-35,True
1050,CLI01050,Maria Eduarda da Mata,PF - Premium,Fidelização,GO,2021-11-06,36-45,True
1051,CLI01051,Luiza Machado,PJ - Frota Pequena,Digital,RS,2022-03-19,36-45,True
1052,CLI01052,Sra. Maria Sophia Ferreira,PF - Varejo,Showroom,PR,2021-07-26,26-35,True
1053,CLI01053,Enzo Gabriel Pacheco,PJ - Frota Grande,Indicação,RJ,2021-08-13,18-25,True
1054,CLI01054,Ana Julia Porto,PJ - Frota Pequena,Showroom,RJ,2022-06-06,36-45,True
1055,CLI01055,Raquel Araújo,PF - Varejo,Showroom,MG,2022-06-08,36-45,True
1056,CLI01056,Guilherme Macedo,PJ - Frota Grande,Digital,SP,2022-07-13,36-45,True
1057,CLI01057,Eloá Machado,PJ - Frota Grande,Digital,SP,2021-09-12,26-35,True
1058,CLI01058,Sophia Pastor,PF - Premium,Indicação,RS,2022-04-16,56+,True
1059,CLI01059,Alexandre Carvalho,PF - Varejo,Digital,RJ,2021-10-07,26-35,True
1060,CLI01060,Vinícius Mendes,PJ - Frota Pequena,Digital,RJ,2022-06-22,36-45,True
1061,CLI01061,Vicente Ramos,PF - Varejo,Recall,SP,2022-06-21,46-55,True
1062,CLI01062,Bento Campos,PJ - Frota Grande,Recall,PE,2022-05-29,26-35,True
1063,CLI01063,Carolina Vasconcelos,PF - Varejo,Recall,PR,2021-12-22,36-45,True
1064,CLI01064,Srta. Bianca Pastor,PF - Varejo,Indicação,RJ,2022-02-16,26-35,True
1065,CLI01065,Ana Luiza da Mota,PJ - Frota Pequena,Indicação,SP,2021-05-18,36-45,True
1066,CLI01066,Melissa Câmara,PF - Premium,Fidelização,PR,2022-02-14,26-35,True
1067,CLI01067,Vinícius Fernandes,PJ - Frota Pequena,Digital,SP,2022-07-04,36-45,True
1068,CLI01068,Gabrielly da Paz,PJ - Frota Grande,Digital,RJ,2023-02-11,26-35,True
1069,CLI01069,Nicolas Costa,PF - Varejo,Digital,PR,2021-11-08,18-25,True
1070,CLI01070,Melissa Correia,PJ - Frota Grande,Showroom,PR,2021-09-28,46-55,True
1071,CLI01071,Dr. Rael Lima,PF - Varejo,Digital,RS,2022-03-12,46-55,True
1072,CLI01072,Srta. Cecília Araújo,PJ - Frota Pequena,Digital,PE,2023-05-17,26-35,True
1073,CLI01073,Marcelo Aragão,PJ - Frota Pequena,CRM Ativo,SP,2021-05-15,46-55,True
1074,CLI01074,Eloá Almeida,PF - Varejo,Digital,MG,2022-03-16,36-45,True
1075,CLI01075,Sara Cunha,PJ - Frota Grande,Showroom,MG,2021-05-07,46-55,True
1076,CLI01076,Lucas Pires,PJ - Frota Grande,Indicação,ES,2022-01-25,18-25,True
1077,CLI01077,Isabelly da Conceição,PJ - Frota Pequena,Digital,SP,2022-09-06,36-45,True
1078,CLI01078,Srta. Manuella Moraes,PF - Premium,Digital,SP,2023-03-05,36-45,True
1079,CLI01079,Apollo da Mota,PJ - Frota Grande,Digital,SP,2022-06-23,36-45,True
1080,CLI01080,Bernardo Rezende,PF - Varejo,Fidelização,GO,2022-05-06,36-45,True
1081,CLI01081,Igor Brito,PF - Varejo,Showroom,PR,2022-12-27,46-55,True
1082,CLI01082,Aurora Nascimento,PF - Premium,Showroom,PR,2022-09-02,36-45,True
1083,CLI01083,Emilly Campos,PJ - Frota Grande,Digital,PR,2022-03-24,26-35,True
1084,CLI01084,Sofia Almeida,PF - Premium,Recall,SP,2021-02-16,18-25,True
1085,CLI01085,Caio Machado,PF - Premium,Showroom,MG,2022-10-02,26-35,True
1086,CLI01086,Cecília Andrade,PF - Premium,Indicação,MG,2022-10-02,26-35,True
1087,CLI01087,Cecilia da Conceição,PF - Varejo,Indicação,RJ,2021-01-07,18-25,True
1088,CLI01088,Júlia Alves,PF - Varejo,Digital,MG,2021-09-04,36-45,True
1089,CLI01089,Ísis Garcia,PJ - Frota Pequena,Indicação,MG,2023-02-21,18-25,True
1090,CLI01090,Igor da Luz,PF - Varejo,Recall,PR,2022-05-11,46-55,True
1091,CLI01091,Ana Laura Rios,PF - Premium,CRM Ativo,SP,2021-08-02,18-25,True
1092,CLI01092,João Gabriel Andrade,PF - Varejo,Indicação,PR,2021-07-15,36-45,True
1093,CLI01093,Larissa Pastor,PF - Varejo,CRM Ativo,DF,2021-12-14,26-35,True
1094,CLI01094,Davi Lucca Albuquerque,PF - Varejo,Indicação,SP,2022-04-02,26-35,True
1095,CLI01095,Rhavi Castro,PF - Premium,Indicação,RJ,2021-11-03,56+,True
1096,CLI01096,Ravi Fernandes,PF - Premium,CRM Ativo,SP,2022-11-07,36-45,True
1097,CLI01097,Maria Julia Fogaça,PF - Premium,Indicação,SP,2021-03-30,36-45,True
1098,CLI01098,Luna da Cunha,PF - Premium,Digital,MG,2023-06-03,36-45,True
1099,CLI01099,Maria Fernanda Gomes,PF - Varejo,Digital,SP,2023-06-04,18-25,True
1100,CLI01100,Rafael Fernandes,PJ - Frota Grande,Recall,BA,2023-02-24,26-35,True
1101,CLI01101,Cauã Ribeiro,PF - Varejo,Indicação,SP,2021-11-28,26-35,True
1102,CLI01102,Caio Gonçalves,PJ - Frota Pequena,Showroom,PR,2022-03-12,36-45,True
1103,CLI01103,Calebe da Conceição,PJ - Frota Grande,Indicação,RJ,2021-10-29,26-35,True
1104,CLI01104,Nicolas Monteiro,PJ - Frota Pequena,CRM Ativo,SP,2022-10-23,46-55,True
1105,CLI01105,Srta. Caroline Pinto,PJ - Frota Pequena,Indicação,RJ,2022-02-21,36-45,True
1106,CLI01106,Heloísa Andrade,PJ - Frota Grande,Indicação,CE,2022-12-11,26-35,True
1107,CLI01107,Valentina Novais,PJ - Frota Pequena,Digital,PR,2022-04-04,46-55,True
1108,CLI01108,Melina Monteiro,PJ - Frota Pequena,Fidelização,SP,2023-04-05,46-55,True
1109,CLI01109,Marcelo Oliveira,PF - Varejo,Digital,PR,2022-01-20,36-45,True
1110,CLI01110,Noah Ferreira,PF - Premium,CRM Ativo,SP,2022-05-27,36-45,True
1111,CLI01111,Enrico Cavalcanti,PF - Varejo,Indicação,SP,2022-07-29,56+,True
1112,CLI01112,Dr. João Vitor Nascimento,PJ - Frota Pequena,Fidelização,ES,2021-03-01,26-35,True
1113,CLI01113,Luan Barros,PF - Varejo,Showroom,MG,2022-12-06,36-45,True
1114,CLI01114,Josué Nunes,PF - Varejo,Recall,PR,2021-05-13,26-35,True
1115,CLI01115,Isadora Moraes,PF - Varejo,Recall,PR,2022-06-06,26-35,True
1116,CLI01116,Pietra Santos,PJ - Frota Pequena,Indicação,RJ,2021-01-01,46-55,True
1117,CLI01117,Aurora Mendes,PF - Premium,Digital,BA,2022-12-01,36-45,True
1118,CLI01118,Luiz Gustavo da Cruz,PJ - Frota Pequena,Showroom,PR,2022-01-18,36-45,True
1119,CLI01119,Heloisa da Mata,PF - Varejo,Digital,RJ,2021-05-13,36-45,True
1120,CLI01120,Juan das Neves,PF - Premium,Digital,SP,2021-11-04,36-45,True
1121,CLI01121,Emanuel Campos,PF - Varejo,Showroom,SP,2022-12-08,36-45,True
1122,CLI01122,Julia Vargas,PJ - Frota Grande,Indicação,MG,2023-04-23,18-25,True
1123,CLI01123,Asafe Correia,PF - Premium,Recall,RJ,2021-02-16,36-45,True
1124,CLI01124,Thiago Azevedo,PJ - Frota Pequena,Indicação,SP,2021-06-02,46-55,True
1125,CLI01125,Oliver Pinto,PF - Premium,Fidelização,PR,2021-11-19,46-55,True
1126,CLI01126,Bruna Carvalho,PF - Varejo,Showroom,SC,2021-12-14,36-45,True
1127,CLI01127,Léo Pereira,PF - Varejo,Digital,SP,2021-05-11,26-35,True
1128,CLI01128,Alana Moreira,PF - Varejo,Recall,PR,2022-05-21,36-45,True
1129,CLI01129,Danilo Jesus,PF - Premium,Indicação,SP,2023-03-01,26-35,True
1130,CLI01130,Sr. Renan Pastor,PF - Premium,Indicação,RJ,2022-04-26,36-45,True
1131,CLI01131,Theo Castro,PJ - Frota Pequena,Indicação,RS,2022-12-26,36-45,True
1132,CLI01132,Isabelly Nogueira,PJ - Frota Pequena,CRM Ativo,SP,2021-09-20,26-35,True
1133,CLI01133,Danilo da Cunha,PJ - Frota Pequena,Digital,PR,2023-05-15,36-45,True
1134,CLI01134,Luan Farias,PF - Premium,CRM Ativo,ES,2022-01-08,46-55,True
1135,CLI01135,Ana Laura Pereira,PF - Varejo,Fidelização,SP,2022-03-07,26-35,True
1136,CLI01136,Sra. Maria Flor Caldeira,PJ - Frota Pequena,Digital,SP,2023-03-05,26-35,True
1137,CLI01137,Joana Novaes,PJ - Frota Pequena,Digital,RS,2023-04-21,26-35,True
1138,CLI01138,Catarina Cardoso,PJ - Frota Pequena,Showroom,RJ,2021-11-06,36-45,True
1139,CLI01139,Dr. João Santos,PF - Varejo,CRM Ativo,RS,2021-04-18,56+,True
1140,CLI01140,Samuel Nogueira,PF - Varejo,Showroom,CE,2021-09-30,46-55,True
1141,CLI01141,Laís Mendes,PJ - Frota Grande,Digital,SP,2023-01-09,36-45,True
1142,CLI01142,José Rios,PJ - Frota Pequena,Recall,SP,2022-12-06,36-45,True
1143,CLI01143,Liz Camargo,PF - Varejo,Digital,RS,2023-01-31,46-55,True
1144,CLI01144,Diogo Lopes,PF - Varejo,Digital,SP,2021-07-25,26-35,True
1145,CLI01145,Maria Flor Leão,PJ - Frota Pequena,Fidelização,RJ,2022-07-25,46-55,True
1146,CLI01146,Apollo Silveira,PJ - Frota Pequena,Fidelização,SP,2022-02-15,56+,True
1147,CLI01147,Joana Barbosa,PF - Varejo,Digital,SP,2022-04-14,36-45,True
1148,CLI01148,Guilherme Siqueira,PF - Varejo,Indicação,RJ,2022-06-26,46-55,True
1149,CLI01149,Pedro Henrique da Mota,PJ - Frota Pequena,Digital,DF,2023-04-19,46-55,True
1150,CLI01150,Amanda da Costa,PJ - Frota Pequena,Indicação,BA,2021-03-19,56+,True
1151,CLI01151,Sra. Bruna Novais,PF - Premium,Digital,MG,2021-12-17,36-45,True
1152,CLI01152,Ana Júlia Sá,PF - Premium,Indicação,RJ,2022-05-09,46-55,True
1153,CLI01153,Thiago Rocha,PJ - Frota Pequena,Indicação,PE,2021-10-03,26-35,True
1154,CLI01154,Sr. Thomas Sá,PF - Premium,Showroom,GO,2023-05-07,56+,True
1155,CLI01155,Benicio Guerra,PF - Varejo,Fidelização,SP,2021-12-01,46-55,True
1156,CLI01156,Vicente Pires,PJ - Frota Pequena,Showroom,SP,2022-03-31,46-55,True
1157,CLI01157,Luiz Felipe Moreira,PF - Varejo,Indicação,BA,2021-03-26,36-45,True
1158,CLI01158,Benjamin Aparecida,PJ - Frota Pequena,Digital,SP,2021-12-26,46-55,True
1159,CLI01159,Levi Leão,PF - Premium,Indicação,BA,2021-08-23,36-45,True
1160,CLI01160,Igor Fogaça,PF - Premium,Digital,GO,2022-11-29,46-55,True
1161,CLI01161,Clarice Oliveira,PJ - Frota Pequena,Indicação,GO,2022-11-21,36-45,True
1162,CLI01162,Sra. Nicole Fonseca,PF - Premium,Digital,DF,2021-12-24,46-55,True
1163,CLI01163,Valentina Ferreira,PF - Varejo,Digital,SC,2022-04-29,18-25,True
1164,CLI01164,Bárbara Rocha,PJ - Frota Grande,Showroom,RS,2021-07-31,26-35,True
1165,CLI01165,Vitor Gabriel Viana,PF - Varejo,CRM Ativo,RJ,2023-06-02,46-55,True
1166,CLI01166,Natália Vieira,PF - Varejo,Indicação,SP,2022-03-20,36-45,True
1167,CLI01167,Letícia Moraes,PJ - Frota Grande,Digital,RJ,2022-10-05,26-35,True
1168,CLI01168,Enzo Gabriel Azevedo,PF - Premium,Digital,DF,2022-08-17,36-45,True
1169,CLI01169,Benicio Montenegro,PF - Premium,Indicação,ES,2023-05-13,26-35,True
1170,CLI01170,Sr. Diego Nunes,PF - Varejo,Showroom,PR,2023-02-21,36-45,True
1171,CLI01171,Lucca Barbosa,PF - Varejo,Showroom,SP,2021-11-20,46-55,True
1172,CLI01172,Bruno Almeida,PF - Premium,Digital,MG,2023-05-27,26-35,True
1173,CLI01173,Luna Campos,PJ - Frota Pequena,Digital,RJ,2021-10-31,36-45,True
1174,CLI01174,Maria Eduarda Lima,PJ - Frota Grande,Digital,PE,2022-12-14,26-35,True
1175,CLI01175,Cauã Mendonça,PF - Varejo,Indicação,RJ,2023-01-20,26-35,True
1176,CLI01176,Léo Gomes,PF - Varejo,Fidelização,DF,2023-01-26,46-55,True
1177,CLI01177,Ana Cecília Moreira,PF - Varejo,Indicação,SP,2022-02-10,46-55,True
1178,CLI01178,Clarice da Cunha,PJ - Frota Grande,Digital,SP,2023-04-21,36-45,True
1179,CLI01179,Clarice Jesus,PF - Varejo,Digital,RS,2021-06-09,46-55,True
1180,CLI01180,Luigi Brito,PF - Varejo,Indicação,ES,2021-03-12,26-35,True
1181,CLI01181,Joaquim Pimenta,PF - Varejo,Indicação,SP,2022-04-20,36-45,True
1182,CLI01182,Emilly da Costa,PJ - Frota Pequena,Digital,MG,2023-06-05,36-45,True
1183,CLI01183,Gustavo Rios,PF - Premium,Fidelização,DF,2023-04-17,18-25,True
1184,CLI01184,Eduarda Câmara,PJ - Frota Pequena,Digital,ES,2021-05-23,36-45,True
1185,CLI01185,Manuella Macedo,PJ - Frota Grande,Showroom,SP,2022-07-17,36-45,True
1186,CLI01186,Raquel Camargo,PJ - Frota Grande,Fidelização,SP,2021-11-10,46-55,True
1187,CLI01187,Giovanna Cunha,PF - Varejo,Indicação,RJ,2022-01-19,26-35,True
1188,CLI01188,Maria Liz da Mata,PJ - Frota Pequena,Digital,GO,2021-01-29,18-25,True
1189,CLI01189,Benjamim Cirino,PF - Varejo,Indicação,SP,2022-05-16,18-25,True
1190,CLI01190,Luan Lima,PF - Varejo,Recall,RJ,2023-04-27,36-45,True
1191,CLI01191,Benjamin Azevedo,PF - Varejo,Fidelização,SC,2022-03-13,36-45,True
1192,CLI01192,Arthur Miguel Barros,PF - Varejo,Indicação,PE,2023-04-13,18-25,True
1193,CLI01193,Murilo Peixoto,PF - Varejo,Digital,RJ,2022-08-17,26-35,True
1194,CLI01194,Rebeca Sampaio,PJ - Frota Pequena,Indicação,RS,2021-06-01,26-35,True
1195,CLI01195,Caroline Barbosa,PF - Varejo,Fidelização,SP,2021-04-18,46-55,True
1196,CLI01196,Marcos Vinicius da Costa,PF - Premium,Indicação,PE,2022-05-16,26-35,True
1197,CLI01197,Sra. Maria Helena Correia,PJ - Frota Pequena,Indicação,DF,2022-01-11,18-25,True
1198,CLI01198,Elisa Aragão,PF - Premium,Showroom,PE,2021-06-18,56+,True
1199,CLI01199,Manuela Lima,PJ - Frota Pequena,Fidelização,SP,2021-11-07,26-35,True
1200,CLI01200,Kamilly Rios,PF - Varejo,Digital,RJ,2022-06-21,36-45,True
1201,CLI01201,Lorenzo Caldeira,PF - Varejo,Showroom,SP,2021-01-28,26-35,True
1202,CLI01202,Sara Siqueira,PF - Premium,Showroom,BA,2022-04-18,36-45,True
1203,CLI01203,Davi Viana,PF - Varejo,Digital,SP,2021-01-20,26-35,True
1204,CLI01204,João Guilherme Cunha,PF - Varejo,Indicação,SP,2022-01-02,56+,True
1205,CLI01205,Maria Luiza Borges,PJ - Frota Grande,Digital,SP,2022-06-24,26-35,True
1206,CLI01206,Felipe Sá,PF - Varejo,CRM Ativo,SP,2022-06-20,46-55,True
1207,CLI01207,Sr. Antony das Neves,PF - Varejo,CRM Ativo,RJ,2021-11-18,46-55,True
1208,CLI01208,Isis Souza,PF - Varejo,Recall,SP,2021-02-10,26-35,True
1209,CLI01209,Lunna Nascimento,PJ - Frota Grande,Fidelização,SC,2022-11-11,36-45,True
1210,CLI01210,Enzo Araújo,PJ - Frota Pequena,Indicação,RJ,2021-12-28,26-35,True
1211,CLI01211,Dra. Melina Oliveira,PF - Premium,Digital,SP,2022-04-09,36-45,True
1212,CLI01212,Davi Miguel Oliveira,PJ - Frota Pequena,Digital,SP,2022-03-13,26-35,True
1213,CLI01213,Sra. Milena Sampaio,PF - Varejo,Digital,RS,2023-04-25,36-45,True
1214,CLI01214,Luiz Gustavo Mendes,PF - Premium,Digital,GO,2023-02-20,26-35,True
1215,CLI01215,Bruno da Rosa,PF - Varejo,Fidelização,SP,2022-07-07,26-35,True
1216,CLI01216,Sophia Moreira,PJ - Frota Pequena,Digital,RS,2023-05-06,18-25,True
1217,CLI01217,Pedro Lucas Costela,PF - Premium,Digital,SP,2023-01-15,36-45,True
1218,CLI01218,Mathias da Mata,PF - Varejo,Digital,SP,2021-07-21,26-35,True
1219,CLI01219,Sra. Vitória Gomes,PF - Varejo,Indicação,SC,2023-03-29,18-25,True
1220,CLI01220,Samuel Barros,PF - Varejo,Indicação,RJ,2021-05-25,56+,True
1221,CLI01221,Dr. Joaquim Lopes,PF - Varejo,CRM Ativo,SP,2022-11-14,46-55,True
1222,CLI01222,Catarina Brito,PF - Premium,Fidelização,PR,2021-05-15,36-45,True
1223,CLI01223,Noah Vargas,PF - Varejo,Indicação,SC,2022-04-26,26-35,True
1224,CLI01224,Srta. Isabela Andrade,PF - Varejo,Showroom,RJ,2023-03-10,56+,True
1225,CLI01225,Maria Liz Carvalho,PJ - Frota Pequena,Recall,SC,2021-10-10,18-25,True
1226,CLI01226,Benjamim Costela,PF - Varejo,Digital,SP,2021-11-23,46-55,True
1227,CLI01227,João Lucas Pires,PJ - Frota Grande,Digital,RJ,2022-10-17,56+,True
1228,CLI01228,Ana Liz Aparecida,PF - Varejo,Digital,RJ,2023-01-04,56+,True
1229,CLI01229,Maria Sophia Sousa,PF - Premium,Showroom,GO,2022-03-09,26-35,True
1230,CLI01230,Cecilia da Rocha,PF - Varejo,Fidelização,RJ,2021-04-23,46-55,True
1231,CLI01231,Yuri Albuquerque,PJ - Frota Grande,Recall,BA,2022-01-05,46-55,True
1232,CLI01232,Mirella das Neves,PJ - Frota Pequena,Digital,SP,2021-03-21,36-45,True
1233,CLI01233,Julia Leão,PF - Premium,Digital,BA,2021-07-04,26-35,True
1234,CLI01234,Juliana Leão,PF - Premium,Indicação,BA,2023-06-21,36-45,True
1235,CLI01235,Diego Cunha,PF - Varejo,Digital,BA,2022-09-13,36-45,True
1236,CLI01236,Maya Rezende,PF - Varejo,CRM Ativo,BA,2023-03-31,56+,True
1237,CLI01237,Vicente da Rocha,PF - Varejo,Digital,SC,2022-09-12,36-45,True
1238,CLI01238,Sr. Luiz Otávio Fogaça,PJ - Frota Pequena,Digital,MG,2023-01-12,26-35,True
1239,CLI01239,Anthony Gabriel Pereira,PF - Varejo,Indicação,SP,2022-04-12,56+,True
1240,CLI01240,Ana Vitória Lima,PF - Varejo,Showroom,GO,2021-12-18,36-45,True
1241,CLI01241,Emanuel Mendes,PF - Varejo,Showroom,PR,2022-08-19,46-55,True
1242,CLI01242,Alana da Paz,PJ - Frota Pequena,CRM Ativo,PR,2021-12-13,26-35,True
1243,CLI01243,Arthur Gabriel da Rosa,PF - Premium,Indicação,SC,2023-02-21,26-35,True
1244,CLI01244,Gael Fernandes,PF - Varejo,Fidelização,PR,2022-11-24,36-45,True
1245,CLI01245,Ian Câmara,PF - Varejo,Fidelização,RJ,2023-02-26,46-55,True
1246,CLI01246,Josué Farias,PF - Varejo,Showroom,DF,2022-11-02,26-35,True
1247,CLI01247,Anthony Pacheco,PF - Varejo,Indicação,BA,2022-05-20,36-45,True
1248,CLI01248,Eduarda da Mata,PF - Premium,Indicação,SP,2023-04-07,18-25,True
1249,CLI01249,Ágatha Vargas,PF - Varejo,Recall,DF,2022-04-03,36-45,True
1250,CLI01250,Maria da Costa,PF - Varejo,CRM Ativo,BA,2021-10-18,56+,True
1251,CLI01251,Maria Laura Machado,PF - Premium,Digital,SP,2021-05-22,46-55,True
1252,CLI01252,Antony Cassiano,PF - Varejo,Digital,MG,2022-04-25,36-45,True
1253,CLI01253,Júlia Rios,PF - Premium,Indicação,RJ,2021-01-19,36-45,True
1254,CLI01254,Laura Gonçalves,PJ - Frota Grande,Showroom,PE,2022-03-20,46-55,True
1255,CLI01255,Josué das Neves,PF - Premium,Indicação,RS,2022-07-12,36-45,True
1256,CLI01256,Jade Rios,PF - Premium,Digital,MG,2023-05-30,26-35,True
1257,CLI01257,Dr. Gustavo Araújo,PF - Premium,Indicação,GO,2021-09-06,26-35,True
1258,CLI01258,Henry Gabriel Peixoto,PF - Varejo,Digital,RS,2022-04-15,36-45,True
1259,CLI01259,Dr. Benício Brito,PF - Varejo,Recall,RJ,2022-07-03,56+,True
1260,CLI01260,Mateus Pastor,PJ - Frota Grande,Digital,RJ,2022-10-15,46-55,True
1261,CLI01261,Maria Vitória Silveira,PF - Varejo,Digital,RJ,2022-04-08,56+,True
1262,CLI01262,Emanuelly da Costa,PF - Varejo,Recall,BA,2021-05-08,36-45,True
1263,CLI01263,Srta. Luísa Souza,PF - Varejo,CRM Ativo,MG,2022-11-21,36-45,True
1264,CLI01264,Maria Garcia,PF - Varejo,Digital,MG,2022-12-01,18-25,True
1265,CLI01265,Juliana Pires,PF - Varejo,Fidelização,SP,2021-03-06,26-35,True
1266,CLI01266,Stella Souza,PF - Premium,Showroom,SP,2022-10-12,36-45,True
1267,CLI01267,Vitor Novaes,PF - Varejo,Indicação,SP,2022-04-27,46-55,True
1268,CLI01268,Gael Almeida,PF - Varejo,Indicação,MG,2021-05-28,46-55,True
1269,CLI01269,Miguel Câmara,PF - Varejo,Digital,SP,2022-04-18,36-45,True
1270,CLI01270,Augusto Souza,PF - Premium,Recall,RJ,2021-06-21,26-35,True
1271,CLI01271,Srta. Evelyn Pastor,PF - Varejo,Digital,SP,2022-01-01,46-55,True
1272,CLI01272,Marcela Garcia,PJ - Frota Grande,CRM Ativo,DF,2023-04-21,36-45,True
1273,CLI01273,Olivia Nogueira,PJ - Frota Pequena,Digital,RS,2022-03-07,36-45,True
1274,CLI01274,Amanda Caldeira,PF - Varejo,Showroom,RJ,2021-02-10,26-35,True
1275,CLI01275,Dr. Vitor Hugo Mendes,PJ - Frota Grande,Indicação,MG,2022-07-11,56+,True
1276,CLI01276,Maria Clara Pereira,PF - Premium,Digital,SP,2022-09-03,26-35,True
1277,CLI01277,Bruno Monteiro,PJ - Frota Pequena,Recall,MG,2021-08-15,18-25,True
1278,CLI01278,Luiz Fernando da Mota,PF - Varejo,CRM Ativo,RJ,2022-01-14,36-45,True
1279,CLI01279,Maria Helena Vargas,PF - Varejo,Showroom,PE,2023-01-14,36-45,True
1280,CLI01280,Nina Viana,PF - Varejo,Recall,CE,2022-09-23,36-45,True
1281,CLI01281,Maria Sophia Monteiro,PJ - Frota Pequena,Recall,SC,2021-10-26,36-45,True
1282,CLI01282,Yago Santos,PF - Varejo,Digital,SP,2021-01-06,56+,True
1283,CLI01283,Alícia Nascimento,PJ - Frota Pequena,Showroom,RJ,2021-04-12,26-35,True
1284,CLI01284,Bianca Peixoto,PJ - Frota Pequena,Digital,SP,2023-04-20,36-45,True
1285,CLI01285,Igor da Costa,PF - Varejo,Digital,MG,2022-06-16,26-35,True
1286,CLI01286,Arthur Novaes,PJ - Frota Grande,Indicação,SP,2022-10-11,26-35,True
1287,CLI01287,Dr. Heitor Fonseca,PJ - Frota Pequena,Digital,PR,2021-05-11,18-25,True
1288,CLI01288,Dr. João Vitor das Neves,PF - Varejo,Digital,GO,2021-04-04,56+,True
1289,CLI01289,Gustavo Cirino,PF - Varejo,Digital,SC,2021-10-16,36-45,True
1290,CLI01290,Maria Flor Monteiro,PJ - Frota Pequena,Indicação,PE,2022-08-19,46-55,True
1291,CLI01291,Yago Pinto,PJ - Frota Grande,Showroom,RJ,2023-05-11,56+,True
1292,CLI01292,Srta. Sara Rios,PF - Varejo,Digital,BA,2022-02-21,46-55,True
1293,CLI01293,Dr. Davi Miguel Sousa,PJ - Frota Grande,Indicação,CE,2022-08-31,46-55,True
1294,CLI01294,Sra. Heloisa da Cunha,PF - Varejo,Digital,RJ,2021-02-25,26-35,True
1295,CLI01295,Nicole Fonseca,PJ - Frota Grande,Recall,BA,2021-01-23,56+,True
1296,CLI01296,Camila Cardoso,PF - Varejo,Fidelização,MG,2022-12-02,46-55,True
1297,CLI01297,Carolina Souza,PF - Varejo,CRM Ativo,SP,2021-05-28,26-35,True
1298,CLI01298,Valentina Farias,PJ - Frota Pequena,Digital,PR,2021-04-06,36-45,True
1299,CLI01299,Lívia Albuquerque,PJ - Frota Pequena,Indicação,SP,2023-05-30,26-35,True
1300,CLI01300,Benjamim Nogueira,PF - Varejo,Indicação,RJ,2021-09-28,36-45,True
1301,CLI01301,Letícia Rezende,PF - Varejo,Recall,SC,2021-08-14,26-35,True
1302,CLI01302,Dra. Maya Nascimento,PF - Premium,Showroom,RJ,2022-12-23,46-55,True
1303,CLI01303,Maria Liz Cirino,PF - Varejo,Digital,SP,2022-10-16,46-55,True
1304,CLI01304,Enzo Gabriel Leão,PF - Premium,Indicação,RJ,2022-06-27,56+,True
1305,CLI01305,Lorena Gonçalves,PF - Varejo,Digital,SC,2022-09-21,46-55,True
1306,CLI01306,Davi Guerra,PF - Premium,Showroom,DF,2022-11-12,36-45,True
1307,CLI01307,Vitor Gabriel Monteiro,PF - Varejo,Digital,ES,2023-03-29,46-55,True
1308,CLI01308,Thiago Monteiro,PF - Varejo,Fidelização,MG,2022-08-03,18-25,True
1309,CLI01309,Sarah da Rosa,PF - Premium,Digital,DF,2021-08-19,26-35,True
1310,CLI01310,Lucas Campos,PJ - Frota Pequena,Recall,SP,2022-06-01,56+,True
1311,CLI01311,Calebe Martins,PF - Premium,Digital,MG,2021-08-15,46-55,True
1312,CLI01312,Ana Julia Silveira,PF - Varejo,Indicação,SP,2021-09-19,26-35,True
1313,CLI01313,Dr. Lucas Gabriel da Cunha,PJ - Frota Pequena,Digital,SP,2022-04-10,26-35,True
1314,CLI01314,Anthony Moura,PF - Varejo,CRM Ativo,RJ,2023-04-28,56+,True
1315,CLI01315,Srta. Rafaela Gonçalves,PF - Varejo,Indicação,SC,2021-04-04,36-45,True
1316,CLI01316,Rodrigo Pinto,PJ - Frota Pequena,CRM Ativo,SP,2021-12-22,18-25,True
1317,CLI01317,Heitor Melo,PJ - Frota Pequena,Digital,SP,2022-05-26,18-25,True
1318,CLI01318,Felipe das Neves,PF - Varejo,Showroom,SP,2022-12-15,36-45,True
1319,CLI01319,Bianca Duarte,PF - Premium,Digital,SP,2021-12-03,46-55,True
1320,CLI01320,Maysa Fonseca,PF - Varejo,Showroom,SC,2022-11-24,36-45,True
1321,CLI01321,Dr. Eduardo Melo,PF - Premium,Digital,RJ,2022-12-05,56+,True
1322,CLI01322,Jade Sampaio,PJ - Frota Pequena,Digital,PR,2022-03-03,56+,True
1323,CLI01323,Maria Alice Siqueira,PJ - Frota Grande,Digital,MG,2023-02-24,26-35,True
1324,CLI01324,Mariane da Rocha,PJ - Frota Grande,Indicação,PR,2022-04-12,26-35,True
1325,CLI01325,Theodoro Cassiano,PF - Varejo,Digital,ES,2021-09-05,18-25,True
1326,CLI01326,Valentina Monteiro,PF - Premium,Indicação,SP,2021-10-05,36-45,True
1327,CLI01327,Vinícius Costa,PF - Premium,Digital,RJ,2023-04-10,18-25,True
1328,CLI01328,Sarah da Rosa,PF - Varejo,CRM Ativo,PE,2022-12-11,26-35,True
1329,CLI01329,Ana Laura Siqueira,PF - Premium,Fidelização,SP,2023-05-29,46-55,True
1330,CLI01330,Arthur Miguel Sampaio,PJ - Frota Grande,Indicação,SP,2022-08-11,56+,True
1331,CLI01331,Dr. Gustavo Henrique Rezende,PF - Premium,Indicação,SP,2023-05-30,36-45,True
1332,CLI01332,Igor Brito,PF - Premium,Showroom,ES,2021-09-14,26-35,True
1333,CLI01333,Raul Novais,PF - Premium,Digital,RJ,2022-08-29,26-35,True
1334,CLI01334,Daniel Guerra,PJ - Frota Grande,Fidelização,MG,2022-01-26,36-45,True
1335,CLI01335,Yago da Mota,PF - Varejo,Digital,BA,2021-06-12,36-45,True
1336,CLI01336,Gustavo Henrique Pastor,PJ - Frota Grande,Recall,RJ,2023-03-26,46-55,True
1337,CLI01337,Matheus Rodrigues,PF - Varejo,Digital,RJ,2022-09-28,36-45,True
1338,CLI01338,Maria Sophia Cavalcanti,PJ - Frota Pequena,Digital,CE,2022-10-15,36-45,True
1339,CLI01339,Raquel Borges,PF - Varejo,Fidelização,SP,2023-05-29,26-35,True
1340,CLI01340,Pietra Abreu,PF - Premium,Digital,SP,2021-10-26,36-45,True
1341,CLI01341,Isaac Marques,PF - Premium,Digital,ES,2021-04-27,36-45,True
1342,CLI01342,Enzo Gabriel Guerra,PJ - Frota Pequena,Indicação,PR,2022-02-08,46-55,True
1343,CLI01343,Sophia Garcia,PF - Premium,Showroom,RJ,2021-01-27,18-25,True
1344,CLI01344,Joaquim Freitas,PF - Varejo,Digital,DF,2023-01-16,26-35,True
1345,CLI01345,Dra. Manuella Sales,PJ - Frota Grande,CRM Ativo,SP,2022-04-25,26-35,True
1346,CLI01346,Samuel Pereira,PJ - Frota Pequena,CRM Ativo,MG,2022-05-19,26-35,True
1347,CLI01347,Valentim Barbosa,PF - Premium,Showroom,SP,2021-05-28,46-55,True
1348,CLI01348,Ana Oliveira,PF - Varejo,Indicação,RJ,2023-01-28,26-35,True
1349,CLI01349,Gael Henrique Gonçalves,PF - Varejo,Digital,RJ,2021-12-25,26-35,True
1350,CLI01350,Liam Jesus,PF - Varejo,CRM Ativo,RJ,2021-12-08,36-45,True
1351,CLI01351,Bryan Nunes,PF - Premium,CRM Ativo,SP,2022-01-28,46-55,True
1352,CLI01352,Emilly Casa Grande,PJ - Frota Pequena,Recall,SP,2022-09-03,36-45,True
1353,CLI01353,Breno Fernandes,PF - Varejo,Recall,BA,2022-12-28,26-35,True
1354,CLI01354,Emilly Fonseca,PJ - Frota Pequena,Indicação,DF,2021-06-19,36-45,True
1355,CLI01355,Henrique Azevedo,PF - Varejo,Indicação,PE,2022-05-15,18-25,True
1356,CLI01356,Renan Rios,PF - Varejo,Digital,RS,2022-03-15,36-45,True
1357,CLI01357,Enzo Gabriel Campos,PF - Varejo,Digital,SP,2021-10-29,26-35,True
1358,CLI01358,João Vitor Guerra,PF - Varejo,Showroom,SP,2023-06-25,26-35,True
1359,CLI01359,Mateus Freitas,PF - Varejo,CRM Ativo,PE,2022-07-14,46-55,True
1360,CLI01360,Liz da Cunha,PF - Varejo,Indicação,RJ,2022-03-11,26-35,True
1361,CLI01361,Gabriel Costela,PF - Premium,Showroom,DF,2021-07-07,46-55,True
1362,CLI01362,Danilo Teixeira,PF - Varejo,Showroom,RJ,2023-03-15,18-25,True
1363,CLI01363,Dra. Isabel Fogaça,PJ - Frota Pequena,Indicação,RJ,2021-08-11,26-35,True
1364,CLI01364,Manuela Sá,PF - Premium,Showroom,RJ,2022-06-03,46-55,True
1365,CLI01365,Rebeca da Luz,PF - Varejo,Digital,BA,2022-05-16,46-55,True
1366,CLI01366,Ágatha Melo,PJ - Frota Grande,Indicação,RS,2022-10-30,36-45,True
1367,CLI01367,Liam da Conceição,PJ - Frota Grande,Indicação,CE,2022-05-14,36-45,True
1368,CLI01368,Maria Clara Silva,PF - Varejo,Digital,RJ,2022-07-02,36-45,True
1369,CLI01369,Sr. Cauã Cassiano,PJ - Frota Pequena,Recall,RS,2022-05-31,36-45,True
1370,CLI01370,Milena Souza,PF - Varejo,Indicação,MG,2021-05-22,26-35,True
1371,CLI01371,Arthur Miguel Moraes,PF - Varejo,Digital,RJ,2022-01-21,26-35,True
1372,CLI01372,Sophia Fernandes,PF - Varejo,Indicação,PE,2021-02-18,46-55,True
1373,CLI01373,Melina Sales,PJ - Frota Pequena,Indicação,CE,2022-01-30,46-55,True
1374,CLI01374,Vitória Fonseca,PJ - Frota Pequena,Indicação,RS,2022-03-07,46-55,True
1375,CLI01375,Ryan Costa,PF - Premium,Recall,MG,2022-03-28,36-45,True
1376,CLI01376,João Pedro Aparecida,PF - Varejo,Recall,SP,2021-09-06,36-45,True
1377,CLI01377,Mateus Lopes,PF - Varejo,Digital,SP,2022-12-21,46-55,True
1378,CLI01378,Sra. Nina Araújo,PJ - Frota Pequena,Indicação,SP,2022-12-24,26-35,True
1379,CLI01379,Stella Ferreira,PJ - Frota Pequena,Digital,MG,2021-06-20,26-35,True
1380,CLI01380,Dr. Vitor Rezende,PF - Premium,Fidelização,GO,2021-05-17,36-45,True
1381,CLI01381,Miguel da Cruz,PF - Varejo,Indicação,SP,2022-09-04,26-35,True
1382,CLI01382,Emanuel Barbosa,PF - Varejo,Digital,RJ,2022-03-01,56+,True
1383,CLI01383,Maria Flor Barbosa,PF - Premium,Fidelização,BA,2021-11-05,26-35,True
1384,CLI01384,Caio da Mata,PJ - Frota Pequena,Digital,RS,2021-12-28,26-35,True
1385,CLI01385,Lavínia Melo,PJ - Frota Grande,Digital,SP,2021-10-03,56+,True
1386,CLI01386,Dom Nascimento,PF - Varejo,Showroom,BA,2021-06-16,46-55,True
1387,CLI01387,Luara Leão,PJ - Frota Grande,CRM Ativo,SP,2022-09-30,46-55,True
1388,CLI01388,Caroline Porto,PF - Premium,Recall,SP,2023-03-11,36-45,True
1389,CLI01389,Alexandre Macedo,PJ - Frota Grande,Fidelização,MG,2023-02-03,18-25,True
1390,CLI01390,Yasmin da Cruz,PF - Varejo,Fidelização,BA,2021-01-31,36-45,True
1391,CLI01391,Maria Vitória Moreira,PF - Varejo,Digital,MG,2021-12-06,56+,True
1392,CLI01392,Luara Freitas,PF - Premium,Digital,MG,2021-06-25,18-25,True
1393,CLI01393,Isaque Pinto,PJ - Frota Grande,Digital,MG,2022-03-14,26-35,True
1394,CLI01394,Rafael Peixoto,PF - Premium,Showroom,BA,2022-10-31,26-35,True
1395,CLI01395,Diogo Fonseca,PF - Varejo,Indicação,RS,2022-03-12,18-25,True
1396,CLI01396,Theodoro da Luz,PF - Premium,Fidelização,SC,2021-04-30,36-45,True
1397,CLI01397,Ana Cecília Melo,PF - Varejo,Indicação,RS,2021-05-16,46-55,True
1398,CLI01398,Nathan Rocha,PF - Varejo,Digital,GO,2022-04-14,46-55,True
1399,CLI01399,Henry Gabriel Nogueira,PF - Varejo,Recall,SP,2022-05-11,26-35,True
1400,CLI01400,Ester Albuquerque,PJ - Frota Grande,Fidelização,CE,2022-02-11,18-25,True
1401,CLI01401,Nathan Sales,PJ - Frota Pequena,Digital,RJ,2022-02-08,36-45,True
1402,CLI01402,Arthur Gabriel Nunes,PF - Varejo,Showroom,PR,2021-05-28,26-35,True
1403,CLI01403,Esther Costela,PF - Varejo,Indicação,SP,2022-03-27,36-45,True
1404,CLI01404,Milena Porto,PJ - Frota Pequena,Indicação,SP,2021-12-11,36-45,True
1405,CLI01405,Laís Gomes,PJ - Frota Pequena,Digital,RJ,2022-01-05,36-45,True
1406,CLI01406,Maria Vitória Mendonça,PF - Varejo,Indicação,BA,2022-04-19,36-45,True
1407,CLI01407,Ana Beatriz Viana,PF - Premium,Showroom,RS,2022-08-30,26-35,True
1408,CLI01408,Sarah Guerra,PF - Varejo,Indicação,SP,2022-06-28,36-45,True
1409,CLI01409,Erick Nogueira,PJ - Frota Pequena,CRM Ativo,RS,2022-10-04,26-35,True
1410,CLI01410,Rafaela Casa Grande,PF - Varejo,Fidelização,PR,2021-06-01,36-45,True
1411,CLI01411,Isabella Viana,PJ - Frota Pequena,Showroom,GO,2021-05-28,18-25,True
1412,CLI01412,Heloísa Pinto,PJ - Frota Pequena,Fidelização,RJ,2021-02-03,36-45,True
1413,CLI01413,Sr. Arthur Gabriel Costa,PF - Varejo,CRM Ativo,SP,2022-05-22,36-45,True
1414,CLI01414,Maria Vitória Lopes,PF - Varejo,Showroom,SP,2021-05-22,26-35,True
1415,CLI01415,Liam Farias,PF - Varejo,Fidelização,SP,2022-12-20,26-35,True
1416,CLI01416,Julia Oliveira,PJ - Frota Pequena,Digital,SC,2021-03-04,26-35,True
1417,CLI01417,Evelyn Cirino,PF - Premium,Indicação,SP,2021-12-24,46-55,True
1418,CLI01418,Luiz Otávio da Luz,PF - Premium,Showroom,RJ,2021-06-28,36-45,True
1419,CLI01419,Lucas Jesus,PF - Varejo,CRM Ativo,RJ,2021-01-05,26-35,True
1420,CLI01420,Noah Teixeira,PF - Varejo,Recall,SP,2022-07-02,56+,True
1421,CLI01421,Maria Cecília Andrade,PF - Varejo,Fidelização,SP,2022-07-25,36-45,True
1422,CLI01422,Bárbara da Costa,PJ - Frota Grande,Indicação,ES,2023-03-19,36-45,True
1423,CLI01423,Ana Beatriz da Paz,PJ - Frota Grande,Showroom,RJ,2022-03-15,26-35,True
1424,CLI01424,Bella Pereira,PF - Varejo,Indicação,SP,2023-04-22,26-35,True
1425,CLI01425,Bryan Cardoso,PF - Varejo,Showroom,SP,2022-10-08,26-35,True
1426,CLI01426,Lara Câmara,PF - Premium,Indicação,SP,2022-06-23,26-35,True
1427,CLI01427,Rodrigo Barros,PJ - Frota Grande,Fidelização,RJ,2022-06-10,36-45,True
1428,CLI01428,Juliana da Rosa,PF - Premium,Showroom,RS,2022-02-02,36-45,True
1429,CLI01429,Larissa Siqueira,PF - Varejo,Indicação,MG,2021-12-21,56+,True
1430,CLI01430,Davi Luiz da Luz,PF - Premium,Fidelização,ES,2022-02-10,26-35,True
1431,CLI01431,João Miguel Andrade,PF - Premium,Showroom,ES,2021-11-02,56+,True
1432,CLI01432,Caleb Alves,PF - Premium,Indicação,CE,2022-08-06,26-35,True
1433,CLI01433,Heloísa da Rosa,PJ - Frota Pequena,Fidelização,RJ,2021-07-17,36-45,True
1434,CLI01434,Sr. Theodoro Siqueira,PF - Varejo,Digital,RJ,2021-07-01,46-55,True
1435,CLI01435,Théo Sampaio,PJ - Frota Grande,CRM Ativo,SP,2022-04-03,46-55,True
1436,CLI01436,Emanuel da Luz,PJ - Frota Pequena,Digital,SP,2021-11-24,26-35,True
1437,CLI01437,Stephany Freitas,PJ - Frota Grande,Recall,BA,2021-04-28,26-35,True
1438,CLI01438,Maria Laura Cirino,PJ - Frota Pequena,Indicação,RJ,2022-08-11,36-45,True
1439,CLI01439,Maya Nunes,PF - Varejo,Fidelização,SP,2023-02-28,36-45,True
1440,CLI01440,Rebeca Rezende,PF - Varejo,Recall,SP,2023-03-08,18-25,True
1441,CLI01441,Benjamin Marques,PJ - Frota Grande,Digital,GO,2022-03-27,56+,True
1442,CLI01442,Henry Vargas,PF - Varejo,Digital,RS,2022-12-02,56+,True
1443,CLI01443,Gustavo Gonçalves,PJ - Frota Grande,Digital,CE,2021-01-07,26-35,True
1444,CLI01444,Srta. Helena da Paz,PJ - Frota Grande,CRM Ativo,SP,2021-06-19,26-35,True
1445,CLI01445,Juliana Moraes,PF - Varejo,Digital,GO,2022-11-26,26-35,True
1446,CLI01446,Lucas Brito,PF - Varejo,Digital,ES,2021-03-31,36-45,True
1447,CLI01447,Lorena Duarte,PF - Varejo,Indicação,ES,2021-06-08,46-55,True
1448,CLI01448,Nina Cavalcante,PF - Varejo,Indicação,SP,2022-01-15,26-35,True
1449,CLI01449,Emanuelly Araújo,PF - Premium,CRM Ativo,MG,2022-01-24,46-55,True
1450,CLI01450,Ana Júlia Novaes,PF - Varejo,Showroom,BA,2021-06-24,26-35,True
1451,CLI01451,Antônio Câmara,PF - Varejo,Recall,SP,2021-01-17,26-35,True
1452,CLI01452,Enzo Albuquerque,PF - Premium,CRM Ativo,MG,2021-03-31,46-55,True
1453,CLI01453,Luana da Rocha,PF - Varejo,Showroom,PR,2022-09-25,56+,True
1454,CLI01454,Alana Sá,PF - Varejo,Recall,RS,2022-10-09,36-45,True
1455,CLI01455,Breno Montenegro,PF - Varejo,Indicação,SP,2021-10-20,46-55,True
1456,CLI01456,Luísa Mendonça,PF - Varejo,Indicação,BA,2021-11-04,26-35,True
1457,CLI01457,Ryan Cardoso,PF - Premium,Indicação,PE,2021-11-11,46-55,True
1458,CLI01458,Paulo Moraes,PJ - Frota Pequena,Digital,CE,2022-11-23,26-35,True
1459,CLI01459,Antony Nogueira,PF - Varejo,Indicação,PR,2022-02-24,36-45,True
1460,CLI01460,Sr. Gabriel Almeida,PF - Premium,Indicação,MG,2021-05-03,46-55,True
1461,CLI01461,Rael Casa Grande,PF - Varejo,Showroom,SP,2023-01-01,46-55,True
1462,CLI01462,Sr. Mateus Barbosa,PF - Premium,Indicação,SP,2022-08-16,36-45,True
1463,CLI01463,Srta. Letícia Rios,PJ - Frota Pequena,Digital,SP,2022-08-16,46-55,True
1464,CLI01464,André Silva,PF - Premium,Digital,MG,2022-09-05,26-35,True
1465,CLI01465,Olivia Rios,PF - Premium,Digital,ES,2021-07-03,36-45,True
1466,CLI01466,Pedro Melo,PF - Varejo,Recall,SC,2021-04-10,46-55,True
1467,CLI01467,Sr. Pedro Lucas Cunha,PF - Varejo,Showroom,PR,2022-10-26,36-45,True
1468,CLI01468,Dom Castro,PF - Varejo,Digital,SP,2021-05-03,56+,True
1469,CLI01469,Emilly Cavalcante,PF - Varejo,CRM Ativo,MG,2022-06-13,36-45,True
1470,CLI01470,Mariana Rios,PF - Premium,Indicação,RJ,2021-04-20,18-25,True
1471,CLI01471,Vitor Gabriel Casa Grande,PF - Premium,Digital,CE,2021-02-23,26-35,True
1472,CLI01472,Cauã Caldeira,PF - Varejo,Digital,PE,2022-01-31,46-55,True
1473,CLI01473,Bella Nunes,PF - Varejo,Digital,SP,2023-06-07,56+,True
1474,CLI01474,Gabriela Marques,PF - Premium,Digital,PR,2021-05-11,26-35,True
1475,CLI01475,Cauã Freitas,PJ - Frota Grande,Indicação,RS,2022-12-27,26-35,True
1476,CLI01476,Evelyn Gonçalves,PJ - Frota Pequena,Showroom,RS,2022-01-22,36-45,True
1477,CLI01477,Clarice Caldeira,PJ - Frota Pequena,Indicação,RJ,2022-03-17,26-35,True
1478,CLI01478,Paulo Cavalcanti,PJ - Frota Grande,Digital,BA,2021-11-08,46-55,True
1479,CLI01479,Maria Cecília Almeida,PF - Varejo,Indicação,RJ,2021-09-28,36-45,True
1480,CLI01480,Bernardo Teixeira,PF - Varejo,Indicação,DF,2021-12-19,56+,True
1481,CLI01481,Ana Vitória Aparecida,PF - Varejo,Digital,SP,2021-09-03,46-55,True
1482,CLI01482,Luana Ferreira,PJ - Frota Pequena,Indicação,SP,2022-10-04,46-55,True
1483,CLI01483,Alexandre Cavalcante,PF - Premium,Indicação,RS,2021-11-22,26-35,True
1484,CLI01484,Lucca Dias,PF - Varejo,Showroom,GO,2023-03-25,36-45,True
1485,CLI01485,Srta. Brenda Nascimento,PJ - Frota Grande,Digital,CE,2022-07-06,36-45,True
1486,CLI01486,Laura Aparecida,PJ - Frota Pequena,Fidelização,SP,2021-06-05,56+,True
1487,CLI01487,Thiago Novais,PJ - Frota Pequena,Showroom,SP,2022-10-29,46-55,True
1488,CLI01488,Kevin Carvalho,PJ - Frota Pequena,Digital,PE,2021-08-10,18-25,True
1489,CLI01489,Eduardo Fogaça,PF - Varejo,Digital,PR,2021-09-09,36-45,True
1490,CLI01490,Lavínia Gonçalves,PF - Varejo,CRM Ativo,SP,2022-06-16,26-35,True
1491,CLI01491,Eloá Viana,PF - Varejo,Recall,PE,2022-02-10,36-45,True
1492,CLI01492,Josué Costa,PJ - Frota Pequena,Indicação,PR,2022-08-08,36-45,True
1493,CLI01493,João Freitas,PF - Varejo,Indicação,RS,2022-10-03,36-45,True
1494,CLI01494,Marcos Vinicius Costela,PJ - Frota Pequena,Digital,SP,2021-12-15,36-45,True
1495,CLI01495,Eloah Silva,PF - Varejo,Fidelização,PR,2022-01-09,26-35,True
1496,CLI01496,Maria Julia Albuquerque,PJ - Frota Grande,Digital,SP,2021-01-13,36-45,True
1497,CLI01497,Maria Fernanda Câmara,PF - Varejo,Fidelização,GO,2021-06-24,56+,True
1498,CLI01498,Davi Luiz Câmara,PF - Premium,Digital,CE,2021-01-31,26-35,True
1499,CLI01499,Diogo Monteiro,PF - Premium,Digital,SP,2022-01-30,36-45,True
1500,CLI01500,Sra. Eloah Fogaça,PJ - Frota Pequena,Fidelização,SP,2021-03-11,18-25,True
1501,CLI01501,Sra. Joana Caldeira,PF - Varejo,Fidelização,SP,2023-02-21,46-55,True
1502,CLI01502,Ana Liz Nunes,PF - Varejo,Recall,RJ,2022-02-18,46-55,True
1503,CLI01503,Julia Ramos,PF - Varejo,Recall,SP,2023-05-21,46-55,True
1504,CLI01504,Emilly da Luz,PJ - Frota Pequena,Indicação,DF,2022-02-13,36-45,True
1505,CLI01505,Isabel Sá,PF - Varejo,Digital,SP,2022-10-18,46-55,True
1506,CLI01506,Hellena Moreira,PJ - Frota Pequena,Indicação,MG,2021-11-15,46-55,True
1507,CLI01507,Oliver Azevedo,PJ - Frota Grande,Digital,PE,2021-01-22,36-45,True
1508,CLI01508,Bárbara Novaes,PF - Varejo,Fidelização,MG,2023-01-10,36-45,True
1509,CLI01509,Heloisa Ramos,PF - Varejo,Fidelização,GO,2021-11-14,36-45,True
1510,CLI01510,Srta. Antonella da Mata,PF - Varejo,Digital,PR,2022-09-07,26-35,True
1511,CLI01511,Enzo Ramos,PJ - Frota Pequena,Digital,RJ,2021-07-10,26-35,True
1512,CLI01512,Maria Vitória Moreira,PF - Varejo,CRM Ativo,RJ,2023-04-05,26-35,True
1513,CLI01513,Sr. Luigi Silva,PF - Varejo,Digital,SP,2021-01-21,26-35,True
1514,CLI01514,André Caldeira,PF - Premium,Recall,RJ,2021-02-10,36-45,True
1515,CLI01515,Esther Rios,PJ - Frota Grande,Digital,SP,2022-02-12,26-35,True
1516,CLI01516,Clara Sampaio,PF - Varejo,Showroom,SP,2021-06-22,46-55,True
1517,CLI01517,Rebeca Pinto,PF - Varejo,Digital,CE,2022-05-20,26-35,True
1518,CLI01518,Aurora Silva,PF - Premium,Indicação,BA,2022-07-13,18-25,True
1519,CLI01519,Jade Rezende,PJ - Frota Pequena,Indicação,DF,2023-05-16,26-35,True
1520,CLI01520,Anthony Peixoto,PJ - Frota Pequena,Digital,SC,2022-12-21,26-35,True
1521,CLI01521,Kaique Rocha,PF - Varejo,Digital,SP,2023-02-24,26-35,True
1522,CLI01522,Léo Pereira,PJ - Frota Grande,CRM Ativo,RJ,2021-01-24,56+,True
1523,CLI01523,Liam Leão,PF - Premium,Digital,BA,2021-07-26,36-45,True
1524,CLI01524,Samuel Carvalho,PJ - Frota Grande,Digital,RS,2023-06-28,18-25,True
1525,CLI01525,Melissa Monteiro,PF - Varejo,Indicação,ES,2023-03-03,46-55,True
1526,CLI01526,Stella Aparecida,PJ - Frota Pequena,Digital,RJ,2021-03-23,26-35,True
1527,CLI01527,Liz Pastor,PF - Varejo,Digital,CE,2021-03-12,36-45,True
1528,CLI01528,Ayla Viana,PF - Varejo,Indicação,SP,2022-12-29,36-45,True
1529,CLI01529,Dr. Mateus Caldeira,PJ - Frota Grande,Recall,GO,2023-01-16,36-45,True
1530,CLI01530,Alícia Rodrigues,PF - Varejo,Indicação,DF,2021-04-04,46-55,True
1531,CLI01531,Ágatha Campos,PF - Varejo,Digital,MG,2022-02-10,36-45,True
1532,CLI01532,Liz Pimenta,PJ - Frota Grande,Recall,PR,2021-12-10,18-25,True
1533,CLI01533,Esther Fernandes,PF - Varejo,Indicação,SP,2021-07-14,46-55,True
1534,CLI01534,Yan Andrade,PJ - Frota Pequena,Indicação,GO,2021-09-27,26-35,True
1535,CLI01535,Leandro Moreira,PF - Varejo,Indicação,RJ,2022-06-25,26-35,True
1536,CLI01536,Brayan da Costa,PF - Varejo,Digital,ES,2022-02-13,18-25,True
1537,CLI01537,Maitê Ribeiro,PF - Varejo,Indicação,RS,2022-09-29,18-25,True
1538,CLI01538,Maria Julia Vieira,PJ - Frota Pequena,Digital,MG,2023-02-23,36-45,True
1539,CLI01539,Sra. Maria Eduarda Ramos,PF - Varejo,Indicação,RJ,2021-10-22,36-45,True
1540,CLI01540,Dra. Larissa Câmara,PF - Varejo,Indicação,ES,2021-09-09,18-25,True
1541,CLI01541,Lavínia Moura,PJ - Frota Pequena,Showroom,RJ,2022-10-27,26-35,True
1542,CLI01542,Davi Lucas Souza,PF - Varejo,Showroom,RS,2023-05-05,46-55,True
1543,CLI01543,Ester Araújo,PJ - Frota Grande,Showroom,SP,2021-01-19,26-35,True
1544,CLI01544,Srta. Clarice Gonçalves,PJ - Frota Pequena,Indicação,SP,2023-04-11,46-55,True
1545,CLI01545,Bruno Fogaça,PF - Varejo,CRM Ativo,RS,2023-05-11,18-25,True
1546,CLI01546,Giovanna Nunes,PJ - Frota Grande,Digital,RJ,2021-07-18,36-45,True
1547,CLI01547,Sra. Luiza Novais,PF - Varejo,Digital,SP,2022-11-27,36-45,True
1548,CLI01548,Vinicius Fonseca,PF - Varejo,Showroom,GO,2021-10-23,26-35,True
1549,CLI01549,Allana Castro,PF - Varejo,Digital,SP,2023-06-29,46-55,True
1550,CLI01550,Dr. Emanuel Moreira,PJ - Frota Pequena,Indicação,RJ,2023-06-22,26-35,True
1551,CLI01551,Clara Casa Grande,PF - Premium,Indicação,ES,2022-02-01,46-55,True
1552,CLI01552,Aylla Moraes,PF - Varejo,Recall,SC,2021-11-22,36-45,True
1553,CLI01553,Beatriz Pacheco,PF - Varejo,Digital,DF,2022-06-26,36-45,True
1554,CLI01554,Raul Carvalho,PF - Premium,Fidelização,SC,2021-04-25,56+,True
1555,CLI01555,João Miguel da Cruz,PF - Varejo,Digital,BA,2022-08-16,46-55,True
1556,CLI01556,João Vitor Mendonça,PF - Premium,Indicação,CE,2022-10-17,46-55,True
1557,CLI01557,Theo Ramos,PF - Varejo,Digital,SP,2023-06-08,26-35,True
1558,CLI01558,Pietra Sampaio,PF - Varejo,Digital,PR,2023-01-27,36-45,True
1559,CLI01559,Antony da Costa,PF - Premium,Fidelização,SP,2022-11-02,26-35,True
1560,CLI01560,Sr. Joaquim Peixoto,PJ - Frota Pequena,Indicação,ES,2021-07-30,46-55,True
1561,CLI01561,Ana Clara Sá,PF - Premium,CRM Ativo,SP,2021-06-19,26-35,True
1562,CLI01562,Lunna da Cruz,PF - Premium,Digital,PE,2021-06-08,18-25,True
1563,CLI01563,Juliana Sousa,PF - Premium,Recall,RS,2022-12-12,26-35,True
1564,CLI01564,Otávio Araújo,PF - Varejo,Fidelização,SP,2022-02-28,46-55,True
1565,CLI01565,Marcelo Vargas,PF - Premium,Showroom,BA,2022-11-04,26-35,True
1566,CLI01566,Juliana Moreira,PF - Premium,Fidelização,MG,2021-07-12,56+,True
1567,CLI01567,Kamilly Souza,PF - Varejo,Indicação,RJ,2022-08-23,56+,True
1568,CLI01568,Benjamin Casa Grande,PF - Varejo,Fidelização,SC,2022-03-08,26-35,True
1569,CLI01569,Francisco Garcia,PF - Varejo,Showroom,RJ,2021-02-07,46-55,True
1570,CLI01570,Sr. Matteo da Mata,PF - Varejo,Digital,CE,2023-05-19,36-45,True
1571,CLI01571,Dr. Enzo Machado,PF - Varejo,Digital,RJ,2021-11-13,36-45,True
1572,CLI01572,Yan da Paz,PJ - Frota Pequena,Digital,MG,2021-08-24,36-45,True
1573,CLI01573,Sr. Gael Henrique Brito,PF - Varejo,Digital,PE,2021-11-17,46-55,True
1574,CLI01574,Antonella Marques,PF - Premium,Recall,SP,2021-02-08,36-45,True
1575,CLI01575,Srta. Bella Nascimento,PF - Premium,Digital,RJ,2022-12-09,18-25,True
1576,CLI01576,Vicente das Neves,PF - Varejo,CRM Ativo,RJ,2022-08-29,36-45,True
1577,CLI01577,Cecilia Vargas,PF - Varejo,Indicação,BA,2021-07-24,36-45,True
1578,CLI01578,Ana Luiza Fogaça,PF - Premium,Indicação,BA,2021-06-15,26-35,True
1579,CLI01579,Joaquim Ramos,PF - Varejo,Digital,RJ,2022-07-21,26-35,True
1580,CLI01580,Dra. Sara Nascimento,PF - Premium,Showroom,GO,2021-10-03,36-45,True
1581,CLI01581,Aylla Novaes,PF - Varejo,Digital,ES,2023-04-08,36-45,True
1582,CLI01582,Marina Pinto,PJ - Frota Pequena,Indicação,MG,2022-11-30,18-25,True
1583,CLI01583,André Moreira,PF - Premium,CRM Ativo,ES,2021-12-28,36-45,True
1584,CLI01584,Vinícius Freitas,PF - Varejo,CRM Ativo,RS,2023-02-14,18-25,True
1585,CLI01585,Sr. Diogo Câmara,PF - Varejo,Indicação,MG,2021-02-11,36-45,True
1586,CLI01586,Vitor Gabriel Correia,PF - Premium,Digital,SP,2021-05-20,36-45,True
1587,CLI01587,Aylla Araújo,PJ - Frota Pequena,Showroom,RJ,2022-10-13,56+,True
1588,CLI01588,Oliver Peixoto,PJ - Frota Grande,Indicação,SP,2023-04-16,46-55,True
1589,CLI01589,Kamilly Rios,PJ - Frota Pequena,CRM Ativo,SC,2022-08-11,36-45,True
1590,CLI01590,Heloisa Rocha,PF - Premium,Indicação,SP,2022-11-02,36-45,True
1591,CLI01591,Ísis Monteiro,PF - Premium,Recall,BA,2022-06-14,26-35,True
1592,CLI01592,Ravi Rocha,PF - Premium,Indicação,RJ,2023-03-24,46-55,True
1593,CLI01593,Dr. Enzo Gabriel Monteiro,PF - Premium,CRM Ativo,SP,2022-12-18,36-45,True
1594,CLI01594,Enrico Fernandes,PF - Varejo,Digital,DF,2022-06-10,46-55,True
1595,CLI01595,Alana Lopes,PJ - Frota Pequena,Indicação,DF,2023-04-10,18-25,True
1596,CLI01596,Antony da Mata,PJ - Frota Pequena,Digital,RJ,2021-11-15,36-45,True
1597,CLI01597,Henry Gabriel Teixeira,PJ - Frota Grande,Indicação,RJ,2023-05-16,46-55,True
1598,CLI01598,Olivia Pacheco,PF - Varejo,Indicação,MG,2021-03-30,36-45,True
1599,CLI01599,Ana Liz Albuquerque,PJ - Frota Grande,Showroom,MG,2022-08-01,56+,True
1600,CLI01600,Daniel Andrade,PF - Varejo,Indicação,SP,2022-02-11,36-45,True
1601,CLI01601,Dra. Maitê da Luz,PF - Varejo,CRM Ativo,CE,2022-11-26,26-35,True
1602,CLI01602,Sr. Marcos Vinicius Ribeiro,PF - Premium,Showroom,PE,2023-05-06,56+,True
1603,CLI01603,Kaique Marques,PF - Premium,Showroom,PR,2022-06-21,36-45,True
1604,CLI01604,Catarina Macedo,PF - Varejo,Indicação,MG,2021-11-04,26-35,True
1605,CLI01605,Liz da Rocha,PF - Varejo,Showroom,SP,2022-07-26,36-45,True
1606,CLI01606,Vitor Gabriel Caldeira,PF - Premium,CRM Ativo,MG,2021-10-28,18-25,True
1607,CLI01607,Bento Santos,PF - Premium,Fidelização,ES,2021-06-22,36-45,True
1608,CLI01608,Valentim Mendonça,PF - Varejo,Fidelização,SP,2021-01-19,36-45,True
1609,CLI01609,Vitor Gabriel Guerra,PF - Varejo,Indicação,RJ,2022-08-09,26-35,True
1610,CLI01610,Caroline Nogueira,PF - Premium,CRM Ativo,SP,2021-10-03,46-55,True
1611,CLI01611,Gustavo Henrique Vargas,PF - Varejo,Digital,SP,2021-08-16,56+,True
1612,CLI01612,Mateus Casa Grande,PJ - Frota Pequena,Showroom,GO,2021-04-01,36-45,True
1613,CLI01613,Arthur Gabriel Siqueira,PJ - Frota Grande,Showroom,PE,2021-10-29,36-45,True
1614,CLI01614,Gustavo Costa,PF - Varejo,Digital,SP,2022-02-20,36-45,True
1615,CLI01615,Erick Melo,PF - Varejo,Recall,SP,2023-02-22,26-35,True
1616,CLI01616,Bella Sousa,PF - Varejo,CRM Ativo,RJ,2022-06-25,36-45,True
1617,CLI01617,Isabelly Silveira,PJ - Frota Pequena,Recall,RJ,2021-03-02,36-45,True
1618,CLI01618,Calebe Pereira,PF - Varejo,CRM Ativo,SP,2022-06-14,26-35,True
1619,CLI01619,Davi Miguel Mendes,PF - Varejo,Indicação,CE,2021-01-01,26-35,True
1620,CLI01620,Pedro Henrique Moraes,PF - Varejo,Digital,SP,2021-09-11,18-25,True
1621,CLI01621,Elisa Pinto,PJ - Frota Pequena,Showroom,SC,2022-05-30,46-55,True
1622,CLI01622,Apollo Duarte,PF - Premium,Indicação,CE,2021-03-03,46-55,True
1623,CLI01623,Sr. Pedro Henrique Aparecida,PJ - Frota Pequena,Digital,SP,2022-01-25,46-55,True
1624,CLI01624,Clara Azevedo,PJ - Frota Pequena,CRM Ativo,SP,2023-04-09,26-35,True
1625,CLI01625,Ayla Pereira,PF - Varejo,Showroom,SP,2022-12-20,18-25,True
1626,CLI01626,Thiago Pacheco,PJ - Frota Grande,Indicação,GO,2023-03-28,26-35,True
1627,CLI01627,Anthony Aragão,PJ - Frota Pequena,Recall,SC,2022-02-18,56+,True
1628,CLI01628,Cecília Santos,PF - Varejo,Indicação,SP,2022-07-04,36-45,True
1629,CLI01629,Giovanna Moura,PJ - Frota Pequena,Digital,PR,2023-01-01,26-35,True
1630,CLI01630,Gabriel Pastor,PJ - Frota Pequena,CRM Ativo,SP,2021-12-18,36-45,True
1631,CLI01631,Sra. Catarina Pereira,PF - Varejo,Recall,MG,2021-03-21,26-35,True
1632,CLI01632,Emilly Guerra,PF - Varejo,Digital,MG,2022-12-02,36-45,True
1633,CLI01633,Lucca Martins,PF - Varejo,Showroom,BA,2021-02-28,26-35,True
1634,CLI01634,João Costa,PF - Varejo,Showroom,PE,2021-09-05,26-35,True
1635,CLI01635,Srta. Emanuella da Rocha,PF - Varejo,Indicação,PR,2021-11-27,26-35,True
1636,CLI01636,Lavínia Gonçalves,PF - Varejo,Showroom,PR,2021-11-27,36-45,True
1637,CLI01637,Murilo Monteiro,PF - Varejo,Recall,SP,2021-07-23,18-25,True
1638,CLI01638,Sra. Daniela Ramos,PJ - Frota Pequena,Indicação,BA,2023-06-04,56+,True
1639,CLI01639,Eloá Ferreira,PF - Varejo,Digital,PR,2021-12-29,56+,True
1640,CLI01640,Alexia Aragão,PJ - Frota Grande,Showroom,SP,2021-10-05,36-45,True
1641,CLI01641,Bella Mendes,PF - Varejo,Digital,SP,2022-08-15,26-35,True
1642,CLI01642,João Felipe Vieira,PJ - Frota Pequena,Digital,RJ,2021-01-18,36-45,True
1643,CLI01643,Dr. Luiz Gustavo Correia,PJ - Frota Pequena,Showroom,SP,2023-01-19,26-35,True
1644,CLI01644,Davi da Rosa,PF - Varejo,CRM Ativo,PR,2022-07-15,36-45,True
1645,CLI01645,Henrique Martins,PF - Premium,Digital,GO,2023-01-25,36-45,True
1646,CLI01646,Aurora Garcia,PF - Varejo,Indicação,MG,2022-09-29,56+,True
1647,CLI01647,Maria Sophia Cunha,PF - Varejo,Fidelização,CE,2021-02-12,26-35,True
1648,CLI01648,Arthur Gabriel da Luz,PF - Varejo,Indicação,BA,2021-07-09,26-35,True
1649,CLI01649,Maria Júlia Mendes,PF - Varejo,Digital,BA,2021-11-01,26-35,True
1650,CLI01650,Srta. Camila Carvalho,PF - Varejo,Digital,PR,2022-11-15,46-55,True
1651,CLI01651,Dr. Samuel Costa,PF - Varejo,Fidelização,BA,2023-04-29,36-45,True
1652,CLI01652,Dr. Cauê Oliveira,PF - Premium,Digital,SP,2021-07-24,36-45,True
1653,CLI01653,Apollo Pastor,PF - Premium,Recall,RJ,2021-03-19,56+,True
1654,CLI01654,Ísis Rios,PF - Premium,Indicação,MG,2021-11-27,46-55,True
1655,CLI01655,Nathan da Cunha,PJ - Frota Pequena,Digital,SC,2022-12-15,26-35,True
1656,CLI01656,Vitor Hugo das Neves,PF - Varejo,Fidelização,SC,2021-07-17,46-55,True
1657,CLI01657,Maria Alice Melo,PJ - Frota Pequena,Indicação,DF,2022-03-04,26-35,True
1658,CLI01658,Gabrielly Dias,PF - Varejo,Indicação,RJ,2022-08-17,26-35,True
1659,CLI01659,Paulo Rezende,PF - Varejo,Indicação,RJ,2023-03-06,36-45,True
1660,CLI01660,Ágatha Gonçalves,PF - Varejo,Digital,BA,2023-03-21,56+,True
1661,CLI01661,Maria Vitória Leão,PJ - Frota Pequena,Digital,BA,2022-12-25,26-35,True
1662,CLI01662,Gabriel Barbosa,PF - Varejo,Digital,GO,2023-01-02,26-35,True
1663,CLI01663,Dra. Marcela Gomes,PF - Varejo,Indicação,DF,2022-11-30,36-45,True
1664,CLI01664,José Pedro Moraes,PF - Varejo,Recall,MG,2021-07-28,36-45,True
1665,CLI01665,Maria Flor Dias,PF - Varejo,Fidelização,RJ,2021-11-06,46-55,True
1666,CLI01666,Brenda da Paz,PF - Varejo,Digital,RJ,2023-01-12,36-45,True
1667,CLI01667,Ana Lívia Castro,PF - Varejo,Showroom,SP,2021-07-22,36-45,True
1668,CLI01668,Maria Vitória Camargo,PJ - Frota Pequena,Recall,BA,2023-06-22,36-45,True
1669,CLI01669,Dr. Theodoro Nascimento,PF - Varejo,Fidelização,RJ,2021-07-05,36-45,True
1670,CLI01670,Sophia Albuquerque,PJ - Frota Pequena,Digital,RJ,2022-09-10,36-45,True
1671,CLI01671,Beatriz da Cruz,PJ - Frota Pequena,CRM Ativo,PR,2022-04-09,36-45,True
1672,CLI01672,Gabriel Peixoto,PJ - Frota Grande,Indicação,SP,2022-11-01,46-55,True
1673,CLI01673,Luna Carvalho,PJ - Frota Pequena,Fidelização,RJ,2021-08-11,18-25,True
1674,CLI01674,Melina da Mota,PF - Varejo,Indicação,RJ,2021-11-12,46-55,True
1675,CLI01675,Bruno Azevedo,PF - Varejo,Fidelização,MG,2022-11-01,36-45,True
1676,CLI01676,Thomas Alves,PF - Varejo,Digital,SP,2022-11-28,56+,True
1677,CLI01677,Marcos Vinicius da Mata,PJ - Frota Pequena,Digital,SP,2021-12-31,56+,True
1678,CLI01678,Dr. Bruno Machado,PF - Varejo,Indicação,PR,2022-05-01,56+,True
1679,CLI01679,Eloah Fogaça,PF - Varejo,Indicação,PE,2023-04-25,26-35,True
1680,CLI01680,Sofia Campos,PF - Varejo,Recall,DF,2023-04-19,36-45,True
1681,CLI01681,Srta. Eduarda Pinto,PJ - Frota Grande,Showroom,SP,2023-05-13,56+,True
1682,CLI01682,Dra. Maria Monteiro,PF - Varejo,Digital,PR,2022-09-08,26-35,True
1683,CLI01683,Helena Moraes,PF - Varejo,Indicação,MG,2022-01-13,46-55,True
1684,CLI01684,Dr. Murilo Pires,PF - Premium,CRM Ativo,RJ,2021-02-01,26-35,True
1685,CLI01685,Rafaela Carvalho,PF - Varejo,Indicação,RJ,2021-05-24,46-55,True
1686,CLI01686,Igor Aparecida,PJ - Frota Grande,CRM Ativo,SP,2022-03-18,56+,True
1687,CLI01687,Maria Fernanda Silveira,PF - Varejo,Indicação,DF,2023-04-24,36-45,True
1688,CLI01688,Maria Helena Nunes,PF - Varejo,Digital,RJ,2022-11-23,46-55,True
1689,CLI01689,Bruna Duarte,PF - Varejo,CRM Ativo,SP,2022-09-29,26-35,True
1690,CLI01690,Letícia Moura,PF - Varejo,Digital,RJ,2023-02-06,46-55,True
1691,CLI01691,Hellena da Mata,PJ - Frota Pequena,CRM Ativo,GO,2022-06-08,46-55,True
1692,CLI01692,Raquel Moraes,PF - Premium,Fidelização,RJ,2021-03-13,36-45,True
1693,CLI01693,Ana Laura Freitas,PF - Varejo,Digital,RJ,2023-03-04,56+,True
1694,CLI01694,Isabela Mendonça,PF - Varejo,Indicação,MG,2023-04-13,18-25,True
1695,CLI01695,André Dias,PF - Varejo,Indicação,MG,2022-09-30,36-45,True
1696,CLI01696,Dr. Theo Jesus,PJ - Frota Pequena,Showroom,MG,2021-12-19,26-35,True
1697,CLI01697,Sr. Kevin Cassiano,PF - Varejo,Showroom,SP,2023-04-27,18-25,True
1698,CLI01698,Stella Mendonça,PJ - Frota Pequena,Digital,SP,2022-06-01,26-35,True
1699,CLI01699,Otávio Mendonça,PJ - Frota Grande,Fidelização,BA,2022-05-13,36-45,True
1700,CLI01700,Eduarda Gomes,PF - Premium,CRM Ativo,ES,2021-03-25,26-35,True
1701,CLI01701,Benjamin da Conceição,PJ - Frota Pequena,Indicação,SP,2021-07-01,36-45,True
1702,CLI01702,Noah Azevedo,PF - Varejo,CRM Ativo,SP,2022-07-01,36-45,True
1703,CLI01703,Maria Luiza Pacheco,PJ - Frota Grande,Fidelização,SP,2022-05-17,26-35,True
1704,CLI01704,Vitor Sá,PF - Premium,Indicação,ES,2021-04-21,56+,True
1705,CLI01705,Gael Correia,PF - Varejo,Indicação,SP,2021-08-08,56+,True
1706,CLI01706,Isabel Lopes,PF - Varejo,Digital,MG,2022-02-21,36-45,True
1707,CLI01707,Davi Lucas Camargo,PF - Varejo,Indicação,PE,2023-04-30,56+,True
1708,CLI01708,Luigi Campos,PJ - Frota Pequena,Indicação,RJ,2022-01-26,36-45,True
1709,CLI01709,Henrique Cavalcante,PF - Varejo,Fidelização,RS,2022-07-27,18-25,True
1710,CLI01710,Luna Barbosa,PJ - Frota Grande,CRM Ativo,SP,2022-12-26,36-45,True
1711,CLI01711,Nicole Macedo,PF - Varejo,Digital,SP,2022-12-09,36-45,True
1712,CLI01712,Henry Gabriel Oliveira,PJ - Frota Grande,Digital,SP,2021-03-11,36-45,True
1713,CLI01713,Yuri Rocha,PF - Varejo,Fidelização,MG,2022-05-02,26-35,True
1714,CLI01714,Ravi Moraes,PF - Varejo,Showroom,SP,2021-07-23,46-55,True
1715,CLI01715,Valentim Moraes,PF - Varejo,Digital,MG,2023-01-27,56+,True
1716,CLI01716,Marcos Vinicius Sampaio,PJ - Frota Grande,Indicação,RJ,2022-03-29,26-35,True
1717,CLI01717,Vitória Rocha,PF - Premium,Digital,SC,2021-12-31,56+,True
1718,CLI01718,Olivia Pinto,PF - Varejo,Digital,SC,2021-06-17,46-55,True
1719,CLI01719,João Miguel Cassiano,PF - Varejo,Digital,MG,2023-04-14,26-35,True
1720,CLI01720,Maria Flor Marques,PF - Varejo,Indicação,RS,2022-03-04,26-35,True
1721,CLI01721,Maria Julia Pimenta,PF - Varejo,Indicação,GO,2021-01-04,46-55,True
1722,CLI01722,Sr. Dom Nogueira,PF - Varejo,Digital,ES,2022-09-08,26-35,True
1723,CLI01723,Mariah Vargas,PF - Varejo,Digital,SP,2023-02-11,26-35,True
1724,CLI01724,Isabelly Cirino,PJ - Frota Grande,Recall,RJ,2023-06-21,56+,True
1725,CLI01725,Sra. Agatha Casa Grande,PF - Varejo,Indicação,PR,2021-02-24,36-45,True
1726,CLI01726,José Pedro Campos,PF - Varejo,Digital,RS,2023-04-29,46-55,True
1727,CLI01727,Giovanna Moreira,PF - Premium,Digital,SP,2021-06-04,36-45,True
1728,CLI01728,Joaquim Novaes,PF - Varejo,CRM Ativo,MG,2021-07-12,26-35,True
1729,CLI01729,Guilherme Silveira,PJ - Frota Pequena,Digital,RJ,2023-03-04,46-55,True
1730,CLI01730,Maria Laura Lopes,PJ - Frota Pequena,Showroom,SP,2023-02-10,36-45,True
1731,CLI01731,Zoe Costa,PJ - Frota Pequena,Indicação,SP,2023-03-24,56+,True
1732,CLI01732,Ana Leão,PF - Varejo,Showroom,MG,2022-10-02,36-45,True
1733,CLI01733,Beatriz Souza,PF - Varejo,Fidelização,RJ,2022-04-29,36-45,True
1734,CLI01734,Dr. Joaquim da Paz,PF - Premium,Showroom,PE,2021-12-18,36-45,True
1735,CLI01735,Rodrigo Cirino,PF - Varejo,CRM Ativo,RS,2021-08-08,26-35,True
1736,CLI01736,Marcelo Albuquerque,PF - Varejo,Fidelização,RJ,2022-10-15,36-45,True
1737,CLI01737,Luiz Henrique Cassiano,PF - Varejo,Indicação,PR,2021-08-06,18-25,True
1738,CLI01738,Ana Moraes,PF - Varejo,Digital,MG,2023-05-13,46-55,True
1739,CLI01739,Bryan Rezende,PJ - Frota Pequena,Showroom,SP,2021-08-08,26-35,True
1740,CLI01740,Ana Liz Almeida,PF - Premium,CRM Ativo,GO,2021-11-10,46-55,True
1741,CLI01741,Sra. Luara Costa,PF - Varejo,Digital,MG,2022-09-07,26-35,True
1742,CLI01742,Diogo Borges,PF - Varejo,CRM Ativo,SP,2021-10-14,26-35,True
1743,CLI01743,Agatha Duarte,PF - Varejo,CRM Ativo,PR,2023-03-02,36-45,True
1744,CLI01744,Calebe Mendes,PJ - Frota Grande,Digital,RS,2022-11-03,18-25,True
1745,CLI01745,Luana Fonseca,PF - Varejo,Fidelização,CE,2023-01-06,26-35,True
1746,CLI01746,Carolina Pacheco,PF - Varejo,Digital,SP,2023-06-16,26-35,True
1747,CLI01747,Dra. Juliana Almeida,PF - Varejo,Digital,GO,2022-11-16,26-35,True
1748,CLI01748,Emanuelly Sampaio,PF - Varejo,Digital,DF,2022-08-09,26-35,True
1749,CLI01749,Maysa Garcia,PF - Varejo,Digital,BA,2023-06-01,36-45,True
1750,CLI01750,Pietro Duarte,PJ - Frota Pequena,CRM Ativo,CE,2023-02-15,36-45,True
1751,CLI01751,Dra. Valentina Alves,PF - Varejo,Indicação,ES,2022-02-20,36-45,True
1752,CLI01752,Bruno Rezende,PF - Varejo,Showroom,RJ,2023-06-17,36-45,True
1753,CLI01753,Ester Casa Grande,PF - Premium,Digital,GO,2021-07-23,26-35,True
1754,CLI01754,Valentina Almeida,PF - Varejo,Digital,RS,2022-07-02,46-55,True
1755,CLI01755,Agatha Araújo,PF - Varejo,Recall,SP,2021-04-07,56+,True
1756,CLI01756,Emanuelly Albuquerque,PF - Varejo,Showroom,SP,2021-02-18,26-35,True
1757,CLI01757,Bella Barbosa,PF - Varejo,Fidelização,MG,2022-07-02,56+,True
1758,CLI01758,Dra. Giovanna Souza,PF - Varejo,Digital,SP,2022-07-18,46-55,True
1759,CLI01759,Aylla Pastor,PF - Varejo,Fidelização,SC,2022-05-13,56+,True
1760,CLI01760,Gael Henrique da Paz,PF - Premium,Showroom,CE,2022-08-20,26-35,True
1761,CLI01761,Mariah Monteiro,PF - Premium,Indicação,MG,2022-09-17,26-35,True
1762,CLI01762,Guilherme Sá,PF - Varejo,Digital,MG,2022-08-19,36-45,True
1763,CLI01763,Joana Correia,PF - Varejo,Digital,SP,2022-08-29,36-45,True
1764,CLI01764,Sr. Antony Melo,PF - Premium,Recall,BA,2022-07-10,26-35,True
1765,CLI01765,João Lucas Rodrigues,PJ - Frota Pequena,Digital,MG,2022-12-27,36-45,True
1766,CLI01766,André da Conceição,PF - Varejo,Showroom,PR,2021-08-21,26-35,True
1767,CLI01767,Srta. Maria Julia Rezende,PF - Varejo,Indicação,PE,2022-05-12,46-55,True
1768,CLI01768,Dr. Davi Lucca Brito,PF - Varejo,Digital,PR,2022-10-03,46-55,True
1769,CLI01769,Enzo Gabriel Rocha,PF - Varejo,Indicação,SC,2022-05-04,18-25,True
1770,CLI01770,Dom Câmara,PF - Varejo,CRM Ativo,PR,2022-12-19,26-35,True
1771,CLI01771,Isabela Rodrigues,PF - Varejo,Indicação,SP,2021-06-08,56+,True
1772,CLI01772,Maria Sophia Barbosa,PF - Varejo,Showroom,SC,2022-11-06,36-45,True
1773,CLI01773,Sr. Danilo Araújo,PF - Varejo,Digital,SC,2023-03-16,46-55,True
1774,CLI01774,Daniela Guerra,PF - Varejo,Showroom,PR,2022-07-07,56+,True
1775,CLI01775,Gael Henrique Gomes,PF - Varejo,Digital,DF,2022-09-02,36-45,True
1776,CLI01776,Isadora Câmara,PF - Varejo,Indicação,SP,2021-07-22,26-35,True
1777,CLI01777,Pedro Henrique Casa Grande,PJ - Frota Grande,Digital,MG,2022-01-02,36-45,True
1778,CLI01778,Alice Ribeiro,PF - Varejo,Digital,BA,2022-02-24,46-55,True
1779,CLI01779,Marcos Vinicius Sampaio,PF - Premium,Showroom,SP,2021-11-23,56+,True
1780,CLI01780,Emanuella Borges,PF - Varejo,Showroom,SP,2022-10-06,56+,True
1781,CLI01781,Kevin Monteiro,PJ - Frota Pequena,Showroom,SP,2021-08-30,36-45,True
1782,CLI01782,Carlos Eduardo Mendes,PF - Premium,Showroom,SP,2022-06-22,56+,True
1783,CLI01783,Clarice Ribeiro,PJ - Frota Pequena,Digital,GO,2023-01-28,36-45,True
1784,CLI01784,Luigi Fogaça,PF - Varejo,Digital,PR,2023-01-05,46-55,True
1785,CLI01785,Gabrielly da Luz,PF - Varejo,Recall,BA,2023-05-01,46-55,True
1786,CLI01786,Bruna Fogaça,PF - Varejo,Fidelização,MG,2022-03-26,26-35,True
1787,CLI01787,Anna Liz Almeida,PF - Varejo,Digital,SC,2023-05-12,26-35,True
1788,CLI01788,Isabela Andrade,PJ - Frota Pequena,Indicação,MG,2022-03-03,56+,True
1789,CLI01789,Sra. Giovanna Azevedo,PJ - Frota Pequena,Indicação,MG,2021-07-11,26-35,True
1790,CLI01790,Gael Henrique Farias,PF - Varejo,Showroom,CE,2021-06-11,26-35,True
1791,CLI01791,Enzo Cassiano,PJ - Frota Grande,Recall,RJ,2021-05-14,36-45,True
1792,CLI01792,Juliana Albuquerque,PF - Premium,Recall,MG,2021-05-20,36-45,True
1793,CLI01793,Camila Sousa,PF - Varejo,Fidelização,PR,2023-02-24,26-35,True
1794,CLI01794,Leonardo Guerra,PJ - Frota Pequena,CRM Ativo,PE,2023-01-15,26-35,True
1795,CLI01795,Sra. Elisa Ferreira,PF - Varejo,Digital,SP,2021-06-05,56+,True
1796,CLI01796,Asafe Pires,PF - Varejo,Digital,RJ,2022-07-05,36-45,True
1797,CLI01797,Dra. Sara Silva,PJ - Frota Pequena,Digital,SP,2021-05-30,26-35,True
1798,CLI01798,Carlos Eduardo Mendes,PF - Premium,Indicação,PR,2021-05-24,36-45,True
1799,CLI01799,Juan Gonçalves,PJ - Frota Pequena,CRM Ativo,SC,2021-05-02,56+,True
1800,CLI01800,Kevin Sá,PF - Varejo,Indicação,RJ,2022-11-13,56+,True
1801,CLI01801,Cauê Marques,PJ - Frota Grande,Fidelização,SP,2023-05-26,56+,True
1802,CLI01802,Liam Caldeira,PF - Varejo,Indicação,MG,2022-12-13,18-25,True
1803,CLI01803,João Guilherme da Costa,PF - Premium,Digital,MG,2022-09-03,36-45,True
1804,CLI01804,Antônio Rodrigues,PJ - Frota Pequena,Showroom,MG,2022-07-16,46-55,True
1805,CLI01805,Benicio Macedo,PJ - Frota Grande,Indicação,MG,2021-06-25,26-35,True
1806,CLI01806,Isabela da Conceição,PF - Varejo,Showroom,DF,2021-08-24,26-35,True
1807,CLI01807,Maria Liz Novaes,PJ - Frota Pequena,Fidelização,SC,2023-05-27,26-35,True
1808,CLI01808,Dr. Théo Pimenta,PJ - Frota Grande,Digital,PR,2022-01-12,18-25,True
1809,CLI01809,Augusto Camargo,PF - Varejo,Showroom,MG,2023-06-22,26-35,True
1810,CLI01810,João Caldeira,PF - Varejo,Showroom,SP,2023-06-04,46-55,True
1811,CLI01811,Marcelo Silveira,PF - Varejo,Indicação,RJ,2022-05-29,36-45,True
1812,CLI01812,Luna das Neves,PF - Varejo,Digital,ES,2022-01-03,36-45,True
1813,CLI01813,Maria Cecília Nogueira,PF - Varejo,Digital,DF,2023-01-13,26-35,True
1814,CLI01814,Sr. Ravi Rocha,PF - Varejo,Showroom,PR,2023-01-17,36-45,True
1815,CLI01815,Maria Alice Moraes,PF - Varejo,Indicação,RS,2021-11-12,26-35,True
1816,CLI01816,Maria Luiza Sampaio,PF - Premium,Digital,RJ,2021-05-22,56+,True
1817,CLI01817,Dra. Maria Laura Santos,PJ - Frota Pequena,Showroom,SP,2021-12-28,26-35,True
1818,CLI01818,Sr. Luiz Otávio Cirino,PF - Varejo,Indicação,ES,2022-04-26,26-35,True
1819,CLI01819,Maria Freitas,PF - Varejo,Digital,RS,2023-01-01,26-35,True
1820,CLI01820,Matteo da Mota,PF - Varejo,Digital,SC,2021-03-07,18-25,True
1821,CLI01821,Mirella Azevedo,PJ - Frota Grande,Fidelização,RJ,2023-03-10,46-55,True
1822,CLI01822,Isabella Gomes,PF - Varejo,CRM Ativo,MG,2021-04-29,26-35,True
1823,CLI01823,Benjamin Camargo,PF - Varejo,Indicação,ES,2021-06-09,18-25,True
1824,CLI01824,Nicolas Peixoto,PF - Premium,Digital,PE,2023-02-09,26-35,True
1825,CLI01825,Luigi Nogueira,PF - Premium,Digital,BA,2022-04-16,18-25,True
1826,CLI01826,Julia Rios,PF - Varejo,Indicação,BA,2022-02-27,26-35,True
1827,CLI01827,Isabelly Aparecida,PF - Premium,Indicação,DF,2022-05-10,56+,True
1828,CLI01828,Sra. Maria Luiza Pimenta,PF - Premium,Digital,SP,2022-03-10,18-25,True
1829,CLI01829,Dr. Marcos Vinicius Pacheco,PF - Varejo,Showroom,MG,2022-01-02,56+,True
1830,CLI01830,Leonardo Abreu,PF - Varejo,Showroom,MG,2021-01-31,36-45,True
1831,CLI01831,Nathan Viana,PF - Varejo,Digital,MG,2021-03-04,46-55,True
1832,CLI01832,Isadora Mendes,PJ - Frota Grande,Digital,SP,2022-04-02,36-45,True
1833,CLI01833,Davi Miguel da Cunha,PF - Premium,Indicação,CE,2022-12-13,56+,True
1834,CLI01834,Nicolas Cardoso,PJ - Frota Grande,Indicação,DF,2023-01-03,46-55,True
1835,CLI01835,Ana Laura Sales,PF - Varejo,Digital,DF,2023-02-27,36-45,True
1836,CLI01836,Camila Rios,PF - Varejo,Digital,PR,2021-04-02,26-35,True
1837,CLI01837,Diego Fogaça,PJ - Frota Grande,Showroom,RS,2023-03-03,18-25,True
1838,CLI01838,Luiz Felipe Macedo,PF - Premium,Indicação,SP,2023-06-05,36-45,True
1839,CLI01839,Emanuel Novais,PF - Varejo,Recall,SP,2022-06-26,36-45,True
1840,CLI01840,Davi Lucca Caldeira,PF - Varejo,CRM Ativo,PR,2022-08-14,46-55,True
1841,CLI01841,Zoe Silveira,PF - Varejo,Indicação,ES,2021-03-11,26-35,True
1842,CLI01842,Esther Montenegro,PF - Varejo,Recall,SP,2021-04-07,46-55,True
1843,CLI01843,Dr. Theo Viana,PF - Premium,Digital,SP,2021-11-05,26-35,True
1844,CLI01844,Joana Rocha,PJ - Frota Pequena,Showroom,SP,2022-01-22,18-25,True
1845,CLI01845,Anthony Sá,PF - Premium,Recall,RJ,2022-06-27,26-35,True
1846,CLI01846,Esther Casa Grande,PF - Varejo,Showroom,ES,2023-02-23,26-35,True
1847,CLI01847,Maitê Abreu,PF - Premium,Digital,MG,2023-04-03,26-35,True
1848,CLI01848,Clarice Rezende,PJ - Frota Pequena,Digital,PR,2023-02-10,26-35,True
1849,CLI01849,Luísa Dias,PF - Varejo,Indicação,BA,2021-08-14,26-35,True
1850,CLI01850,Stella Albuquerque,PF - Premium,Digital,RJ,2023-03-31,36-45,True
1851,CLI01851,Gustavo Henrique Cassiano,PF - Varejo,Indicação,RJ,2023-04-28,36-45,True
1852,CLI01852,Mathias Rios,PF - Premium,Digital,MG,2021-07-14,26-35,True
1853,CLI01853,Brenda Rezende,PF - Varejo,Indicação,SC,2022-07-29,26-35,True
1854,CLI01854,Melissa Oliveira,PF - Varejo,Digital,SP,2021-06-12,36-45,True
1855,CLI01855,Eduarda Santos,PF - Varejo,Indicação,RS,2022-02-07,26-35,True
1856,CLI01856,Sra. Juliana Porto,PJ - Frota Pequena,Recall,SP,2022-05-01,36-45,True
1857,CLI01857,Maysa Peixoto,PF - Varejo,Digital,MG,2023-02-27,26-35,True
1858,CLI01858,Maria Liz da Mata,PF - Premium,Fidelização,ES,2022-09-17,36-45,True
1859,CLI01859,Allana das Neves,PF - Varejo,Indicação,SP,2021-04-06,36-45,True
1860,CLI01860,João Guilherme Pereira,PF - Varejo,Fidelização,RJ,2022-08-11,26-35,True
1861,CLI01861,Joaquim Pacheco,PF - Varejo,Fidelização,RS,2021-09-25,36-45,True
1862,CLI01862,João Guilherme Moraes,PF - Varejo,Fidelização,SP,2021-01-22,46-55,True
1863,CLI01863,Isabella Lima,PF - Premium,Digital,MG,2022-02-22,36-45,True
1864,CLI01864,Luana Sampaio,PF - Varejo,Fidelização,MG,2021-06-08,26-35,True
1865,CLI01865,Srta. Mariah Cavalcante,PF - Varejo,Digital,MG,2022-11-19,36-45,True
1866,CLI01866,Eduardo Carvalho,PF - Premium,Digital,ES,2022-09-24,36-45,True
1867,CLI01867,Ayla Siqueira,PJ - Frota Pequena,Indicação,RJ,2021-10-07,26-35,True
1868,CLI01868,Dra. Sophie Pacheco,PF - Premium,Fidelização,SP,2022-07-07,18-25,True
1869,CLI01869,Vitor da Mata,PJ - Frota Pequena,Indicação,RS,2022-02-09,36-45,True
1870,CLI01870,Ravi Vieira,PJ - Frota Pequena,Indicação,SP,2021-09-21,36-45,True
1871,CLI01871,Sophia Borges,PJ - Frota Grande,Digital,RJ,2022-11-23,36-45,True
1872,CLI01872,Camila Pimenta,PJ - Frota Grande,Fidelização,ES,2022-02-14,18-25,True
1873,CLI01873,Antony Souza,PF - Varejo,Recall,GO,2023-03-18,26-35,True
1874,CLI01874,Emanuella Machado,PF - Varejo,Showroom,SP,2021-11-24,26-35,True
1875,CLI01875,Lívia Lima,PF - Premium,Recall,BA,2023-06-21,26-35,True
1876,CLI01876,João Pedro Mendonça,PF - Premium,Recall,PR,2023-06-24,36-45,True
1877,CLI01877,Josué Pinto,PF - Varejo,Indicação,SP,2022-12-12,26-35,True
1878,CLI01878,Arthur Gabriel Caldeira,PF - Premium,Fidelização,BA,2022-01-24,46-55,True
1879,CLI01879,Milena Nunes,PF - Varejo,Digital,RJ,2021-02-06,26-35,True
1880,CLI01880,Manuella da Conceição,PF - Varejo,Recall,ES,2023-02-28,26-35,True
1881,CLI01881,Alexandre Barbosa,PF - Varejo,Showroom,SP,2022-01-24,46-55,True
1882,CLI01882,Vicente Porto,PJ - Frota Pequena,CRM Ativo,RJ,2021-04-15,36-45,True
1883,CLI01883,Dr. Francisco Duarte,PF - Varejo,Recall,MG,2021-08-26,26-35,True
1884,CLI01884,Antonella da Conceição,PF - Premium,Digital,GO,2022-11-06,46-55,True
1885,CLI01885,Agatha Montenegro,PF - Premium,Indicação,BA,2021-09-03,36-45,True
1886,CLI01886,Luiz Otávio Cavalcante,PJ - Frota Pequena,Fidelização,SP,2022-07-30,46-55,True
1887,CLI01887,Ágatha Sousa,PF - Varejo,Digital,PR,2021-04-24,26-35,True
1888,CLI01888,Ravy Azevedo,PJ - Frota Pequena,Indicação,SP,2023-02-06,36-45,True
1889,CLI01889,Yasmin Caldeira,PJ - Frota Pequena,Fidelização,BA,2022-12-25,36-45,True
1890,CLI01890,Josué Brito,PF - Varejo,Indicação,SP,2022-10-12,36-45,True
1891,CLI01891,Dra. Isabel Andrade,PF - Premium,Digital,BA,2023-03-16,36-45,True
1892,CLI01892,Isabelly Andrade,PF - Varejo,Indicação,GO,2023-03-13,46-55,True
1893,CLI01893,Sabrina Vasconcelos,PJ - Frota Pequena,Indicação,ES,2022-06-15,26-35,True
1894,CLI01894,Laura Freitas,PF - Varejo,CRM Ativo,RJ,2022-10-05,36-45,True
1895,CLI01895,Emanuelly Santos,PF - Varejo,Recall,SC,2023-06-24,26-35,True
1896,CLI01896,Bento Peixoto,PF - Premium,Indicação,RS,2022-09-19,26-35,True
1897,CLI01897,Bruna da Cunha,PF - Varejo,Digital,SP,2021-09-14,56+,True
1898,CLI01898,Eloá Sá,PF - Varejo,Indicação,MG,2022-05-01,26-35,True
1899,CLI01899,Sr. Luiz Fernando Teixeira,PJ - Frota Pequena,CRM Ativo,MG,2022-04-25,46-55,True
1900,CLI01900,Luna Alves,PF - Premium,Indicação,BA,2022-10-06,36-45,True
1901,CLI01901,Vitor Hugo Andrade,PF - Premium,Fidelização,MG,2021-10-22,56+,True
1902,CLI01902,Srta. Isabel Freitas,PJ - Frota Pequena,Digital,PR,2022-06-13,26-35,True
1903,CLI01903,Dr. Benjamin Marques,PJ - Frota Grande,Showroom,SP,2023-05-28,26-35,True
1904,CLI01904,Bella Leão,PF - Premium,Indicação,SP,2023-05-18,36-45,True
1905,CLI01905,José Miguel Rezende,PF - Varejo,Digital,SP,2022-10-07,26-35,True
1906,CLI01906,Theo da Cruz,PF - Premium,Digital,SP,2022-09-14,26-35,True
1907,CLI01907,Maria Alice Sampaio,PF - Premium,Indicação,SP,2023-04-21,18-25,True
1908,CLI01908,Murilo Leão,PJ - Frota Pequena,Showroom,CE,2023-03-25,46-55,True
1909,CLI01909,Catarina Rios,PF - Premium,Digital,RS,2022-05-30,18-25,True
1910,CLI01910,Thiago Nascimento,PF - Premium,Showroom,MG,2022-07-25,26-35,True
1911,CLI01911,Raul Abreu,PF - Varejo,Recall,BA,2022-07-20,46-55,True
1912,CLI01912,Maria Sophia Pacheco,PF - Varejo,Showroom,PR,2021-05-16,56+,True
1913,CLI01913,Bryan Fogaça,PF - Premium,Digital,PR,2021-11-28,46-55,True
1914,CLI01914,Lorena Gomes,PJ - Frota Grande,Indicação,SP,2022-09-30,56+,True
1915,CLI01915,Heloísa da Paz,PF - Premium,Recall,MG,2021-02-26,18-25,True
1916,CLI01916,João Gabriel Cassiano,PJ - Frota Pequena,Showroom,RJ,2021-06-24,26-35,True
1917,CLI01917,Brenda da Rocha,PJ - Frota Pequena,Indicação,SC,2021-06-16,26-35,True
1918,CLI01918,Igor Azevedo,PF - Premium,CRM Ativo,RS,2021-01-01,36-45,True
1919,CLI01919,Sr. Leandro Montenegro,PF - Premium,Digital,SP,2023-04-11,56+,True
1920,CLI01920,Gael Santos,PJ - Frota Pequena,Recall,RJ,2022-10-11,18-25,True
1921,CLI01921,Alice Mendes,PF - Varejo,Recall,CE,2022-11-21,36-45,True
1922,CLI01922,Sra. Mariane Pereira,PJ - Frota Pequena,Indicação,RJ,2021-09-15,26-35,True
1923,CLI01923,Rebeca Sampaio,PF - Varejo,Indicação,PE,2022-10-08,26-35,True
1924,CLI01924,Ana Clara Câmara,PJ - Frota Grande,Digital,ES,2022-06-06,36-45,True
1925,CLI01925,Pedro Lucas Vargas,PJ - Frota Grande,Indicação,BA,2022-01-11,56+,True
1926,CLI01926,Levi Castro,PF - Varejo,Indicação,MG,2022-08-25,56+,True
1927,CLI01927,Isadora Brito,PF - Premium,Digital,SP,2022-06-27,18-25,True
1928,CLI01928,Davi Martins,PJ - Frota Pequena,Indicação,RS,2021-06-23,56+,True
1929,CLI01929,Nathan Fernandes,PF - Varejo,Showroom,SP,2021-03-09,36-45,True
1930,CLI01930,Diogo Barbosa,PF - Varejo,Showroom,RJ,2023-01-16,36-45,True
1931,CLI01931,João Lucas Ribeiro,PF - Premium,Indicação,BA,2021-03-15,26-35,True
1932,CLI01932,Marcos Vinicius Ramos,PF - Premium,Indicação,RS,2021-06-25,26-35,True
1933,CLI01933,Evelyn Cavalcanti,PF - Varejo,Indicação,BA,2021-12-22,26-35,True
1934,CLI01934,Thales Leão,PJ - Frota Pequena,Fidelização,SP,2021-05-25,36-45,True
1935,CLI01935,Ana Luiza Pastor,PF - Varejo,Digital,BA,2021-01-07,36-45,True
1936,CLI01936,Isabel Pimenta,PF - Premium,Digital,RJ,2022-10-16,26-35,True
1937,CLI01937,Sr. Brayan Silva,PJ - Frota Pequena,Digital,BA,2021-07-18,26-35,True
1938,CLI01938,Joaquim Gonçalves,PF - Varejo,Digital,SP,2023-03-22,26-35,True
1939,CLI01939,Lucas Gabriel Pereira,PJ - Frota Pequena,Fidelização,MG,2021-10-12,36-45,True
1940,CLI01940,Luna Aragão,PF - Varejo,Fidelização,SP,2021-09-26,56+,True
1941,CLI01941,Ana Vitória Pereira,PF - Varejo,Digital,PE,2021-02-14,18-25,True
1942,CLI01942,Cecilia Pinto,PF - Premium,Digital,SP,2022-10-24,36-45,True
1943,CLI01943,Dra. Heloisa Porto,PF - Premium,Showroom,SP,2023-03-09,56+,True
1944,CLI01944,Srta. Júlia Gomes,PF - Varejo,Indicação,SP,2023-05-27,18-25,True
1945,CLI01945,Bella Garcia,PF - Varejo,CRM Ativo,RJ,2021-02-02,26-35,True
1946,CLI01946,Aurora Gonçalves,PF - Varejo,Showroom,DF,2022-12-19,26-35,True
1947,CLI01947,Cecília Vargas,PF - Varejo,Indicação,SP,2022-08-22,26-35,True
1948,CLI01948,Rafael Fogaça,PF - Varejo,Indicação,MG,2022-03-09,26-35,True
1949,CLI01949,Luiz Miguel Santos,PJ - Frota Grande,Fidelização,PR,2021-07-25,26-35,True
1950,CLI01950,Marcela Duarte,PF - Varejo,Digital,BA,2023-06-02,36-45,True
1951,CLI01951,Brayan Ramos,PJ - Frota Pequena,CRM Ativo,RJ,2023-06-03,36-45,True
1952,CLI01952,Sr. Gael Cardoso,PF - Varejo,Indicação,RJ,2022-06-19,26-35,True
1953,CLI01953,Sr. Daniel Andrade,PJ - Frota Pequena,Indicação,MG,2022-12-12,36-45,True
1954,CLI01954,Ester Martins,PF - Premium,Digital,DF,2023-01-02,36-45,True
1955,CLI01955,Antonella Moraes,PF - Varejo,Indicação,MG,2022-06-07,46-55,True
1956,CLI01956,Srta. Mariana Souza,PF - Premium,Fidelização,MG,2021-12-02,26-35,True
1957,CLI01957,Maria Luiza Cirino,PF - Varejo,Digital,BA,2022-08-24,46-55,True
1958,CLI01958,Luísa da Mata,PF - Varejo,Digital,MG,2022-05-18,36-45,True
1959,CLI01959,Luiz Fernando Caldeira,PF - Varejo,Indicação,SP,2022-12-01,18-25,True
1960,CLI01960,Vinícius Macedo,PF - Varejo,Indicação,RS,2021-07-26,26-35,True
1961,CLI01961,Joaquim Oliveira,PJ - Frota Grande,Indicação,RJ,2021-02-12,26-35,True
1962,CLI01962,Anna Liz Ramos,PF - Varejo,Fidelização,SP,2022-08-31,56+,True
1963,CLI01963,Ana Liz Gonçalves,PJ - Frota Pequena,Digital,PR,2021-09-18,36-45,True
1964,CLI01964,Raquel Brito,PF - Varejo,Recall,SP,2022-06-18,18-25,True
1965,CLI01965,Ana Sophia Ramos,PF - Varejo,Digital,SC,2021-05-19,26-35,True
1966,CLI01966,Bárbara Campos,PJ - Frota Pequena,Indicação,RJ,2021-04-12,26-35,True
1967,CLI01967,Lavínia Câmara,PF - Varejo,Indicação,MG,2021-09-09,46-55,True
1968,CLI01968,Enzo Gabriel Pires,PF - Varejo,Digital,DF,2022-08-14,46-55,True
1969,CLI01969,Sr. Rael Carvalho,PF - Varejo,Digital,SC,2021-06-01,36-45,True
1970,CLI01970,Augusto Ribeiro,PF - Varejo,Digital,GO,2022-08-22,18-25,True
1971,CLI01971,Benício Gomes,PJ - Frota Grande,Indicação,CE,2021-06-21,36-45,True
1972,CLI01972,Sra. Ana Sophia Pereira,PF - Varejo,Fidelização,RJ,2021-03-04,36-45,True
1973,CLI01973,Clara Alves,PF - Varejo,Indicação,SP,2021-05-05,46-55,True
1974,CLI01974,Isis Cassiano,PF - Varejo,Indicação,RJ,2023-02-20,36-45,True
1975,CLI01975,Rodrigo Araújo,PJ - Frota Pequena,Indicação,SP,2023-03-07,56+,True
1976,CLI01976,Josué Peixoto,PF - Varejo,Fidelização,DF,2021-12-12,46-55,True
1977,CLI01977,Isabel Teixeira,PF - Varejo,Fidelização,CE,2022-11-25,36-45,True
1978,CLI01978,Dra. Daniela Carvalho,PF - Varejo,Digital,SP,2023-03-29,36-45,True
1979,CLI01979,Lucas Gabriel Gonçalves,PF - Premium,Digital,MG,2021-07-14,26-35,True
1980,CLI01980,Gustavo Aparecida,PF - Premium,Fidelização,SP,2021-12-15,36-45,True
1981,CLI01981,Giovanna Rodrigues,PF - Varejo,Recall,BA,2022-04-07,56+,True
1982,CLI01982,Vitor Gabriel Vasconcelos,PF - Varejo,CRM Ativo,SP,2021-07-14,36-45,True
1983,CLI01983,Luiz Felipe Araújo,PF - Varejo,Fidelização,MG,2021-01-10,36-45,True
1984,CLI01984,Pedro Miguel da Cunha,PJ - Frota Pequena,Indicação,SP,2022-02-23,46-55,True
1985,CLI01985,Théo Sampaio,PF - Varejo,Indicação,MG,2021-08-15,36-45,True
1986,CLI01986,Ana Julia Porto,PF - Varejo,Digital,SP,2021-08-15,36-45,True
1987,CLI01987,Yuri Monteiro,PJ - Frota Pequena,CRM Ativo,RS,2022-09-11,26-35,True
1988,CLI01988,Sr. Nathan Cassiano,PJ - Frota Grande,Digital,SP,2022-03-12,56+,True
1989,CLI01989,Ana Liz Melo,PJ - Frota Pequena,Showroom,BA,2021-07-02,26-35,True
1990,CLI01990,Maria Liz Camargo,PF - Varejo,Showroom,SP,2022-05-23,36-45,True
1991,CLI01991,Sr. Cauã Ferreira,PJ - Frota Pequena,Showroom,MG,2021-01-15,46-55,True
1992,CLI01992,Luiz Henrique Cirino,PJ - Frota Pequena,Showroom,SP,2022-03-12,26-35,True
1993,CLI01993,Sra. Helena da Luz,PF - Varejo,Indicação,SP,2021-07-24,26-35,True
1994,CLI01994,Sra. Olivia Dias,PF - Varejo,Fidelização,SP,2021-02-09,46-55,True
1995,CLI01995,Rhavi Vieira,PF - Premium,Indicação,PE,2022-08-31,36-45,True
1996,CLI01996,Ravi Porto,PF - Varejo,Showroom,SP,2022-03-11,46-55,True
1997,CLI01997,Luna da Paz,PF - Varejo,Fidelização,MG,2021-05-31,36-45,True
1998,CLI01998,Noah Brito,PF - Varejo,Showroom,CE,2021-03-19,36-45,True
1999,CLI01999,Srta. Lunna Aparecida,PF - Premium,Digital,SC,2021-02-20,36-45,True
2000,CLI02000,Joana Vargas,PJ - Frota Pequena,Fidelização,RJ,2022-06-17,26-35,True
2001,CLI02001,Oliver Lopes,PF - Varejo,Fidelização,SP,2021-10-21,36-45,True
2002,CLI02002,Ana Beatriz Pimenta,PJ - Frota Pequena,Digital,RS,2022-05-28,26-35,True
2003,CLI02003,Anthony Peixoto,PF - Varejo,Showroom,SP,2021-07-11,26-35,True
2004,CLI02004,Maysa Fernandes,PJ - Frota Pequena,Digital,ES,2022-06-14,56+,True
2005,CLI02005,Srta. Brenda da Rocha,PF - Varejo,Indicação,BA,2021-04-10,36-45,True
2006,CLI02006,Luiz Gustavo Novaes,PF - Varejo,Showroom,SP,2023-05-26,46-55,True
2007,CLI02007,Lunna Vasconcelos,PF - Varejo,Indicação,SP,2022-08-10,56+,True
2008,CLI02008,Maria Sophia Vieira,PF - Premium,Fidelização,RJ,2022-10-26,26-35,True
2009,CLI02009,Srta. Lívia Montenegro,PF - Varejo,Digital,PR,2023-03-02,36-45,True
2010,CLI02010,Danilo Vieira,PF - Varejo,CRM Ativo,SP,2021-12-05,56+,True
2011,CLI02011,Evelyn Caldeira,PF - Varejo,Digital,RJ,2021-12-01,36-45,True
2012,CLI02012,Dra. Cecília Ramos,PF - Premium,Digital,RJ,2023-06-18,46-55,True
2013,CLI02013,Melissa Borges,PF - Premium,Fidelização,SP,2021-12-02,36-45,True
2014,CLI02014,Dr. Gabriel Vargas,PF - Premium,Digital,MG,2022-09-07,26-35,True
2015,CLI02015,Stella Lopes,PF - Varejo,Indicação,SP,2022-09-20,46-55,True
2016,CLI02016,Maria Alice Abreu,PF - Premium,CRM Ativo,BA,2021-08-06,18-25,True
2017,CLI02017,Dra. Pietra Leão,PJ - Frota Pequena,Fidelização,MG,2023-02-13,36-45,True
2018,CLI02018,Laís Melo,PJ - Frota Grande,Digital,SC,2021-05-19,18-25,True
2019,CLI02019,Helena Garcia,PF - Varejo,Digital,PR,2021-02-01,46-55,True
2020,CLI02020,Heloisa Moraes,PJ - Frota Grande,Digital,SP,2022-06-08,46-55,True
2021,CLI02021,Ana Clara Câmara,PF - Premium,Indicação,MG,2022-07-08,46-55,True
2022,CLI02022,Enzo Gabriel Melo,PJ - Frota Pequena,Digital,RJ,2021-11-17,56+,True
2023,CLI02023,Luiz Otávio da Conceição,PF - Premium,Digital,RJ,2022-05-09,46-55,True
2024,CLI02024,Samuel Jesus,PF - Varejo,Indicação,MG,2022-01-17,26-35,True
2025,CLI02025,Augusto Monteiro,PF - Premium,Indicação,RS,2021-04-28,26-35,True
2026,CLI02026,Apollo Macedo,PF - Varejo,Indicação,PE,2023-05-02,46-55,True
2027,CLI02027,Mateus Monteiro,PF - Varejo,Showroom,PR,2021-07-23,56+,True
2028,CLI02028,Srta. Sabrina Mendonça,PF - Varejo,Showroom,SP,2022-04-24,36-45,True
2029,CLI02029,Mariane Castro,PJ - Frota Grande,Digital,RJ,2022-01-31,26-35,True
2030,CLI02030,Srta. Isabella Vieira,PJ - Frota Pequena,Recall,RJ,2021-07-01,56+,True
2031,CLI02031,Miguel Nogueira,PF - Varejo,Digital,PE,2022-03-31,26-35,True
2032,CLI02032,Camila Moreira,PF - Varejo,Digital,GO,2021-05-07,26-35,True
2033,CLI02033,Alana Moreira,PJ - Frota Grande,Showroom,SP,2022-11-07,46-55,True
2034,CLI02034,Josué Pacheco,PF - Varejo,Digital,CE,2021-03-05,56+,True
2035,CLI02035,João Guilherme Farias,PF - Varejo,Digital,MG,2021-11-11,26-35,True
2036,CLI02036,Sra. Mirella Dias,PF - Varejo,Indicação,RS,2022-11-27,36-45,True
2037,CLI02037,José Vasconcelos,PF - Varejo,Fidelização,GO,2021-10-31,36-45,True
2038,CLI02038,Anthony Freitas,PF - Varejo,Recall,RJ,2023-05-22,26-35,True
2039,CLI02039,Gustavo Henrique Rezende,PJ - Frota Pequena,Indicação,SP,2021-03-06,18-25,True
2040,CLI02040,Luiz Felipe Cirino,PF - Varejo,Indicação,ES,2022-05-30,26-35,True
2041,CLI02041,Alana Cunha,PF - Varejo,Indicação,PE,2023-06-13,36-45,True
2042,CLI02042,Enzo Gabriel da Cunha,PF - Varejo,Fidelização,RJ,2021-12-12,26-35,True
2043,CLI02043,Dra. Stella Rezende,PF - Varejo,Digital,RJ,2021-01-23,36-45,True
2044,CLI02044,Nina Vargas,PF - Varejo,Recall,SP,2023-02-12,26-35,True
2045,CLI02045,Sr. Carlos Eduardo Siqueira,PF - Varejo,CRM Ativo,RJ,2021-07-21,36-45,True
2046,CLI02046,Beatriz da Cruz,PF - Varejo,Indicação,SP,2023-03-02,26-35,True
2047,CLI02047,Bárbara Freitas,PF - Varejo,Indicação,CE,2022-02-21,18-25,True
2048,CLI02048,Isis Cassiano,PF - Premium,Digital,MG,2021-04-23,36-45,True
2049,CLI02049,Brenda Peixoto,PF - Varejo,Digital,BA,2021-08-03,46-55,True
2050,CLI02050,Maria Luísa Ferreira,PF - Varejo,Indicação,SC,2021-07-09,26-35,True
2051,CLI02051,Esther Correia,PF - Premium,Digital,SP,2021-04-02,36-45,True
2052,CLI02052,Sr. Danilo Sousa,PF - Premium,Indicação,MG,2022-11-19,46-55,True
2053,CLI02053,Sra. Melina Lopes,PF - Premium,Indicação,PR,2023-02-12,46-55,True
2054,CLI02054,Davi Miguel da Paz,PJ - Frota Pequena,Recall,SP,2021-05-16,46-55,True
2055,CLI02055,Dr. Mathias Pacheco,PF - Premium,Indicação,RJ,2021-09-12,26-35,True
2056,CLI02056,Ana Cecília Aparecida,PF - Premium,Indicação,PR,2022-05-19,56+,True
2057,CLI02057,Erick Camargo,PJ - Frota Pequena,CRM Ativo,ES,2021-06-07,18-25,True
2058,CLI02058,Fernanda Abreu,PF - Premium,Digital,DF,2022-01-07,26-35,True
2059,CLI02059,Enzo Gabriel Carvalho,PJ - Frota Grande,Recall,CE,2021-09-09,18-25,True
2060,CLI02060,Eduardo Nogueira,PF - Varejo,Showroom,SP,2023-06-19,46-55,True
2061,CLI02061,Ana Cecília Moura,PF - Varejo,Showroom,RJ,2022-11-16,36-45,True
2062,CLI02062,Lucca Camargo,PF - Premium,Digital,SP,2021-01-09,18-25,True
2063,CLI02063,Benício Moreira,PF - Premium,Digital,BA,2021-05-08,36-45,True
2064,CLI02064,Luiz Miguel Pimenta,PF - Varejo,Digital,SP,2021-05-02,26-35,True
2065,CLI02065,Dra. Aylla Sampaio,PJ - Frota Grande,Fidelização,RJ,2022-04-19,36-45,True
2066,CLI02066,Emanuella Lima,PJ - Frota Pequena,Digital,SP,2021-08-03,18-25,True
2067,CLI02067,Dr. Valentim Freitas,PF - Premium,CRM Ativo,BA,2021-11-28,18-25,True
2068,CLI02068,Arthur Miguel Andrade,PF - Varejo,Showroom,DF,2021-12-31,36-45,True
2069,CLI02069,Kaique Fernandes,PF - Premium,Indicação,GO,2023-04-27,46-55,True
2070,CLI02070,João Gabriel Sales,PF - Varejo,Showroom,SP,2022-10-19,18-25,True
2071,CLI02071,Enzo Andrade,PF - Varejo,Indicação,RJ,2022-04-01,36-45,True
2072,CLI02072,João Pedro Gonçalves,PF - Premium,Digital,SP,2021-03-31,18-25,True
2073,CLI02073,Vitória Nascimento,PF - Premium,Digital,RJ,2022-12-08,46-55,True
2074,CLI02074,Maria Eduarda Fernandes,PJ - Frota Pequena,Fidelização,MG,2023-03-01,26-35,True
2075,CLI02075,Laís Pinto,PF - Premium,Indicação,MG,2021-10-28,18-25,True
2076,CLI02076,Apollo Silveira,PJ - Frota Pequena,Indicação,SC,2022-07-17,46-55,True
2077,CLI02077,Eloah Novaes,PF - Varejo,Showroom,PR,2022-06-17,46-55,True
2078,CLI02078,Bárbara da Rocha,PF - Varejo,Showroom,MG,2021-02-07,56+,True
2079,CLI02079,José Teixeira,PF - Varejo,Digital,CE,2021-07-09,46-55,True
2080,CLI02080,Liz da Conceição,PF - Premium,Indicação,MG,2021-10-23,56+,True
2081,CLI02081,Helena Sousa,PJ - Frota Pequena,Fidelização,SP,2023-04-26,36-45,True
2082,CLI02082,Sra. Lunna Camargo,PF - Premium,Fidelização,SP,2023-03-03,46-55,True
2083,CLI02083,Juliana Farias,PF - Premium,Indicação,RJ,2022-02-23,26-35,True
2084,CLI02084,Isaque Fonseca,PF - Premium,Indicação,SP,2022-08-09,46-55,True
2085,CLI02085,Srta. Hellena Duarte,PF - Varejo,Indicação,MG,2022-02-24,36-45,True
2086,CLI02086,Carlos Eduardo Albuquerque,PJ - Frota Pequena,Digital,CE,2023-01-21,36-45,True
2087,CLI02087,Lavínia Rezende,PF - Varejo,Indicação,MG,2021-07-03,36-45,True
2088,CLI02088,Arthur Rodrigues,PJ - Frota Pequena,Recall,RJ,2023-01-27,26-35,True
2089,CLI02089,Stella Porto,PF - Varejo,Recall,MG,2023-01-18,36-45,True
2090,CLI02090,Dr. Noah Teixeira,PF - Varejo,Showroom,DF,2022-01-18,26-35,True
2091,CLI02091,Dra. Letícia Lopes,PF - Varejo,CRM Ativo,RJ,2023-02-22,36-45,True
2092,CLI02092,Davi Luiz Sampaio,PF - Varejo,Recall,SP,2023-04-01,56+,True
2093,CLI02093,Luigi Correia,PJ - Frota Pequena,Showroom,BA,2023-05-21,36-45,True
2094,CLI02094,Brenda Machado,PF - Varejo,Fidelização,PE,2022-05-23,36-45,True
2095,CLI02095,Catarina Ramos,PJ - Frota Grande,Recall,MG,2021-03-27,36-45,True
2096,CLI02096,Lara da Paz,PF - Varejo,Indicação,SP,2022-06-03,36-45,True
2097,CLI02097,Sr. Nathan Marques,PF - Varejo,Digital,ES,2023-03-16,26-35,True
2098,CLI02098,Camila Nogueira,PF - Varejo,Indicação,SP,2022-11-28,46-55,True
2099,CLI02099,Marina Barbosa,PF - Premium,Showroom,SP,2021-03-11,36-45,True
2100,CLI02100,Mariane Nunes,PF - Varejo,Indicação,SP,2023-02-15,26-35,True
2101,CLI02101,Apollo Camargo,PF - Varejo,Indicação,ES,2021-07-30,26-35,True
2102,CLI02102,Luiz Otávio Ramos,PF - Varejo,Indicação,PR,2023-01-12,18-25,True
2103,CLI02103,Yago Casa Grande,PJ - Frota Pequena,CRM Ativo,SP,2021-12-20,36-45,True
2104,CLI02104,Carolina Cavalcanti,PF - Varejo,Recall,RJ,2023-03-26,26-35,True
2105,CLI02105,Clara Rodrigues,PF - Varejo,Showroom,RJ,2023-01-07,26-35,True
2106,CLI02106,Heloisa Moreira,PF - Premium,Recall,DF,2021-11-06,26-35,True
2107,CLI02107,Dr. Luiz Henrique Albuquerque,PJ - Frota Pequena,Showroom,SP,2022-03-18,46-55,True
2108,CLI02108,Pedro Lucas da Luz,PF - Varejo,CRM Ativo,SP,2023-03-19,36-45,True
2109,CLI02109,Ana Caldeira,PF - Varejo,CRM Ativo,RJ,2022-10-24,56+,True
2110,CLI02110,Antonella Marques,PJ - Frota Grande,Digital,GO,2021-02-07,56+,True
2111,CLI02111,Otto Duarte,PF - Varejo,Digital,MG,2021-04-03,26-35,True
2112,CLI02112,Dra. Melissa Mendonça,PF - Varejo,Indicação,RJ,2022-07-15,36-45,True
2113,CLI02113,Anthony Gabriel Macedo,PF - Varejo,Fidelização,BA,2022-06-09,18-25,True
2114,CLI02114,Bryan da Conceição,PF - Premium,Showroom,PE,2021-06-23,18-25,True
2115,CLI02115,Amanda Santos,PF - Varejo,CRM Ativo,PE,2023-01-11,46-55,True
2116,CLI02116,Maria Liz Mendonça,PJ - Frota Pequena,Indicação,MG,2022-01-30,26-35,True
2117,CLI02117,Ana Liz Farias,PF - Varejo,Fidelização,SP,2023-05-19,36-45,True
2118,CLI02118,Pedro Miguel Oliveira,PJ - Frota Grande,Indicação,ES,2023-01-23,56+,True
2119,CLI02119,Emanuel Mendonça,PF - Premium,Indicação,RJ,2022-08-06,36-45,True
2120,CLI02120,Dra. Agatha Cassiano,PF - Varejo,Digital,ES,2023-05-17,26-35,True
2121,CLI02121,Cecilia Pereira,PJ - Frota Pequena,Indicação,PR,2021-04-21,56+,True
2122,CLI02122,João Vitor Fonseca,PF - Varejo,Indicação,RS,2022-02-11,46-55,True
2123,CLI02123,Maria Vitória Macedo,PF - Premium,Digital,SP,2023-01-05,56+,True
2124,CLI02124,Giovanna Pacheco,PJ - Frota Grande,Digital,DF,2022-06-08,36-45,True
2125,CLI02125,Aylla Teixeira,PF - Varejo,Indicação,MG,2023-06-23,36-45,True
2126,CLI02126,Emanuella Costa,PF - Varejo,Digital,CE,2021-06-08,46-55,True
2127,CLI02127,Maria Cecília Martins,PF - Premium,Fidelização,SP,2021-04-25,36-45,True
2128,CLI02128,Manuella Rocha,PJ - Frota Pequena,Digital,RJ,2023-05-09,26-35,True
2129,CLI02129,Rodrigo Vasconcelos,PJ - Frota Pequena,Digital,DF,2022-09-28,36-45,True
2130,CLI02130,Gabriel Azevedo,PF - Premium,Fidelização,RS,2022-01-21,36-45,True
2131,CLI02131,Isaque Câmara,PF - Premium,Fidelização,RJ,2022-10-27,36-45,True
2132,CLI02132,Ana Sophia Viana,PF - Varejo,Fidelização,SP,2021-05-06,36-45,True
2133,CLI02133,Maria Vitória Aparecida,PF - Varejo,Digital,RS,2021-09-27,18-25,True
2134,CLI02134,Luiz Miguel Souza,PF - Premium,Showroom,GO,2021-07-16,26-35,True
2135,CLI02135,Breno Rios,PJ - Frota Pequena,Showroom,SC,2023-04-30,36-45,True
2136,CLI02136,Sr. Pedro Miguel Novaes,PF - Premium,Fidelização,SC,2023-03-14,36-45,True
2137,CLI02137,Manuella Câmara,PF - Varejo,Digital,RJ,2023-01-13,26-35,True
2138,CLI02138,Maria Laura Leão,PF - Varejo,Fidelização,SP,2021-08-20,36-45,True
2139,CLI02139,Ana Laura Fernandes,PF - Varejo,Digital,SP,2021-12-08,26-35,True
2140,CLI02140,Gabrielly Fernandes,PJ - Frota Pequena,Fidelização,SP,2021-06-16,36-45,True
2141,CLI02141,José Araújo,PF - Varejo,Fidelização,CE,2022-01-01,36-45,True
2142,CLI02142,João Lucas Cassiano,PF - Premium,Fidelização,SP,2022-08-26,36-45,True
2143,CLI02143,Dra. Milena Farias,PJ - Frota Grande,Showroom,PR,2022-10-01,36-45,True
2144,CLI02144,Asafe Ribeiro,PF - Varejo,Digital,RS,2022-02-27,36-45,True
2145,CLI02145,Ana Carolina Albuquerque,PJ - Frota Pequena,Fidelização,SP,2021-03-24,36-45,True
2146,CLI02146,Dr. João Vitor da Cunha,PF - Varejo,Showroom,SP,2023-01-13,36-45,True
2147,CLI02147,Allana Abreu,PJ - Frota Pequena,Digital,SC,2022-08-07,56+,True
2148,CLI02148,Arthur Miguel Vasconcelos,PF - Varejo,Indicação,PE,2021-04-08,56+,True
2149,CLI02149,Eloah Araújo,PF - Varejo,Indicação,SP,2022-11-20,56+,True
2150,CLI02150,Dr. José Aragão,PF - Varejo,Digital,DF,2023-01-27,18-25,True
2151,CLI02151,Mathias Freitas,PF - Premium,Digital,DF,2021-05-11,26-35,True
2152,CLI02152,Diego Costela,PF - Premium,Showroom,SP,2023-06-29,18-25,True
2153,CLI02153,Guilherme Gomes,PF - Varejo,Digital,GO,2023-05-16,46-55,True
2154,CLI02154,Yuri Cardoso,PF - Varejo,Recall,PR,2022-01-17,46-55,True
2155,CLI02155,Isadora da Rocha,PF - Varejo,Digital,SP,2021-08-27,36-45,True
2156,CLI02156,Dra. Júlia da Cruz,PF - Varejo,Digital,SP,2021-04-02,46-55,True
2157,CLI02157,Gael Martins,PF - Varejo,Indicação,RJ,2021-06-22,26-35,True
2158,CLI02158,Clarice Garcia,PF - Premium,Digital,MG,2021-07-20,36-45,True
2159,CLI02159,Aurora das Neves,PF - Varejo,Indicação,SC,2021-04-02,36-45,True
2160,CLI02160,Gabrielly da Paz,PF - Varejo,Indicação,MG,2022-12-22,36-45,True
2161,CLI02161,Luiz Miguel Silveira,PF - Premium,Showroom,SP,2022-12-06,26-35,True
2162,CLI02162,Cecilia Pacheco,PJ - Frota Pequena,CRM Ativo,SP,2022-08-30,36-45,True
2163,CLI02163,Antônio da Paz,PF - Varejo,Indicação,RJ,2021-09-15,26-35,True
2164,CLI02164,Clarice Fonseca,PJ - Frota Pequena,Digital,SP,2023-01-25,18-25,True
2165,CLI02165,Sr. João Melo,PJ - Frota Pequena,Indicação,PR,2022-05-23,26-35,True
2166,CLI02166,Sr. Luiz Otávio Vasconcelos,PF - Premium,Digital,SP,2021-01-26,26-35,True
2167,CLI02167,Caroline Castro,PF - Varejo,Digital,RS,2022-08-19,26-35,True
2168,CLI02168,Eduardo Pereira,PF - Varejo,Digital,PR,2022-09-14,56+,True
2169,CLI02169,Dra. Esther Sousa,PF - Premium,Digital,PR,2021-07-31,56+,True
2170,CLI02170,Sr. Ian Machado,PJ - Frota Pequena,Digital,SP,2022-08-04,26-35,True
2171,CLI02171,Dante Rocha,PF - Premium,Showroom,MG,2021-12-22,18-25,True
2172,CLI02172,Lunna Cirino,PJ - Frota Pequena,Fidelização,RJ,2021-10-26,36-45,True
2173,CLI02173,Liam Gomes,PF - Varejo,Fidelização,DF,2023-04-17,36-45,True
2174,CLI02174,Milena Porto,PF - Premium,Fidelização,MG,2023-02-10,26-35,True
2175,CLI02175,Francisco Pires,PJ - Frota Pequena,Indicação,RJ,2023-01-31,46-55,True
2176,CLI02176,Isaque da Luz,PJ - Frota Pequena,Digital,SP,2022-02-09,26-35,True
2177,CLI02177,Lucas da Paz,PF - Varejo,Indicação,BA,2022-08-28,26-35,True
2178,CLI02178,Maria Luísa da Costa,PF - Varejo,Digital,ES,2022-05-23,36-45,True
2179,CLI02179,Sra. Maria Júlia Pimenta,PF - Varejo,Indicação,PR,2021-09-28,36-45,True
2180,CLI02180,Brayan Albuquerque,PF - Varejo,Digital,SP,2021-03-06,36-45,True
2181,CLI02181,Isabella Barros,PF - Premium,Indicação,SP,2022-04-13,26-35,True
2182,CLI02182,Srta. Laís Nunes,PF - Varejo,Recall,SP,2021-02-19,26-35,True
2183,CLI02183,Luísa Jesus,PF - Varejo,CRM Ativo,DF,2021-10-11,26-35,True
2184,CLI02184,Bernardo Albuquerque,PF - Varejo,Indicação,MG,2023-01-17,18-25,True
2185,CLI02185,Dra. Sara Aparecida,PF - Premium,Digital,SC,2023-06-23,26-35,True
2186,CLI02186,Dr. Rael Farias,PJ - Frota Pequena,Showroom,SP,2023-04-28,36-45,True
2187,CLI02187,Marcela Nunes,PF - Varejo,Digital,SP,2021-01-09,36-45,True
2188,CLI02188,Dom Freitas,PF - Varejo,CRM Ativo,SP,2023-04-22,56+,True
2189,CLI02189,Maria Clara Porto,PF - Varejo,Showroom,RJ,2022-01-21,26-35,True
2190,CLI02190,Lucas Gomes,PJ - Frota Pequena,Digital,RS,2021-02-23,36-45,True
2191,CLI02191,Marcela Fonseca,PF - Varejo,Digital,BA,2023-03-26,18-25,True
2192,CLI02192,Otto da Mata,PF - Premium,Fidelização,SP,2023-03-03,26-35,True
2193,CLI02193,Manuela da Mota,PJ - Frota Pequena,Digital,RJ,2022-01-13,26-35,True
2194,CLI02194,Ravi Garcia,PF - Premium,Indicação,MG,2022-05-28,46-55,True
2195,CLI02195,Maria Alice Gonçalves,PF - Varejo,Digital,ES,2022-07-28,46-55,True
2196,CLI02196,Sabrina Santos,PJ - Frota Pequena,Digital,CE,2021-12-17,18-25,True
2197,CLI02197,Gustavo Cavalcanti,PF - Varejo,Indicação,RJ,2021-03-22,46-55,True
2198,CLI02198,Sra. Liz da Luz,PF - Varejo,Showroom,BA,2023-05-13,36-45,True
2199,CLI02199,Natália Peixoto,PF - Varejo,Recall,RJ,2023-04-22,18-25,True
2200,CLI02200,Jade Rezende,PJ - Frota Grande,Indicação,SP,2022-11-22,46-55,True
2201,CLI02201,Sabrina Pastor,PF - Varejo,Showroom,RJ,2023-02-10,36-45,True
2202,CLI02202,Diego Montenegro,PF - Varejo,Digital,RJ,2021-10-13,46-55,True
2203,CLI02203,Hellena Pereira,PF - Premium,CRM Ativo,SP,2022-07-30,36-45,True
2204,CLI02204,Ryan Ferreira,PF - Premium,CRM Ativo,SP,2021-05-24,36-45,True
2205,CLI02205,João Lucas Alves,PJ - Frota Pequena,Indicação,DF,2021-12-10,18-25,True
2206,CLI02206,Maria Flor da Cruz,PJ - Frota Pequena,CRM Ativo,RS,2022-12-11,36-45,True
2207,CLI02207,Sr. Enrico Silva,PF - Varejo,CRM Ativo,MG,2022-10-07,18-25,True
2208,CLI02208,João Lucas Macedo,PF - Premium,Digital,SP,2021-01-12,26-35,True
2209,CLI02209,Ana Beatriz da Conceição,PF - Varejo,Recall,RS,2023-06-19,36-45,True
2210,CLI02210,Emanuel da Rosa,PJ - Frota Pequena,Fidelização,PR,2022-11-09,18-25,True
2211,CLI02211,Dra. Mirella Siqueira,PF - Premium,Digital,PR,2022-04-17,36-45,True
2212,CLI02212,Sr. Luiz Felipe Andrade,PF - Varejo,Fidelização,SP,2021-01-14,36-45,True
2213,CLI02213,Manuela Duarte,PF - Varejo,CRM Ativo,SP,2023-02-28,18-25,True
2214,CLI02214,Giovanna Lima,PF - Varejo,Digital,SP,2022-04-18,36-45,True
2215,CLI02215,Ana Cecília Nunes,PF - Varejo,Indicação,RJ,2022-10-07,46-55,True
2216,CLI02216,Antonella Melo,PF - Premium,Showroom,BA,2022-02-13,26-35,True
2217,CLI02217,Srta. Lara Ramos,PF - Varejo,Digital,GO,2023-04-20,56+,True
2218,CLI02218,Alexia Cirino,PF - Varejo,Indicação,SP,2023-01-26,26-35,True
2219,CLI02219,Eloah Araújo,PF - Premium,Indicação,PE,2021-06-06,26-35,True
2220,CLI02220,Vinicius Siqueira,PJ - Frota Grande,Showroom,CE,2022-08-04,36-45,True
2221,CLI02221,Srta. Mariah Vasconcelos,PF - Premium,Recall,RS,2023-03-26,36-45,True
2222,CLI02222,Sr. Henrique das Neves,PJ - Frota Grande,Showroom,CE,2021-03-02,46-55,True
2223,CLI02223,Ravy Aparecida,PF - Varejo,Indicação,MG,2022-07-09,36-45,True
2224,CLI02224,Felipe da Mota,PJ - Frota Pequena,Digital,PR,2021-11-30,36-45,True
2225,CLI02225,Apollo Garcia,PF - Varejo,Recall,GO,2023-04-08,26-35,True
2226,CLI02226,Mirella Nogueira,PF - Premium,Recall,SP,2021-10-21,26-35,True
2227,CLI02227,Luiz Fernando Campos,PJ - Frota Grande,Digital,SP,2021-12-19,26-35,True
2228,CLI02228,Antony Silveira,PF - Premium,Recall,RS,2021-05-01,18-25,True
2229,CLI02229,Clara Campos,PJ - Frota Pequena,Digital,RJ,2023-05-10,36-45,True
2230,CLI02230,Lucas Vasconcelos,PF - Varejo,Fidelização,PE,2022-07-26,26-35,True
2231,CLI02231,Luiz Otávio Vasconcelos,PJ - Frota Pequena,Showroom,PE,2022-03-08,26-35,True
2232,CLI02232,Theo Albuquerque,PF - Premium,Digital,GO,2022-04-15,18-25,True
2233,CLI02233,Isadora Moreira,PF - Premium,Digital,RJ,2022-03-07,36-45,True
2234,CLI02234,Cecília Ribeiro,PJ - Frota Pequena,Recall,DF,2022-07-24,26-35,True
2235,CLI02235,Isaac Teixeira,PF - Premium,Digital,SP,2022-09-27,36-45,True
2236,CLI02236,Gustavo da Rosa,PF - Premium,Recall,BA,2023-05-08,36-45,True
2237,CLI02237,Luiz Felipe Santos,PF - Varejo,Indicação,PR,2023-03-14,26-35,True
2238,CLI02238,Maria Eduarda Câmara,PF - Varejo,Digital,PR,2023-04-16,26-35,True
2239,CLI02239,Srta. Maria Julia Monteiro,PJ - Frota Pequena,Recall,RJ,2021-07-09,46-55,True
2240,CLI02240,Bruno Machado,PF - Premium,Recall,PR,2022-12-26,18-25,True
2241,CLI02241,Juliana Costela,PF - Premium,Digital,PE,2022-01-26,46-55,True
2242,CLI02242,Alice Cunha,PF - Premium,Digital,SP,2021-04-13,26-35,True
2243,CLI02243,Caroline Cunha,PF - Varejo,Digital,MG,2022-09-14,26-35,True
2244,CLI02244,Maria Liz Borges,PJ - Frota Grande,Indicação,PE,2021-11-15,56+,True
2245,CLI02245,Lara Câmara,PF - Premium,Showroom,MG,2021-09-27,36-45,True
2246,CLI02246,Aurora Castro,PF - Varejo,Digital,PR,2021-10-02,36-45,True
2247,CLI02247,Yasmin Pinto,PF - Premium,Digital,RJ,2021-09-19,18-25,True
2248,CLI02248,Maria Liz Vargas,PF - Varejo,Digital,SP,2022-02-18,26-35,True
2249,CLI02249,Olivia Sousa,PJ - Frota Pequena,Indicação,RS,2021-01-15,26-35,True
2250,CLI02250,Breno Alves,PJ - Frota Pequena,Digital,RJ,2021-06-14,36-45,True
2251,CLI02251,Thales Cavalcanti,PF - Varejo,Recall,SP,2021-01-09,56+,True
2252,CLI02252,Olívia Ribeiro,PF - Varejo,Digital,BA,2022-08-15,26-35,True
2253,CLI02253,Arthur Miguel Gomes,PJ - Frota Pequena,Digital,BA,2021-01-09,26-35,True
2254,CLI02254,Sra. Isabela Farias,PJ - Frota Pequena,Showroom,SP,2022-12-19,26-35,True
2255,CLI02255,Joaquim Vasconcelos,PF - Varejo,CRM Ativo,SP,2021-10-22,36-45,True
2256,CLI02256,Rafaela Ramos,PF - Varejo,Digital,PR,2022-10-20,56+,True
2257,CLI02257,Nina Costa,PF - Premium,Fidelização,PR,2022-12-27,18-25,True
2258,CLI02258,Lucas Monteiro,PF - Varejo,Recall,PE,2023-04-11,46-55,True
2259,CLI02259,Matheus da Rosa,PF - Varejo,Indicação,SP,2021-02-11,56+,True
2260,CLI02260,Sra. Vitória Andrade,PJ - Frota Pequena,Showroom,RJ,2021-06-18,36-45,True
2261,CLI02261,Bella da Rocha,PF - Varejo,Digital,MG,2022-01-06,18-25,True
2262,CLI02262,Henry Gabriel Santos,PF - Varejo,Fidelização,CE,2023-06-06,36-45,True
2263,CLI02263,Danilo da Mota,PF - Premium,Digital,BA,2022-04-17,46-55,True
2264,CLI02264,Isabel Moura,PJ - Frota Pequena,Showroom,SP,2021-01-31,26-35,True
2265,CLI02265,Clarice Leão,PF - Varejo,Digital,CE,2021-05-17,26-35,True
2266,CLI02266,Heloísa Azevedo,PF - Varejo,Digital,ES,2021-03-08,26-35,True
2267,CLI02267,Sarah Câmara,PF - Premium,Digital,SP,2021-12-08,36-45,True
2268,CLI02268,Henry Câmara,PJ - Frota Pequena,Digital,DF,2021-10-09,26-35,True
2269,CLI02269,Luiz Otávio Nascimento,PF - Varejo,CRM Ativo,RJ,2022-12-31,36-45,True
2270,CLI02270,Srta. Ana Novais,PJ - Frota Pequena,Digital,BA,2023-02-24,26-35,True
2271,CLI02271,Diogo Abreu,PF - Varejo,Indicação,GO,2022-03-08,26-35,True
2272,CLI02272,Mariane da Paz,PJ - Frota Pequena,CRM Ativo,MG,2023-04-07,36-45,True
2273,CLI02273,Luiz Miguel Marques,PF - Varejo,Digital,MG,2021-11-20,36-45,True
2274,CLI02274,Pedro Henrique Fernandes,PJ - Frota Grande,CRM Ativo,DF,2021-06-26,56+,True
2275,CLI02275,Isis Teixeira,PF - Varejo,Showroom,SC,2022-11-21,36-45,True
2276,CLI02276,Dra. Isis Novaes,PJ - Frota Grande,Digital,PR,2022-08-11,46-55,True
2277,CLI02277,Srta. Daniela Teixeira,PJ - Frota Grande,Indicação,BA,2021-11-03,36-45,True
2278,CLI02278,João Miguel Carvalho,PF - Varejo,Showroom,PR,2022-12-07,36-45,True
2279,CLI02279,Daniela Nogueira,PF - Varejo,Digital,PR,2021-09-13,36-45,True
2280,CLI02280,Olivia Moraes,PF - Varejo,CRM Ativo,MG,2023-03-24,46-55,True
2281,CLI02281,Esther Pastor,PF - Varejo,Digital,RJ,2022-01-14,36-45,True
2282,CLI02282,Bento Lima,PF - Premium,Digital,MG,2021-02-05,26-35,True
2283,CLI02283,Pedro Lucas Barbosa,PF - Varejo,Indicação,SP,2023-01-13,56+,True
2284,CLI02284,Isaac Brito,PF - Premium,Showroom,RJ,2022-08-26,56+,True
2285,CLI02285,Noah da Mata,PF - Premium,Showroom,RJ,2022-10-14,56+,True
2286,CLI02286,Josué Lima,PJ - Frota Pequena,Fidelização,SP,2021-11-29,26-35,True
2287,CLI02287,Sra. Clara Pastor,PF - Varejo,Digital,DF,2023-01-16,18-25,True
2288,CLI02288,Eloá Machado,PF - Varejo,Digital,SP,2022-10-04,26-35,True
2289,CLI02289,Dr. Joaquim Silva,PJ - Frota Pequena,Recall,SP,2023-04-13,36-45,True
2290,CLI02290,Vitória Duarte,PF - Varejo,Indicação,RS,2021-08-22,46-55,True
2291,CLI02291,Kevin Cavalcanti,PJ - Frota Pequena,Showroom,SP,2023-01-10,56+,True
2292,CLI02292,Dra. Luara Santos,PJ - Frota Pequena,Fidelização,SP,2022-03-18,56+,True
2293,CLI02293,Milena Nogueira,PJ - Frota Pequena,Fidelização,SP,2021-12-26,46-55,True
2294,CLI02294,Antony Viana,PJ - Frota Grande,Showroom,PR,2023-01-15,56+,True
2295,CLI02295,Isabelly Silveira,PF - Varejo,Recall,MG,2023-01-16,56+,True
2296,CLI02296,Luiz Gustavo Nunes,PF - Varejo,Digital,RS,2022-09-28,46-55,True
2297,CLI02297,Luigi Sá,PF - Premium,Fidelização,PE,2021-08-28,18-25,True
2298,CLI02298,Vitor Hugo Sales,PF - Varejo,Indicação,RJ,2022-11-17,36-45,True
2299,CLI02299,Mathias Lopes,PJ - Frota Grande,Fidelização,SP,2022-04-20,18-25,True
2300,CLI02300,Elisa Silveira,PF - Premium,Digital,SP,2022-05-26,56+,True
2301,CLI02301,Allana Peixoto,PJ - Frota Grande,Digital,SC,2023-01-04,36-45,True
2302,CLI02302,Raul Moreira,PJ - Frota Pequena,Digital,SP,2022-09-19,56+,True
2303,CLI02303,Dr. Pedro Lucas Correia,PF - Varejo,Showroom,RJ,2023-04-19,18-25,True
2304,CLI02304,Calebe Gomes,PF - Varejo,Digital,RS,2021-12-27,26-35,True
2305,CLI02305,Ana Pinto,PF - Premium,Showroom,BA,2021-07-24,36-45,True
2306,CLI02306,Diego Azevedo,PJ - Frota Grande,Digital,MG,2022-03-21,26-35,True
2307,CLI02307,Lavínia Andrade,PF - Varejo,Indicação,RS,2021-06-01,26-35,True
2308,CLI02308,Isabela Rocha,PF - Varejo,Showroom,RJ,2021-10-01,26-35,True
2309,CLI02309,Sr. Benicio da Costa,PF - Varejo,Showroom,SP,2022-05-16,36-45,True
2310,CLI02310,Ana Liz Rezende,PF - Premium,Showroom,RS,2022-05-26,46-55,True
2311,CLI02311,Maria Sophia Novaes,PF - Varejo,Digital,RJ,2023-05-21,26-35,True
2312,CLI02312,Otávio da Rosa,PF - Varejo,Digital,MG,2021-06-25,36-45,True
2313,CLI02313,Mateus Cavalcante,PF - Varejo,Showroom,RJ,2022-05-30,26-35,True
2314,CLI02314,Dra. Lívia Dias,PF - Premium,Indicação,SP,2022-10-17,36-45,True
2315,CLI02315,Lucas Gabriel Cassiano,PJ - Frota Grande,Showroom,SP,2022-07-11,46-55,True
2316,CLI02316,Maria Eduarda Farias,PJ - Frota Pequena,Recall,GO,2021-11-07,36-45,True
2317,CLI02317,Rhavi da Cruz,PF - Varejo,Digital,PR,2022-12-16,36-45,True
2318,CLI02318,Dr. Luigi Porto,PF - Premium,CRM Ativo,SC,2021-11-11,46-55,True
2319,CLI02319,Lucas Gabriel Nascimento,PJ - Frota Pequena,CRM Ativo,SP,2021-04-13,26-35,True
2320,CLI02320,Srta. Sara da Cruz,PF - Varejo,Fidelização,MG,2022-12-02,46-55,True
2321,CLI02321,Maria Alice Caldeira,PF - Varejo,Digital,BA,2022-07-10,26-35,True
2322,CLI02322,Ravy Borges,PF - Varejo,Digital,RJ,2022-05-24,46-55,True
2323,CLI02323,Sra. Manuella Rocha,PF - Varejo,Recall,SP,2022-07-14,46-55,True
2324,CLI02324,Yan Jesus,PF - Varejo,Recall,BA,2022-07-23,26-35,True
2325,CLI02325,Henrique Silva,PJ - Frota Pequena,Recall,MG,2022-12-08,26-35,True
2326,CLI02326,Helena da Costa,PJ - Frota Grande,Showroom,SP,2023-03-25,26-35,True
2327,CLI02327,Cauã Pimenta,PJ - Frota Pequena,Showroom,CE,2022-02-09,36-45,True
2328,CLI02328,Ana Clara Aparecida,PJ - Frota Pequena,Digital,SP,2023-06-24,36-45,True
2329,CLI02329,Thales Brito,PJ - Frota Grande,Digital,MG,2021-04-14,36-45,True
2330,CLI02330,Antônio Gonçalves,PF - Premium,Fidelização,CE,2021-08-14,18-25,True
2331,CLI02331,Dra. Ana Beatriz Casa Grande,PJ - Frota Grande,Showroom,DF,2021-09-27,36-45,True
2332,CLI02332,Sra. Sophia Oliveira,PJ - Frota Pequena,Indicação,RJ,2023-02-04,46-55,True
2333,CLI02333,Sr. José Pedro Mendes,PF - Varejo,Indicação,CE,2021-09-20,46-55,True
2334,CLI02334,Sra. Isadora Abreu,PF - Varejo,Fidelização,RS,2022-03-05,36-45,True
2335,CLI02335,Isabella Rios,PJ - Frota Pequena,Digital,SP,2022-06-08,26-35,True
2336,CLI02336,Benjamin Pacheco,PF - Premium,Digital,GO,2021-09-20,46-55,True
2337,CLI02337,Nicole Rocha,PF - Premium,Showroom,SP,2021-09-07,18-25,True
2338,CLI02338,Theo Silva,PJ - Frota Pequena,Indicação,SP,2022-07-08,46-55,True
2339,CLI02339,Maria Julia Gonçalves,PF - Varejo,Fidelização,RJ,2021-06-28,18-25,True
2340,CLI02340,Sara Câmara,PF - Varejo,Recall,RJ,2023-03-21,36-45,True
2341,CLI02341,Dra. Luna Pastor,PJ - Frota Pequena,Fidelização,SP,2021-11-28,36-45,True
2342,CLI02342,Maria Alice Oliveira,PF - Premium,CRM Ativo,ES,2022-11-12,26-35,True
2343,CLI02343,Dra. Maria Helena Barbosa,PJ - Frota Pequena,Digital,SP,2023-06-16,18-25,True
2344,CLI02344,Luan Sales,PF - Varejo,Digital,SP,2022-05-20,46-55,True
2345,CLI02345,Dra. Ana Laura Ramos,PF - Varejo,Recall,RJ,2023-03-30,26-35,True
2346,CLI02346,Alexia Mendes,PF - Varejo,Indicação,MG,2022-07-14,26-35,True
2347,CLI02347,Júlia da Costa,PF - Premium,Indicação,RS,2022-05-20,46-55,True
2348,CLI02348,Dom Guerra,PF - Varejo,Digital,SP,2022-06-07,36-45,True
2349,CLI02349,Mariah Teixeira,PF - Varejo,Digital,MG,2022-02-12,56+,True
2350,CLI02350,Clarice Sá,PF - Premium,Recall,RJ,2021-01-02,56+,True
2351,CLI02351,Hellena Fonseca,PJ - Frota Pequena,Digital,DF,2023-06-07,36-45,True
2352,CLI02352,Murilo Pinto,PJ - Frota Pequena,Fidelização,SP,2022-01-22,46-55,True
2353,CLI02353,Arthur Alves,PF - Varejo,Digital,RJ,2022-08-30,46-55,True
2354,CLI02354,Ravi Lucca Silva,PF - Varejo,Indicação,BA,2021-01-24,26-35,True
2355,CLI02355,Mirella Abreu,PF - Varejo,Indicação,RJ,2022-07-13,36-45,True
2356,CLI02356,Srta. Maria Cecília Marques,PF - Varejo,CRM Ativo,BA,2021-05-10,26-35,True
2357,CLI02357,Diogo Vieira,PF - Varejo,Digital,RS,2022-06-20,26-35,True
2358,CLI02358,Levi Cavalcanti,PF - Varejo,Fidelização,SP,2021-09-11,36-45,True
2359,CLI02359,Marcela Guerra,PJ - Frota Pequena,Showroom,RJ,2022-03-12,46-55,True
2360,CLI02360,Maitê Andrade,PF - Varejo,Showroom,MG,2022-04-29,46-55,True
2361,CLI02361,Ian Cardoso,PJ - Frota Grande,CRM Ativo,SC,2023-03-08,36-45,True
2362,CLI02362,Rafaela Carvalho,PF - Varejo,Digital,RS,2021-09-13,56+,True
2363,CLI02363,Bruna Santos,PF - Varejo,Fidelização,GO,2022-07-22,56+,True
2364,CLI02364,Asafe Guerra,PJ - Frota Pequena,Digital,SP,2021-05-16,26-35,True
2365,CLI02365,Sr. Henry Cavalcante,PF - Varejo,Recall,GO,2023-04-05,56+,True
2366,CLI02366,Lorenzo das Neves,PF - Premium,Indicação,SP,2023-04-06,18-25,True
2367,CLI02367,Srta. Bella Azevedo,PF - Varejo,Digital,SP,2021-06-22,26-35,True
2368,CLI02368,Bryan Gonçalves,PF - Varejo,Recall,MG,2021-10-10,36-45,True
2369,CLI02369,Kevin Dias,PF - Varejo,CRM Ativo,SP,2021-12-27,36-45,True
2370,CLI02370,Vitor Hugo da Rosa,PJ - Frota Pequena,Recall,PE,2021-09-06,26-35,True
2371,CLI02371,Clarice Mendes,PF - Varejo,Indicação,PR,2023-02-12,26-35,True
2372,CLI02372,Natália da Mata,PF - Varejo,Digital,MG,2022-12-09,18-25,True
2373,CLI02373,Ravy Pereira,PF - Premium,Recall,SP,2022-12-01,36-45,True
2374,CLI02374,Renan da Rosa,PJ - Frota Pequena,Digital,RJ,2021-01-22,26-35,True
2375,CLI02375,Evelyn Sousa,PF - Premium,CRM Ativo,RS,2022-08-01,18-25,True
2376,CLI02376,Antony da Conceição,PF - Varejo,Fidelização,SP,2022-05-29,56+,True
2377,CLI02377,Marina Barros,PJ - Frota Grande,Indicação,PE,2022-12-19,26-35,True
2378,CLI02378,Felipe Oliveira,PJ - Frota Pequena,Digital,MG,2022-01-08,36-45,True
2379,CLI02379,Luiza Rios,PJ - Frota Pequena,Indicação,PR,2023-02-27,26-35,True
2380,CLI02380,Isabela da Cunha,PF - Varejo,Digital,MG,2021-05-27,26-35,True
2381,CLI02381,Benjamin Cavalcante,PF - Varejo,Indicação,SP,2021-03-24,36-45,True
2382,CLI02382,Sophie Marques,PJ - Frota Grande,Indicação,PE,2023-05-10,46-55,True
2383,CLI02383,Liam da Mata,PF - Premium,Recall,GO,2022-07-30,26-35,True
2384,CLI02384,Henrique Novaes,PF - Premium,Showroom,PR,2022-09-14,46-55,True
2385,CLI02385,Juan Abreu,PF - Varejo,Showroom,MG,2022-12-11,26-35,True
2386,CLI02386,Otto Almeida,PF - Varejo,Recall,SC,2022-08-09,36-45,True
2387,CLI02387,Alexia Fogaça,PJ - Frota Pequena,Digital,SP,2021-12-02,18-25,True
2388,CLI02388,Isaac Novais,PF - Varejo,Digital,RJ,2021-01-28,46-55,True
2389,CLI02389,Davi Lucca Camargo,PJ - Frota Pequena,Indicação,SP,2022-10-28,26-35,True
2390,CLI02390,Gabriela Sousa,PF - Premium,Indicação,SP,2022-02-10,56+,True
2391,CLI02391,João Felipe Nunes,PJ - Frota Pequena,Indicação,RJ,2023-02-22,26-35,True
2392,CLI02392,Heloisa da Luz,PJ - Frota Pequena,Digital,SP,2023-02-24,46-55,True
2393,CLI02393,Henrique da Paz,PF - Varejo,Digital,RJ,2021-07-29,36-45,True
2394,CLI02394,Maria Alice da Paz,PF - Varejo,Indicação,RJ,2022-04-17,18-25,True
2395,CLI02395,Sra. Larissa Borges,PJ - Frota Pequena,Indicação,SP,2021-06-03,36-45,True
2396,CLI02396,Giovanna Lima,PJ - Frota Pequena,Fidelização,MG,2022-05-15,26-35,True
2397,CLI02397,Enzo Gabriel da Costa,PJ - Frota Pequena,Showroom,SP,2023-06-19,56+,True
2398,CLI02398,Maria Vitória Moreira,PF - Varejo,CRM Ativo,DF,2021-02-13,46-55,True
2399,CLI02399,Benjamin Macedo,PJ - Frota Grande,Showroom,SP,2023-01-04,36-45,True
2400,CLI02400,Vicente Carvalho,PF - Varejo,Digital,BA,2022-03-26,36-45,True
2401,CLI02401,Sr. José Moraes,PF - Varejo,Recall,DF,2021-04-17,18-25,True
2402,CLI02402,Dra. Gabrielly Cassiano,PF - Varejo,Indicação,BA,2023-01-21,26-35,True
2403,CLI02403,Vicente Marques,PF - Premium,Digital,SP,2022-03-05,56+,True
2404,CLI02404,Isaque Andrade,PF - Varejo,Digital,SP,2023-02-03,36-45,True
2405,CLI02405,Ana Vitória Duarte,PF - Premium,Digital,SP,2021-12-06,26-35,True
2406,CLI02406,Marcos Vinicius Aragão,PF - Premium,Showroom,MG,2021-07-07,36-45,True
2407,CLI02407,Luiz Henrique Fernandes,PF - Varejo,Digital,SP,2022-11-18,26-35,True
2408,CLI02408,Maria Flor Sales,PF - Varejo,Digital,PR,2021-08-15,56+,True
2409,CLI02409,Vinicius Lima,PF - Varejo,Recall,GO,2022-08-17,36-45,True
2410,CLI02410,Srta. Mariah Sousa,PF - Varejo,Digital,SP,2021-10-20,26-35,True
2411,CLI02411,Dra. Letícia Almeida,PJ - Frota Pequena,Indicação,SP,2021-06-30,46-55,True
2412,CLI02412,Otávio Monteiro,PJ - Frota Pequena,Digital,BA,2022-01-28,36-45,True
2413,CLI02413,Apollo Melo,PF - Varejo,Digital,PR,2021-12-10,56+,True
2414,CLI02414,Dra. Lara Sampaio,PF - Varejo,Digital,RJ,2022-10-10,36-45,True
2415,CLI02415,Felipe Novais,PF - Varejo,Digital,GO,2021-10-08,36-45,True
2416,CLI02416,Sara Albuquerque,PF - Varejo,Digital,RJ,2022-09-05,36-45,True
2417,CLI02417,Beatriz da Rosa,PJ - Frota Pequena,CRM Ativo,MG,2021-06-08,36-45,True
2418,CLI02418,Sr. Nathan Andrade,PJ - Frota Pequena,Digital,PR,2022-06-03,26-35,True
2419,CLI02419,Dr. Yuri Porto,PJ - Frota Pequena,Digital,GO,2023-03-25,46-55,True
2420,CLI02420,Daniela Marques,PF - Varejo,Showroom,GO,2023-04-14,26-35,True
2421,CLI02421,Augusto da Cruz,PF - Varejo,Indicação,MG,2021-04-11,26-35,True
2422,CLI02422,Enzo Gabriel Rodrigues,PF - Premium,Indicação,DF,2021-04-20,26-35,True
2423,CLI02423,Hellena Rios,PF - Varejo,Digital,MG,2022-08-24,26-35,True
2424,CLI02424,Camila Moraes,PF - Varejo,Indicação,BA,2021-04-03,46-55,True
2425,CLI02425,Kamilly Pires,PF - Varejo,Showroom,BA,2022-03-05,26-35,True
2426,CLI02426,Manuela Marques,PJ - Frota Grande,Fidelização,SP,2022-06-28,26-35,True
2427,CLI02427,Eloá Almeida,PF - Varejo,Indicação,BA,2021-06-19,36-45,True
2428,CLI02428,Mariah Dias,PJ - Frota Pequena,Showroom,PR,2023-01-13,46-55,True
2429,CLI02429,Ágatha Cardoso,PF - Varejo,Digital,RS,2021-11-17,18-25,True
2430,CLI02430,Enrico Garcia,PF - Varejo,Fidelização,RS,2022-06-06,26-35,True
2431,CLI02431,Bernardo Santos,PF - Premium,Showroom,RJ,2022-07-06,18-25,True
2432,CLI02432,Giovanna Freitas,PJ - Frota Grande,Digital,SP,2023-03-23,36-45,True
2433,CLI02433,Yasmin Barbosa,PJ - Frota Pequena,Indicação,SP,2023-02-04,26-35,True
2434,CLI02434,Caio Monteiro,PJ - Frota Grande,Indicação,PR,2022-07-07,56+,True
2435,CLI02435,Noah Cirino,PF - Varejo,CRM Ativo,PE,2022-11-10,56+,True
2436,CLI02436,Srta. Ana Liz Aparecida,PF - Varejo,Recall,CE,2022-04-03,56+,True
2437,CLI02437,Emanuel Carvalho,PF - Varejo,Showroom,RJ,2021-05-01,26-35,True
2438,CLI02438,Maria Luísa Silva,PF - Varejo,Showroom,MG,2022-05-31,36-45,True
2439,CLI02439,Maria Cecília Castro,PJ - Frota Grande,Digital,PR,2023-06-26,26-35,True
2440,CLI02440,Ravy Martins,PF - Varejo,Showroom,PE,2021-04-12,36-45,True
2441,CLI02441,Vicente Viana,PJ - Frota Pequena,Indicação,SP,2023-06-24,36-45,True
2442,CLI02442,Gustavo Barbosa,PF - Varejo,Digital,MG,2021-04-02,18-25,True
2443,CLI02443,Nicole Borges,PF - Varejo,Digital,PR,2023-01-31,56+,True
2444,CLI02444,Alícia Santos,PF - Premium,Digital,PE,2023-03-08,46-55,True
2445,CLI02445,Sara Lopes,PF - Varejo,Indicação,RS,2022-10-14,36-45,True
2446,CLI02446,Isis Correia,PJ - Frota Pequena,Showroom,RS,2021-03-05,56+,True
2447,CLI02447,Marina Duarte,PF - Premium,Indicação,GO,2021-07-29,26-35,True
2448,CLI02448,Natália Abreu,PJ - Frota Pequena,CRM Ativo,BA,2021-11-22,36-45,True
2449,CLI02449,Noah Abreu,PF - Varejo,Digital,RJ,2021-08-25,36-45,True
2450,CLI02450,Davi Lucca Monteiro,PJ - Frota Pequena,Showroom,SP,2021-10-04,36-45,True
2451,CLI02451,Maria Eduarda Cavalcanti,PJ - Frota Pequena,Digital,MG,2021-07-23,46-55,True
2452,CLI02452,Sr. Gabriel Araújo,PF - Premium,Digital,SC,2022-06-17,26-35,True
2453,CLI02453,Otávio Costa,PJ - Frota Grande,Indicação,SP,2023-06-22,56+,True
2454,CLI02454,Emanuel Costela,PF - Varejo,Showroom,GO,2023-01-02,46-55,True
2455,CLI02455,Nicolas Costela,PJ - Frota Grande,Digital,BA,2021-12-27,26-35,True
2456,CLI02456,Hellena Oliveira,PF - Varejo,Fidelização,RJ,2022-08-12,36-45,True
2457,CLI02457,Dom da Luz,PF - Premium,Recall,ES,2021-04-13,18-25,True
2458,CLI02458,Ian Sampaio,PF - Premium,Fidelização,MG,2022-04-06,18-25,True
2459,CLI02459,Cauã Gonçalves,PF - Premium,Digital,SP,2023-04-14,46-55,True
2460,CLI02460,Heloísa Gomes,PF - Premium,CRM Ativo,GO,2022-04-12,46-55,True
2461,CLI02461,Otto Lopes,PF - Varejo,Digital,SP,2021-04-25,56+,True
2462,CLI02462,Lorena Pereira,PF - Varejo,Digital,MG,2022-04-26,26-35,True
2463,CLI02463,Breno Rios,PF - Varejo,Recall,SP,2021-01-04,18-25,True
2464,CLI02464,Ryan Casa Grande,PF - Varejo,Showroom,PR,2022-01-09,36-45,True
2465,CLI02465,Isabella da Cruz,PF - Premium,Digital,PE,2023-03-07,18-25,True
2466,CLI02466,Antônio Alves,PF - Premium,Fidelização,GO,2022-01-11,26-35,True
2467,CLI02467,Eloá Pinto,PF - Varejo,Showroom,SP,2022-09-17,46-55,True
2468,CLI02468,Giovanna Farias,PJ - Frota Pequena,Showroom,SP,2021-01-31,46-55,True
2469,CLI02469,Joaquim Caldeira,PF - Premium,Fidelização,SP,2021-12-15,18-25,True
2470,CLI02470,Larissa da Mata,PF - Varejo,Indicação,PR,2022-10-02,56+,True
2471,CLI02471,João Miguel Rezende,PF - Varejo,Fidelização,SP,2021-01-02,26-35,True
2472,CLI02472,Luísa Peixoto,PF - Varejo,Digital,SC,2022-06-24,18-25,True
2473,CLI02473,Beatriz Costa,PF - Premium,Digital,PE,2022-03-30,26-35,True
2474,CLI02474,Maria Gonçalves,PF - Varejo,Indicação,MG,2021-08-09,26-35,True
2475,CLI02475,Rodrigo Mendes,PJ - Frota Pequena,Recall,PR,2022-06-10,36-45,True
2476,CLI02476,Bruna Correia,PF - Varejo,Digital,ES,2022-02-20,46-55,True
2477,CLI02477,Luiz Gustavo Rodrigues,PJ - Frota Pequena,Fidelização,SP,2022-11-02,26-35,True
2478,CLI02478,Ana Clara Melo,PF - Varejo,Digital,SP,2021-06-28,36-45,True
2479,CLI02479,Ana Júlia Souza,PF - Premium,Fidelização,BA,2022-05-15,56+,True
2480,CLI02480,Mariah Moura,PF - Varejo,Indicação,RS,2023-05-13,26-35,True
2481,CLI02481,Dra. Maria Isis Moreira,PF - Varejo,Digital,SP,2022-09-08,36-45,True
2482,CLI02482,Ana Sophia Mendonça,PF - Varejo,Digital,RS,2021-11-03,36-45,True
2483,CLI02483,Maria Julia da Rocha,PF - Varejo,Indicação,RJ,2021-01-02,46-55,True
2484,CLI02484,Jade Alves,PJ - Frota Pequena,Showroom,SP,2022-05-06,36-45,True
2485,CLI02485,Rhavi Gomes,PF - Premium,Digital,PR,2021-04-29,36-45,True
2486,CLI02486,Luiz Henrique Siqueira,PF - Premium,Showroom,SP,2022-04-19,46-55,True
2487,CLI02487,Dra. Ana Liz Freitas,PF - Varejo,Indicação,ES,2022-12-30,56+,True
2488,CLI02488,Dra. Nina Camargo,PF - Varejo,Digital,SP,2023-03-20,36-45,True
2489,CLI02489,Catarina Porto,PJ - Frota Pequena,CRM Ativo,RS,2021-11-21,26-35,True
2490,CLI02490,Mariana Rezende,PF - Premium,Digital,SC,2022-09-05,46-55,True
2491,CLI02491,João Gabriel Mendonça,PF - Premium,Digital,RJ,2022-03-20,18-25,True
2492,CLI02492,Dr. Carlos Eduardo da Paz,PJ - Frota Pequena,Digital,RJ,2022-06-12,36-45,True
2493,CLI02493,Luigi Lopes,PJ - Frota Pequena,Indicação,DF,2023-04-21,56+,True
2494,CLI02494,Aurora Casa Grande,PJ - Frota Grande,Digital,SP,2023-02-27,26-35,True
2495,CLI02495,Theodoro Duarte,PF - Varejo,Indicação,PR,2021-04-10,36-45,True
2496,CLI02496,Valentim Rios,PJ - Frota Pequena,Indicação,RS,2021-10-08,46-55,True
2497,CLI02497,Lavínia Melo,PJ - Frota Pequena,Fidelização,BA,2021-12-01,56+,True
2498,CLI02498,Calebe da Luz,PF - Varejo,Digital,SP,2022-03-22,18-25,True
2499,CLI02499,Liam Silva,PF - Varejo,Indicação,SP,2022-12-05,26-35,True
2500,CLI02500,Srta. Melissa Azevedo,PF - Varejo,Fidelização,SP,2022-12-19,46-55,True
2501,CLI02501,Kevin Borges,PF - Varejo,Fidelização,SC,2021-05-17,36-45,True
2502,CLI02502,Sofia Gomes,PF - Premium,Indicação,ES,2023-05-17,46-55,True
2503,CLI02503,Maria Cecília Sampaio,PJ - Frota Pequena,Showroom,RJ,2022-04-12,56+,True
2504,CLI02504,Sabrina Sousa,PF - Varejo,Recall,SP,2021-02-09,56+,True
2505,CLI02505,Kevin Barbosa,PF - Varejo,Indicação,PR,2022-02-04,46-55,True
2506,CLI02506,Hadassa Lopes,PF - Premium,Indicação,SP,2022-01-01,46-55,True
2507,CLI02507,Sr. Theo Rocha,PJ - Frota Grande,Fidelização,MG,2022-10-04,56+,True
2508,CLI02508,Melina Abreu,PF - Varejo,Digital,MG,2021-09-08,36-45,True
2509,CLI02509,Maria Eduarda Fonseca,PJ - Frota Pequena,Digital,RJ,2022-10-02,26-35,True
2510,CLI02510,Carlos Eduardo Novais,PF - Varejo,Recall,SP,2023-06-19,26-35,True
2511,CLI02511,Arthur Gabriel Costela,PF - Premium,Showroom,CE,2023-01-08,36-45,True
2512,CLI02512,Maria Vitória da Conceição,PJ - Frota Pequena,CRM Ativo,GO,2023-04-29,36-45,True
2513,CLI02513,Ana Carolina Cavalcanti,PF - Varejo,CRM Ativo,SP,2021-03-23,26-35,True
2514,CLI02514,Juliana Pires,PF - Varejo,Indicação,ES,2022-03-21,36-45,True
2515,CLI02515,Cauã Fogaça,PF - Premium,Showroom,MG,2021-02-21,18-25,True
2516,CLI02516,Vitor Hugo Farias,PF - Premium,Showroom,RJ,2021-06-26,46-55,True
2517,CLI02517,Juan da Luz,PF - Varejo,Indicação,SP,2022-07-23,26-35,True
2518,CLI02518,Liam Nogueira,PJ - Frota Pequena,Fidelização,RJ,2022-12-16,36-45,True
2519,CLI02519,José Pedro Moreira,PJ - Frota Pequena,Indicação,SP,2021-02-11,56+,True
2520,CLI02520,Maria Luísa Pereira,PF - Premium,CRM Ativo,RJ,2021-12-30,46-55,True
2521,CLI02521,Heitor Fernandes,PF - Varejo,Digital,MG,2022-09-07,26-35,True
2522,CLI02522,Dra. Júlia Nunes,PF - Varejo,Digital,SP,2022-08-28,46-55,True
2523,CLI02523,Dra. Ana Laura Casa Grande,PF - Varejo,Indicação,SP,2021-04-23,26-35,True
2524,CLI02524,Davi Lucca Alves,PF - Premium,Indicação,CE,2021-08-11,18-25,True
2525,CLI02525,Cecília Câmara,PF - Varejo,Fidelização,BA,2021-07-21,18-25,True
2526,CLI02526,Mariah Sampaio,PJ - Frota Pequena,Digital,DF,2022-11-21,36-45,True
2527,CLI02527,Dra. Julia da Paz,PF - Premium,CRM Ativo,SP,2023-01-17,36-45,True
2528,CLI02528,Maysa Oliveira,PF - Varejo,Indicação,SP,2022-02-19,26-35,True
2529,CLI02529,Mirella Barros,PF - Premium,Recall,PR,2023-03-23,18-25,True
2530,CLI02530,Luiza Araújo,PF - Varejo,CRM Ativo,RJ,2021-09-25,36-45,True
2531,CLI02531,Kaique Carvalho,PJ - Frota Pequena,Showroom,MG,2023-01-25,46-55,True
2532,CLI02532,Dr. Isaque Farias,PF - Varejo,Fidelização,SP,2021-06-25,26-35,True
2533,CLI02533,Sr. Vitor Marques,PF - Varejo,Showroom,RJ,2023-06-16,26-35,True
2534,CLI02534,João Pedro Pires,PF - Varejo,Fidelização,GO,2022-02-11,36-45,True
2535,CLI02535,Srta. Bruna Araújo,PF - Premium,Digital,RJ,2021-06-14,56+,True
2536,CLI02536,Nathan Nunes,PF - Varejo,Digital,RJ,2021-10-26,36-45,True
2537,CLI02537,José Pedro Camargo,PF - Varejo,Digital,SP,2022-03-16,36-45,True
2538,CLI02538,Vinicius Sousa,PF - Varejo,Indicação,SP,2021-02-09,46-55,True
2539,CLI02539,Asafe Campos,PF - Varejo,Recall,BA,2021-07-01,36-45,True
2540,CLI02540,Erick Araújo,PF - Varejo,Digital,RJ,2021-04-25,36-45,True
2541,CLI02541,Lucca das Neves,PF - Varejo,Fidelização,DF,2021-05-09,26-35,True
2542,CLI02542,Vinicius Castro,PF - Varejo,Recall,RJ,2023-05-14,18-25,True
2543,CLI02543,Cauã Santos,PJ - Frota Pequena,Indicação,PE,2021-02-10,46-55,True
2544,CLI02544,Kamilly Gonçalves,PJ - Frota Pequena,Indicação,SP,2021-04-07,36-45,True
2545,CLI02545,Sr. José Miguel da Luz,PF - Varejo,Digital,RJ,2022-02-15,26-35,True
2546,CLI02546,Caio da Mata,PF - Varejo,Showroom,SP,2022-09-09,18-25,True
2547,CLI02547,Ana Carolina Rocha,PF - Premium,CRM Ativo,RJ,2022-01-25,26-35,True
2548,CLI02548,Bianca da Cunha,PF - Premium,Fidelização,CE,2021-02-27,36-45,True
2549,CLI02549,Matheus Cunha,PF - Varejo,Digital,SP,2022-10-03,36-45,True
2550,CLI02550,Ágatha Barros,PJ - Frota Pequena,CRM Ativo,SP,2021-03-21,18-25,True
2551,CLI02551,Mathias Cirino,PF - Premium,Showroom,CE,2022-10-23,26-35,True
2552,CLI02552,Cauê Câmara,PF - Varejo,Digital,RJ,2022-02-07,46-55,True
2553,CLI02553,Juliana Gonçalves,PF - Varejo,Showroom,PR,2022-07-16,46-55,True
2554,CLI02554,Sra. Sophie Guerra,PF - Varejo,Fidelização,SP,2023-02-27,36-45,True
2555,CLI02555,Dr. Bryan Teixeira,PF - Varejo,Digital,RJ,2023-02-18,26-35,True
2556,CLI02556,Maria Júlia Correia,PJ - Frota Grande,Indicação,CE,2021-01-01,56+,True
2557,CLI02557,Sra. Maria Liz Freitas,PF - Varejo,Showroom,SP,2021-09-11,18-25,True
2558,CLI02558,Maitê Porto,PF - Varejo,CRM Ativo,SP,2021-07-31,36-45,True
2559,CLI02559,Lara Souza,PF - Premium,Fidelização,SP,2022-01-13,46-55,True
2560,CLI02560,Fernando Vasconcelos,PF - Premium,Showroom,PE,2021-09-22,46-55,True
2561,CLI02561,Maria da Rosa,PF - Varejo,Digital,RJ,2022-11-13,26-35,True
2562,CLI02562,Davi Lucca Mendes,PF - Varejo,Digital,MG,2022-08-15,56+,True
2563,CLI02563,Henrique Pinto,PF - Varejo,CRM Ativo,MG,2022-08-18,36-45,True
2564,CLI02564,Yago Martins,PJ - Frota Pequena,Digital,MG,2021-06-01,36-45,True
2565,CLI02565,Dr. Gael Henrique Ramos,PF - Varejo,CRM Ativo,GO,2022-12-04,26-35,True
2566,CLI02566,Erick Cavalcanti,PF - Varejo,Digital,SP,2022-12-18,36-45,True
2567,CLI02567,Dr. Vitor Gabriel Andrade,PF - Varejo,Digital,SP,2022-03-06,26-35,True
2568,CLI02568,Ana Correia,PF - Premium,Digital,ES,2022-11-08,46-55,True
2569,CLI02569,Giovanna Machado,PF - Varejo,Indicação,DF,2021-01-26,56+,True
2570,CLI02570,Alexandre Silva,PJ - Frota Pequena,Indicação,ES,2022-08-01,26-35,True
2571,CLI02571,Samuel Gomes,PJ - Frota Pequena,Fidelização,SP,2023-02-05,56+,True
2572,CLI02572,Ayla Almeida,PF - Varejo,CRM Ativo,RJ,2022-09-09,56+,True
2573,CLI02573,Bento Rodrigues,PF - Varejo,Showroom,MG,2021-02-25,36-45,True
2574,CLI02574,Théo Vasconcelos,PF - Varejo,Showroom,SP,2023-04-10,36-45,True
2575,CLI02575,Benício da Rocha,PF - Varejo,CRM Ativo,SP,2022-11-15,26-35,True
2576,CLI02576,Laís Lima,PF - Varejo,Digital,SP,2023-01-29,36-45,True
2577,CLI02577,Luiz Gustavo Guerra,PJ - Frota Pequena,Showroom,PR,2022-05-28,18-25,True
2578,CLI02578,Pedro Azevedo,PF - Premium,Indicação,CE,2021-02-12,26-35,True
2579,CLI02579,Sr. Pietro Silva,PF - Varejo,Digital,DF,2022-09-25,26-35,True
2580,CLI02580,Benjamim Pires,PF - Premium,Indicação,BA,2021-03-28,56+,True
2581,CLI02581,Marcelo Cunha,PF - Varejo,Digital,PE,2022-11-14,36-45,True
2582,CLI02582,Isaac Brito,PF - Varejo,Recall,RS,2022-08-16,26-35,True
2583,CLI02583,José Pedro Câmara,PJ - Frota Pequena,Digital,SP,2021-11-28,46-55,True
2584,CLI02584,Matteo Azevedo,PF - Varejo,Indicação,RS,2022-08-01,56+,True
2585,CLI02585,Sra. Lunna Cunha,PJ - Frota Pequena,CRM Ativo,DF,2021-05-18,18-25,True
2586,CLI02586,Eloah Pastor,PF - Varejo,Fidelização,RJ,2021-12-19,36-45,True
2587,CLI02587,Davi Miguel Rios,PF - Premium,Digital,SC,2023-03-14,36-45,True
2588,CLI02588,Davi Miguel Melo,PF - Varejo,CRM Ativo,MG,2022-11-16,26-35,True
2589,CLI02589,Lara Martins,PF - Premium,Fidelização,CE,2022-02-05,46-55,True
2590,CLI02590,Marcelo Barbosa,PJ - Frota Pequena,Digital,DF,2022-01-17,56+,True
2591,CLI02591,Kamilly Pacheco,PF - Varejo,Indicação,ES,2023-02-24,46-55,True
2592,CLI02592,Leonardo Ramos,PJ - Frota Pequena,Fidelização,PR,2022-11-17,36-45,True
2593,CLI02593,Mirella Sales,PF - Premium,Indicação,BA,2022-08-10,36-45,True
2594,CLI02594,Lorena Costela,PF - Premium,Digital,MG,2022-08-22,26-35,True
2595,CLI02595,Davi Luiz Rodrigues,PF - Varejo,Indicação,SP,2021-03-31,56+,True
2596,CLI02596,Leonardo Borges,PF - Varejo,Digital,PR,2022-06-05,36-45,True
2597,CLI02597,Luna Fogaça,PF - Varejo,Showroom,CE,2021-08-14,26-35,True
2598,CLI02598,Lara Viana,PF - Varejo,CRM Ativo,GO,2021-01-23,46-55,True
2599,CLI02599,Sophia Camargo,PF - Varejo,Digital,PR,2022-07-08,26-35,True
2600,CLI02600,Alice Barros,PF - Varejo,Recall,RJ,2021-09-01,46-55,True
2601,CLI02601,Sr. Davi Miguel Carvalho,PJ - Frota Pequena,Digital,GO,2022-09-10,26-35,True
2602,CLI02602,Maria Isis Cavalcanti,PJ - Frota Pequena,Indicação,SP,2022-10-22,36-45,True
2603,CLI02603,Dom Duarte,PF - Varejo,Fidelização,RJ,2021-02-09,26-35,True
2604,CLI02604,João Vitor Correia,PF - Premium,Digital,RJ,2022-10-01,46-55,True
2605,CLI02605,Luan Fogaça,PJ - Frota Pequena,Fidelização,ES,2022-06-05,26-35,True
2606,CLI02606,Ana Vitória Pires,PJ - Frota Pequena,Digital,RS,2021-10-08,36-45,True
2607,CLI02607,Maria Alice Borges,PJ - Frota Grande,Showroom,PE,2021-08-29,46-55,True
2608,CLI02608,Camila Andrade,PJ - Frota Grande,Fidelização,MG,2022-02-06,26-35,True
2609,CLI02609,Dra. Clarice Oliveira,PF - Varejo,Indicação,MG,2022-05-26,36-45,True
2610,CLI02610,Davi Miguel Vasconcelos,PF - Premium,CRM Ativo,SC,2023-01-31,26-35,True
2611,CLI02611,Dra. Daniela Barros,PF - Varejo,Digital,RJ,2022-05-31,46-55,True
2612,CLI02612,Milena Martins,PF - Premium,Recall,DF,2022-02-15,46-55,True
2613,CLI02613,Sr. Noah Peixoto,PF - Varejo,Showroom,MG,2023-05-12,26-35,True
2614,CLI02614,Davi Lucas Almeida,PF - Varejo,Digital,RJ,2021-03-02,26-35,True
2615,CLI02615,Sra. Alice Lima,PF - Premium,Showroom,SP,2022-08-14,18-25,True
2616,CLI02616,Caroline Novais,PJ - Frota Pequena,Indicação,PE,2021-06-13,36-45,True
2617,CLI02617,Yuri da Costa,PF - Varejo,Indicação,SP,2021-05-26,26-35,True
2618,CLI02618,Maya Correia,PF - Varejo,Recall,SP,2021-03-29,36-45,True
2619,CLI02619,Emanuella da Paz,PF - Premium,Digital,SP,2021-03-02,18-25,True
2620,CLI02620,Nicolas Silveira,PF - Varejo,Showroom,RJ,2022-03-06,46-55,True
2621,CLI02621,Dr. Arthur da Mota,PF - Varejo,Digital,MG,2022-07-11,46-55,True
2622,CLI02622,Sra. Maria Melo,PF - Varejo,Indicação,PR,2021-04-15,26-35,True
2623,CLI02623,Emanuella Araújo,PF - Varejo,Recall,MG,2023-02-08,36-45,True
2624,CLI02624,Yan Rios,PF - Premium,Showroom,BA,2021-01-22,36-45,True
2625,CLI02625,Maria Luiza Nunes,PF - Premium,Fidelização,MG,2022-04-30,36-45,True
2626,CLI02626,Anna Liz Cavalcante,PJ - Frota Pequena,Recall,SP,2021-03-16,56+,True
2627,CLI02627,Maria Alice Albuquerque,PF - Varejo,Showroom,CE,2022-08-08,56+,True
2628,CLI02628,Mariah Montenegro,PF - Varejo,Recall,MG,2023-06-10,26-35,True
2629,CLI02629,Dra. Ana Sophia Cardoso,PF - Varejo,Recall,MG,2022-11-06,26-35,True
2630,CLI02630,Allana Martins,PF - Premium,Showroom,CE,2022-06-04,56+,True
2631,CLI02631,Vitor Gabriel Porto,PF - Varejo,CRM Ativo,DF,2021-07-18,26-35,True
2632,CLI02632,Sarah Duarte,PF - Varejo,Digital,RJ,2021-08-19,36-45,True
2633,CLI02633,Melina Carvalho,PF - Premium,Showroom,MG,2022-05-09,26-35,True
2634,CLI02634,Francisco Souza,PJ - Frota Pequena,Digital,ES,2021-11-02,26-35,True
2635,CLI02635,Cauã da Luz,PJ - Frota Grande,Indicação,SP,2023-05-08,18-25,True
2636,CLI02636,Dra. Júlia Pereira,PJ - Frota Pequena,Fidelização,MG,2022-06-01,56+,True
2637,CLI02637,Daniela Cirino,PF - Premium,Recall,DF,2023-02-15,26-35,True
2638,CLI02638,João Vitor Lopes,PF - Varejo,Fidelização,SC,2022-09-17,56+,True
2639,CLI02639,Henry Gabriel Aparecida,PJ - Frota Grande,Indicação,GO,2021-10-27,36-45,True
2640,CLI02640,Isabella Fernandes,PJ - Frota Grande,Digital,PR,2021-11-12,36-45,True
2641,CLI02641,Guilherme da Costa,PF - Varejo,Indicação,SC,2023-04-21,46-55,True
2642,CLI02642,Juliana Peixoto,PF - Varejo,Showroom,RS,2021-05-16,36-45,True
2643,CLI02643,Dr. Igor da Mota,PF - Varejo,Fidelização,BA,2022-10-27,36-45,True
2644,CLI02644,Maria Helena Cirino,PF - Premium,Indicação,MG,2021-01-21,26-35,True
2645,CLI02645,Anthony Santos,PF - Varejo,Showroom,SC,2023-02-08,36-45,True
2646,CLI02646,Luiz Otávio Viana,PF - Varejo,Recall,DF,2023-04-21,46-55,True
2647,CLI02647,Lorena Gonçalves,PJ - Frota Pequena,Digital,CE,2021-06-05,26-35,True
2648,CLI02648,Lorena Ferreira,PF - Varejo,Digital,MG,2022-02-08,56+,True
2649,CLI02649,João Gabriel Duarte,PJ - Frota Pequena,Indicação,SP,2023-01-11,26-35,True
2650,CLI02650,Maria Isis Alves,PF - Varejo,Recall,SC,2022-12-28,56+,True
2651,CLI02651,Kevin Casa Grande,PF - Premium,Fidelização,MG,2021-10-26,26-35,True
2652,CLI02652,Gael Novais,PF - Premium,Recall,BA,2022-04-30,26-35,True
2653,CLI02653,Pedro Lucas Jesus,PF - Varejo,Digital,PE,2022-02-21,36-45,True
2654,CLI02654,Emilly Sá,PJ - Frota Pequena,Showroom,SP,2021-02-08,36-45,True
2655,CLI02655,Pedro Cardoso,PJ - Frota Pequena,Digital,PE,2023-02-19,26-35,True
2656,CLI02656,Manuela Vieira,PF - Varejo,Fidelização,DF,2021-10-12,56+,True
2657,CLI02657,Liam Rezende,PF - Premium,CRM Ativo,GO,2021-07-14,46-55,True
2658,CLI02658,Isabela Camargo,PF - Premium,Digital,PE,2021-08-14,36-45,True
2659,CLI02659,Vitor Gabriel Pastor,PF - Premium,Digital,PR,2022-12-04,36-45,True
2660,CLI02660,Raul Aparecida,PF - Varejo,Fidelização,MG,2021-05-27,36-45,True
2661,CLI02661,Luísa Campos,PF - Varejo,Indicação,SP,2021-06-19,46-55,True
2662,CLI02662,Ana Sophia da Rocha,PF - Varejo,Fidelização,SP,2021-10-14,26-35,True
2663,CLI02663,Benjamim Ribeiro,PF - Varejo,Indicação,CE,2022-07-27,46-55,True
2664,CLI02664,Noah Barbosa,PF - Premium,Indicação,RJ,2022-06-01,36-45,True
2665,CLI02665,Carlos Eduardo Guerra,PJ - Frota Grande,Indicação,BA,2023-04-01,36-45,True
2666,CLI02666,Antonella Moura,PF - Varejo,Digital,SP,2023-03-25,46-55,True
2667,CLI02667,Sarah da Cunha,PF - Varejo,Showroom,SP,2022-07-30,56+,True
2668,CLI02668,Allana Araújo,PF - Varejo,Fidelização,GO,2021-04-17,56+,True
2669,CLI02669,Rafael Alves,PF - Varejo,Showroom,RJ,2022-06-02,26-35,True
2670,CLI02670,Srta. Sara Vargas,PF - Varejo,Indicação,ES,2022-06-15,18-25,True
2671,CLI02671,Maria Fernanda Moreira,PF - Premium,Recall,MG,2022-12-12,36-45,True
2672,CLI02672,Ana Sophia Pimenta,PF - Varejo,Recall,RJ,2021-02-24,56+,True
2673,CLI02673,Clara da Costa,PJ - Frota Pequena,CRM Ativo,SP,2021-12-17,26-35,True
2674,CLI02674,Srta. Luna Rezende,PF - Varejo,Indicação,SP,2022-03-25,36-45,True
2675,CLI02675,Sr. Otto Martins,PF - Varejo,Digital,SC,2022-02-06,46-55,True
2676,CLI02676,Paulo Souza,PF - Varejo,Digital,MG,2023-01-30,26-35,True
2677,CLI02677,Marcelo Barros,PF - Premium,Digital,DF,2021-01-27,46-55,True
2678,CLI02678,Sra. Maria Vitória Martins,PF - Premium,Digital,SP,2023-01-29,46-55,True
2679,CLI02679,Ana Liz Carvalho,PF - Varejo,Indicação,SP,2022-10-02,26-35,True
2680,CLI02680,Dr. Vicente Ribeiro,PJ - Frota Pequena,Indicação,MG,2022-01-30,36-45,True
2681,CLI02681,Lorena Sousa,PF - Premium,Fidelização,DF,2022-10-01,36-45,True
2682,CLI02682,Bella Sampaio,PF - Varejo,Digital,PR,2021-08-26,36-45,True
2683,CLI02683,Esther Siqueira,PF - Premium,Indicação,RS,2021-09-26,26-35,True
2684,CLI02684,Igor Casa Grande,PJ - Frota Pequena,Digital,BA,2021-01-13,18-25,True
2685,CLI02685,Rafaela Nascimento,PF - Varejo,Showroom,SP,2023-04-22,46-55,True
2686,CLI02686,Sofia Sampaio,PF - Premium,Recall,RJ,2023-01-18,36-45,True
2687,CLI02687,Josué Pacheco,PF - Premium,Digital,BA,2022-08-25,36-45,True
2688,CLI02688,João Vitor Duarte,PF - Varejo,Indicação,SP,2022-07-23,26-35,True
2689,CLI02689,Ana Carolina Moraes,PJ - Frota Pequena,Showroom,SP,2021-10-16,56+,True
2690,CLI02690,Asafe Nascimento,PF - Premium,Fidelização,BA,2022-03-10,46-55,True
2691,CLI02691,Antônio Oliveira,PF - Varejo,Indicação,SP,2021-07-27,46-55,True
2692,CLI02692,Nathan Casa Grande,PF - Varejo,Showroom,RJ,2021-03-11,46-55,True
2693,CLI02693,Dr. Paulo Nogueira,PF - Varejo,Indicação,RJ,2021-12-12,36-45,True
2694,CLI02694,Joana da Rosa,PF - Varejo,Showroom,SP,2021-07-15,26-35,True
2695,CLI02695,Dra. Mirella Ribeiro,PJ - Frota Pequena,Indicação,PE,2021-12-27,56+,True
2696,CLI02696,Leonardo Andrade,PF - Varejo,Digital,RJ,2021-06-02,46-55,True
2697,CLI02697,Vitor Hugo das Neves,PF - Premium,Recall,CE,2022-11-15,26-35,True
2698,CLI02698,Ester Alves,PJ - Frota Pequena,Showroom,PR,2022-10-20,56+,True
2699,CLI02699,André da Paz,PJ - Frota Pequena,Indicação,MG,2023-06-10,36-45,True
2700,CLI02700,Julia da Rosa,PF - Varejo,CRM Ativo,SP,2021-08-17,46-55,True
2701,CLI02701,Emanuelly da Luz,PF - Premium,Indicação,PE,2022-10-01,46-55,True
2702,CLI02702,Luigi Sá,PF - Premium,Indicação,SP,2023-01-28,26-35,True
2703,CLI02703,Sr. Otávio Aragão,PF - Varejo,Digital,ES,2022-10-13,36-45,True
2704,CLI02704,Caroline Oliveira,PJ - Frota Pequena,Showroom,MG,2021-08-08,46-55,True
2705,CLI02705,Sra. Larissa Ramos,PF - Varejo,Fidelização,RJ,2022-04-18,26-35,True
2706,CLI02706,Enzo Gabriel Fonseca,PJ - Frota Pequena,Recall,SC,2023-04-03,56+,True
2707,CLI02707,Emanuelly Sampaio,PF - Varejo,Digital,RJ,2021-08-23,36-45,True
2708,CLI02708,Ana Luiza Montenegro,PJ - Frota Pequena,Digital,PR,2022-06-21,46-55,True
2709,CLI02709,Enrico Pimenta,PF - Varejo,Fidelização,PR,2021-03-30,56+,True
2710,CLI02710,Calebe Sousa,PF - Varejo,Indicação,MG,2023-05-16,18-25,True
2711,CLI02711,Daniela Vasconcelos,PJ - Frota Grande,Indicação,CE,2022-08-28,36-45,True
2712,CLI02712,Agatha Barros,PF - Varejo,Indicação,RS,2022-03-12,36-45,True
2713,CLI02713,Natália Leão,PF - Varejo,Fidelização,RJ,2022-08-25,36-45,True
2714,CLI02714,Carolina Pimenta,PF - Premium,Indicação,PE,2022-06-01,26-35,True
2715,CLI02715,Julia Moraes,PF - Varejo,Digital,PR,2023-03-04,36-45,True
2716,CLI02716,Beatriz Pinto,PF - Premium,Indicação,RJ,2022-04-28,46-55,True
2717,CLI02717,Allana Novais,PF - Varejo,Fidelização,SP,2023-06-03,46-55,True
2718,CLI02718,Anthony Gabriel Duarte,PF - Varejo,Recall,SP,2022-07-24,18-25,True
2719,CLI02719,Maria Júlia Aparecida,PF - Varejo,Indicação,RJ,2021-05-16,36-45,True
2720,CLI02720,Catarina Moura,PF - Premium,Showroom,RS,2023-02-01,36-45,True
2721,CLI02721,Srta. Helena Rodrigues,PF - Varejo,Digital,RJ,2022-10-25,46-55,True
2722,CLI02722,José Miguel Costela,PF - Varejo,Indicação,RS,2021-09-28,26-35,True
2723,CLI02723,Maria Mendonça,PJ - Frota Pequena,Fidelização,SP,2021-06-25,26-35,True
2724,CLI02724,Caio Araújo,PF - Varejo,Recall,SP,2022-09-23,46-55,True
2725,CLI02725,Sra. Isadora Vieira,PF - Premium,Digital,SP,2021-08-07,46-55,True
2726,CLI02726,Camila Aparecida,PF - Varejo,Fidelização,MG,2023-02-11,36-45,True
2727,CLI02727,Vitor Teixeira,PJ - Frota Pequena,Fidelização,RJ,2022-08-09,26-35,True
2728,CLI02728,Antônio Fernandes,PJ - Frota Pequena,Digital,SP,2022-02-15,56+,True
2729,CLI02729,Sr. Davi Luiz Sales,PF - Varejo,Indicação,SP,2022-09-21,36-45,True
2730,CLI02730,Yuri Machado,PF - Premium,Digital,RJ,2022-06-07,26-35,True
2731,CLI02731,Felipe da Conceição,PF - Premium,Indicação,PE,2022-04-23,26-35,True
2732,CLI02732,João Vitor Machado,PJ - Frota Grande,Indicação,CE,2021-03-13,26-35,True
2733,CLI02733,Luan Novaes,PF - Varejo,Fidelização,DF,2022-09-06,36-45,True
2734,CLI02734,Stephany Garcia,PJ - Frota Pequena,Recall,DF,2022-11-28,26-35,True
2735,CLI02735,Caroline Vasconcelos,PF - Premium,Digital,RJ,2022-05-04,56+,True
2736,CLI02736,Paulo Araújo,PF - Varejo,Indicação,PR,2021-11-25,36-45,True
2737,CLI02737,Sr. Rodrigo Mendonça,PF - Varejo,Digital,PE,2021-08-01,26-35,True
2738,CLI02738,Renan Gonçalves,PF - Premium,Showroom,MG,2023-04-14,56+,True
2739,CLI02739,Josué da Luz,PJ - Frota Pequena,Digital,PR,2021-05-28,46-55,True
2740,CLI02740,Ana Laura Vargas,PF - Premium,Fidelização,RJ,2023-02-20,26-35,True
2741,CLI02741,Leonardo Sousa,PF - Varejo,Indicação,SP,2022-03-21,46-55,True
2742,CLI02742,Aurora Lopes,PF - Premium,Showroom,PR,2023-06-06,46-55,True
2743,CLI02743,Isabela Barros,PF - Varejo,Fidelização,RJ,2021-05-13,56+,True
2744,CLI02744,Samuel Santos,PF - Premium,Digital,PR,2022-02-08,36-45,True
2745,CLI02745,Gabriela Montenegro,PF - Varejo,Recall,RJ,2022-04-10,18-25,True
2746,CLI02746,Srta. Aurora Macedo,PJ - Frota Grande,Recall,DF,2022-08-17,36-45,True
2747,CLI02747,Matteo da Costa,PF - Varejo,Digital,RS,2023-05-09,56+,True
2748,CLI02748,Isabel Vargas,PF - Varejo,Fidelização,PE,2023-01-25,36-45,True
2749,CLI02749,Rodrigo Rocha,PJ - Frota Grande,Digital,PE,2022-01-04,46-55,True
2750,CLI02750,Dante Nunes,PF - Varejo,Fidelização,MG,2021-05-04,36-45,True
2751,CLI02751,Benjamim da Rocha,PF - Premium,Indicação,MG,2021-11-27,46-55,True
2752,CLI02752,Dante Duarte,PF - Varejo,Digital,SP,2021-01-08,36-45,True
2753,CLI02753,Dra. Juliana Garcia,PJ - Frota Pequena,Showroom,PE,2021-04-29,36-45,True
2754,CLI02754,Mathias Pimenta,PF - Varejo,CRM Ativo,CE,2021-12-15,36-45,True
2755,CLI02755,Arthur Gabriel Cardoso,PF - Premium,CRM Ativo,BA,2022-10-15,26-35,True
2756,CLI02756,Dra. Ana Sampaio,PJ - Frota Pequena,Indicação,RJ,2021-12-28,36-45,True
2757,CLI02757,Ravi Lucca Pimenta,PF - Varejo,Indicação,SP,2022-12-06,36-45,True
2758,CLI02758,Srta. Bruna Cirino,PJ - Frota Pequena,CRM Ativo,RJ,2022-07-19,36-45,True
2759,CLI02759,Joana Campos,PJ - Frota Grande,Indicação,BA,2022-11-19,46-55,True
2760,CLI02760,Lucas Gabriel Sousa,PF - Varejo,Fidelização,GO,2021-11-19,18-25,True
2761,CLI02761,Maria Farias,PF - Varejo,Indicação,RJ,2022-12-19,36-45,True
2762,CLI02762,Yasmin Costela,PF - Premium,Digital,SC,2021-05-14,26-35,True
2763,CLI02763,Lorena Rios,PF - Varejo,Digital,MG,2022-05-15,36-45,True
2764,CLI02764,Mirella Moreira,PF - Varejo,Indicação,GO,2023-02-01,56+,True
2765,CLI02765,Ester Carvalho,PF - Varejo,Digital,PR,2022-10-02,46-55,True
2766,CLI02766,Gustavo Cavalcanti,PF - Varejo,Fidelização,PR,2022-03-12,36-45,True
2767,CLI02767,Ana Luiza Pires,PF - Premium,CRM Ativo,CE,2021-10-17,18-25,True
2768,CLI02768,Letícia da Mata,PF - Varejo,Digital,RJ,2022-06-15,46-55,True
2769,CLI02769,Marcela Brito,PJ - Frota Pequena,Showroom,ES,2023-01-06,26-35,True
2770,CLI02770,Alícia Fernandes,PJ - Frota Pequena,Showroom,RJ,2023-03-07,46-55,True
2771,CLI02771,André Costela,PF - Varejo,Showroom,MG,2021-05-07,26-35,True
2772,CLI02772,Dra. Agatha Cunha,PF - Premium,Recall,SP,2022-03-12,18-25,True
2773,CLI02773,Rafaela Barbosa,PF - Varejo,Recall,DF,2021-09-10,56+,True
2774,CLI02774,Maria Júlia Pires,PF - Premium,Showroom,MG,2023-03-23,46-55,True
2775,CLI02775,Giovanna Nunes,PF - Varejo,Digital,RS,2021-01-07,18-25,True
2776,CLI02776,Isaque Fonseca,PJ - Frota Pequena,Fidelização,RJ,2022-09-22,36-45,True
2777,CLI02777,Thales Campos,PJ - Frota Pequena,Showroom,RJ,2021-12-05,26-35,True
2778,CLI02778,Sofia Gonçalves,PF - Premium,Recall,SP,2021-04-15,26-35,True
2779,CLI02779,Juan Carvalho,PJ - Frota Pequena,Showroom,ES,2023-02-19,46-55,True
2780,CLI02780,Srta. Rafaela Pires,PJ - Frota Grande,Indicação,CE,2021-02-28,18-25,True
2781,CLI02781,Clara Castro,PF - Premium,Digital,RJ,2021-07-12,46-55,True
2782,CLI02782,Bruna Macedo,PJ - Frota Pequena,Indicação,PR,2021-04-07,26-35,True
2783,CLI02783,Ravi Lucca Aragão,PF - Varejo,Fidelização,RJ,2022-04-14,56+,True
2784,CLI02784,Sr. Gustavo Duarte,PF - Varejo,Showroom,RS,2022-10-08,26-35,True
2785,CLI02785,Anna Liz Aragão,PF - Varejo,Fidelização,CE,2021-11-17,26-35,True
2786,CLI02786,Oliver da Luz,PF - Premium,Indicação,SP,2023-03-23,36-45,True
2787,CLI02787,Luiz Miguel Camargo,PF - Varejo,Fidelização,BA,2022-08-28,56+,True
2788,CLI02788,Heloísa da Mata,PF - Premium,CRM Ativo,PR,2022-05-01,36-45,True
2789,CLI02789,Lucas Brito,PJ - Frota Grande,Recall,SP,2023-01-31,46-55,True
2790,CLI02790,Theo Câmara,PJ - Frota Grande,Showroom,PR,2021-09-22,36-45,True
2791,CLI02791,João Lucas Farias,PJ - Frota Grande,Indicação,RS,2022-04-19,26-35,True
2792,CLI02792,Anthony Ferreira,PF - Premium,Recall,SP,2021-01-18,26-35,True
2793,CLI02793,Kamilly Barros,PF - Premium,Indicação,SP,2021-12-17,46-55,True
2794,CLI02794,Anthony Gabriel Pastor,PF - Varejo,Digital,PE,2022-05-01,26-35,True
2795,CLI02795,Davi Miguel Leão,PF - Varejo,Recall,CE,2022-04-28,56+,True
2796,CLI02796,Felipe Silva,PJ - Frota Grande,Showroom,SP,2021-07-25,18-25,True
2797,CLI02797,Alana Silveira,PF - Varejo,Indicação,BA,2022-03-07,36-45,True
2798,CLI02798,Sra. Sabrina Cunha,PF - Varejo,Fidelização,SP,2023-01-02,36-45,True
2799,CLI02799,Leandro Castro,PF - Premium,Digital,MG,2021-03-09,18-25,True
2800,CLI02800,Léo Cassiano,PF - Varejo,Showroom,SC,2021-09-15,36-45,True
2801,CLI02801,João Felipe Cavalcante,PF - Varejo,Showroom,PE,2021-11-11,26-35,True
2802,CLI02802,Sr. Bryan Lima,PF - Varejo,Showroom,PR,2023-02-01,26-35,True
2803,CLI02803,Dr. Miguel Teixeira,PF - Premium,Indicação,MG,2021-07-27,36-45,True
2804,CLI02804,Sr. Lucca Silva,PJ - Frota Pequena,Digital,SP,2023-02-05,26-35,True
2805,CLI02805,Luiz Gustavo da Mota,PJ - Frota Pequena,Indicação,MG,2021-12-20,26-35,True
2806,CLI02806,Ana Lívia Melo,PJ - Frota Pequena,Digital,RJ,2021-11-14,26-35,True
2807,CLI02807,Sr. Arthur Pimenta,PJ - Frota Pequena,Recall,BA,2023-06-29,56+,True
2808,CLI02808,Mathias Moreira,PJ - Frota Grande,Digital,PE,2022-05-30,18-25,True
2809,CLI02809,Igor Montenegro,PF - Varejo,Fidelização,SP,2022-05-18,26-35,True
2810,CLI02810,Maria Sophia Martins,PF - Varejo,Recall,MG,2022-02-06,46-55,True
2811,CLI02811,Sr. Benjamim Costela,PJ - Frota Pequena,Showroom,SP,2022-11-20,56+,True
2812,CLI02812,Cecília da Cunha,PF - Varejo,Indicação,SP,2022-05-06,36-45,True
2813,CLI02813,Murilo Silveira,PF - Varejo,Indicação,RJ,2021-08-24,26-35,True
2814,CLI02814,José Miguel Cardoso,PF - Premium,Fidelização,CE,2021-06-29,26-35,True
2815,CLI02815,Beatriz Macedo,PF - Varejo,CRM Ativo,SP,2022-04-04,46-55,True
2816,CLI02816,Zoe Câmara,PF - Varejo,CRM Ativo,RJ,2022-09-12,36-45,True
2817,CLI02817,Esther Monteiro,PJ - Frota Pequena,Recall,RJ,2021-03-07,36-45,True
2818,CLI02818,Dante Cassiano,PJ - Frota Pequena,Indicação,SP,2021-05-10,36-45,True
2819,CLI02819,Ana Lívia Pastor,PF - Varejo,Showroom,SP,2021-06-25,36-45,True
2820,CLI02820,Arthur Miguel Rezende,PF - Varejo,Digital,SP,2021-12-13,18-25,True
2821,CLI02821,Sofia Rodrigues,PF - Varejo,CRM Ativo,SP,2021-08-16,46-55,True
2822,CLI02822,Cecília Vieira,PF - Varejo,Indicação,MG,2021-10-20,36-45,True
2823,CLI02823,Letícia Moura,PJ - Frota Grande,CRM Ativo,CE,2021-01-24,36-45,True
2824,CLI02824,Ana Luiza Gonçalves,PF - Varejo,Digital,PE,2021-02-25,36-45,True
2825,CLI02825,Srta. Ana Júlia Souza,PF - Premium,Indicação,SP,2021-09-21,56+,True
2826,CLI02826,Davi Luiz Cunha,PF - Varejo,Digital,SP,2022-09-29,46-55,True
2827,CLI02827,Manuela da Mata,PF - Varejo,Fidelização,SP,2021-07-19,56+,True
2828,CLI02828,Catarina Viana,PJ - Frota Pequena,Indicação,PR,2022-06-20,26-35,True
2829,CLI02829,Srta. Brenda Pastor,PF - Varejo,Fidelização,RJ,2022-08-27,36-45,True
2830,CLI02830,Heitor Campos,PF - Varejo,Digital,DF,2021-04-24,26-35,True
2831,CLI02831,Yago Camargo,PJ - Frota Grande,CRM Ativo,SP,2022-10-04,26-35,True
2832,CLI02832,Noah Azevedo,PJ - Frota Pequena,Digital,SP,2021-01-05,26-35,True
2833,CLI02833,Sofia Montenegro,PF - Premium,Showroom,SP,2022-04-09,26-35,True
2834,CLI02834,Srta. Luana Pastor,PJ - Frota Grande,Showroom,PR,2023-06-17,46-55,True
2835,CLI02835,Asafe Duarte,PF - Varejo,Showroom,RJ,2021-07-05,26-35,True
2836,CLI02836,Melissa Costa,PJ - Frota Pequena,Digital,ES,2021-07-13,26-35,True
2837,CLI02837,Natália Ferreira,PJ - Frota Grande,CRM Ativo,SP,2021-10-14,46-55,True
2838,CLI02838,Sra. Isis da Mota,PF - Varejo,Fidelização,MG,2023-02-14,46-55,True
2839,CLI02839,Allana Novais,PF - Varejo,Indicação,SP,2021-02-26,36-45,True
2840,CLI02840,Mateus Mendes,PJ - Frota Pequena,Recall,RS,2021-07-26,26-35,True
2841,CLI02841,Marcos Vinicius Garcia,PF - Varejo,Indicação,GO,2022-01-23,56+,True
2842,CLI02842,Vitor Garcia,PF - Varejo,Indicação,SP,2021-03-30,36-45,True
2843,CLI02843,Rodrigo Araújo,PF - Premium,Showroom,SP,2021-02-02,46-55,True
2844,CLI02844,Ana Cecília Fernandes,PF - Premium,Digital,PR,2022-08-02,26-35,True
2845,CLI02845,Alícia Sales,PF - Varejo,Fidelização,MG,2022-07-24,46-55,True
2846,CLI02846,Sarah da Luz,PF - Premium,Indicação,PR,2022-01-02,36-45,True
2847,CLI02847,Erick Costa,PF - Varejo,Indicação,RJ,2021-05-13,18-25,True
2848,CLI02848,Isabela Cunha,PF - Varejo,Digital,RJ,2023-02-03,56+,True
2849,CLI02849,Juliana Pereira,PF - Varejo,Showroom,MG,2022-12-15,46-55,True
2850,CLI02850,Luigi Santos,PF - Varejo,CRM Ativo,MG,2021-08-30,46-55,True
2851,CLI02851,Dante Silva,PF - Varejo,Indicação,RS,2021-06-23,18-25,True
2852,CLI02852,Maria Flor Sales,PF - Varejo,Indicação,RS,2023-01-30,56+,True
2853,CLI02853,Fernanda Vieira,PF - Varejo,Fidelização,MG,2021-12-08,36-45,True
2854,CLI02854,Laís Cunha,PJ - Frota Grande,Fidelização,CE,2022-12-02,26-35,True
2855,CLI02855,Brenda da Costa,PF - Premium,Indicação,MG,2022-01-21,36-45,True
2856,CLI02856,Igor Barros,PJ - Frota Pequena,Fidelização,RJ,2021-09-11,18-25,True
2857,CLI02857,Bento Vieira,PJ - Frota Pequena,Indicação,RS,2022-10-26,18-25,True
2858,CLI02858,Luiza da Luz,PF - Varejo,CRM Ativo,SP,2022-08-16,36-45,True
2859,CLI02859,Jade Cirino,PF - Varejo,Fidelização,DF,2023-05-22,26-35,True
2860,CLI02860,Paulo Teixeira,PF - Varejo,Recall,RJ,2021-06-26,36-45,True
2861,CLI02861,Leonardo Ferreira,PF - Varejo,Indicação,RS,2023-01-31,26-35,True
2862,CLI02862,Luiz Gustavo Correia,PJ - Frota Pequena,Indicação,SP,2021-10-25,56+,True
2863,CLI02863,Ana Clara Cavalcanti,PF - Varejo,Showroom,SP,2022-02-04,36-45,True
2864,CLI02864,Dr. Gustavo Henrique Pinto,PJ - Frota Pequena,Digital,GO,2021-03-12,36-45,True
2865,CLI02865,Juliana Farias,PF - Varejo,Recall,PR,2022-10-15,26-35,True
2866,CLI02866,Caleb Moraes,PF - Varejo,Digital,RJ,2021-03-11,46-55,True
2867,CLI02867,Sr. Felipe Cirino,PF - Varejo,CRM Ativo,RJ,2023-02-16,36-45,True
2868,CLI02868,Dra. Rebeca da Mota,PJ - Frota Pequena,Digital,PR,2021-05-24,18-25,True
2869,CLI02869,Dra. Ana Clara da Paz,PF - Varejo,Digital,ES,2022-05-08,26-35,True
2870,CLI02870,Ana Rios,PJ - Frota Pequena,Showroom,RJ,2022-04-15,36-45,True
2871,CLI02871,Sr. Pedro Henrique Azevedo,PJ - Frota Pequena,Fidelização,SP,2021-03-15,26-35,True
2872,CLI02872,Henrique Rios,PF - Varejo,Indicação,PR,2023-02-07,46-55,True
2873,CLI02873,Evelyn Gonçalves,PF - Varejo,Showroom,RS,2021-08-09,26-35,True
2874,CLI02874,Eduardo Aparecida,PF - Varejo,Showroom,DF,2021-10-06,46-55,True
2875,CLI02875,Gustavo Oliveira,PF - Varejo,Indicação,SP,2023-04-07,36-45,True
2876,CLI02876,Alice Andrade,PJ - Frota Pequena,Indicação,GO,2022-05-24,36-45,True
2877,CLI02877,Luana da Costa,PF - Premium,CRM Ativo,SP,2022-11-24,56+,True
2878,CLI02878,Emanuella Castro,PF - Varejo,Digital,DF,2021-10-18,56+,True
2879,CLI02879,João Gabriel Ribeiro,PF - Premium,Recall,BA,2022-07-01,46-55,True
2880,CLI02880,Maria Eduarda Leão,PF - Varejo,Fidelização,MG,2021-05-24,36-45,True
2881,CLI02881,Rafael Pires,PF - Varejo,Digital,PE,2021-10-03,36-45,True
2882,CLI02882,Joaquim Teixeira,PJ - Frota Grande,Indicação,BA,2021-02-12,46-55,True
2883,CLI02883,Helena Sá,PF - Premium,Recall,PR,2022-10-08,46-55,True
2884,CLI02884,Samuel Souza,PJ - Frota Pequena,Indicação,DF,2021-10-19,36-45,True
2885,CLI02885,Fernanda Viana,PF - Varejo,Fidelização,MG,2021-09-23,46-55,True
2886,CLI02886,Heitor Nascimento,PF - Varejo,Indicação,MG,2023-03-24,26-35,True
2887,CLI02887,Ana Luiza Dias,PJ - Frota Pequena,Digital,MG,2023-05-13,18-25,True
2888,CLI02888,Liam Duarte,PF - Varejo,Showroom,SP,2022-10-09,36-45,True
2889,CLI02889,Valentina Brito,PJ - Frota Grande,Showroom,GO,2022-01-06,26-35,True
2890,CLI02890,Lucas da Conceição,PF - Varejo,Fidelização,BA,2022-03-08,36-45,True
2891,CLI02891,Rodrigo Oliveira,PF - Premium,Digital,SP,2022-06-08,46-55,True
2892,CLI02892,Srta. Ana Luiza Nogueira,PF - Premium,Digital,SC,2022-06-08,26-35,True
2893,CLI02893,Davi Luiz Pinto,PF - Varejo,Fidelização,CE,2021-11-21,36-45,True
2894,CLI02894,Sr. Vitor Santos,PF - Varejo,Indicação,RS,2022-08-18,36-45,True
2895,CLI02895,Jade Costa,PJ - Frota Pequena,CRM Ativo,GO,2021-02-27,26-35,True
2896,CLI02896,Clara Moura,PJ - Frota Pequena,Digital,SP,2021-03-16,18-25,True
2897,CLI02897,Apollo Vargas,PF - Varejo,Fidelização,SP,2022-05-01,26-35,True
2898,CLI02898,Davi Lucca Fernandes,PJ - Frota Grande,Indicação,CE,2023-02-16,26-35,True
2899,CLI02899,Maria Júlia Melo,PF - Varejo,Fidelização,SP,2022-09-04,36-45,True
2900,CLI02900,Sr. Vitor Hugo Araújo,PF - Varejo,Indicação,SP,2023-03-05,26-35,True
2901,CLI02901,Sofia Barbosa,PF - Varejo,Showroom,MG,2021-10-06,26-35,True
2902,CLI02902,Yasmin Novaes,PF - Varejo,CRM Ativo,SC,2021-06-18,46-55,True
2903,CLI02903,Gustavo Henrique Almeida,PJ - Frota Pequena,Digital,RJ,2022-05-03,36-45,True
2904,CLI02904,Maria Alice Aparecida,PF - Premium,Digital,RJ,2023-03-01,56+,True
2905,CLI02905,Cauê Pacheco,PJ - Frota Pequena,Digital,BA,2022-07-15,26-35,True
2906,CLI02906,Manuella da Paz,PF - Varejo,Digital,RJ,2021-12-20,18-25,True
2907,CLI02907,Caleb Souza,PJ - Frota Pequena,Digital,PR,2022-08-08,18-25,True
2908,CLI02908,Natália Azevedo,PF - Varejo,Fidelização,PR,2021-10-07,56+,True
2909,CLI02909,Cecília Martins,PJ - Frota Grande,Digital,RJ,2021-08-02,46-55,True
2910,CLI02910,Allana Sousa,PJ - Frota Grande,Recall,CE,2021-09-22,46-55,True
2911,CLI02911,Ian Lopes,PF - Varejo,Recall,GO,2023-02-26,46-55,True
2912,CLI02912,Hellena Pereira,PF - Varejo,Digital,SP,2021-09-08,26-35,True
2913,CLI02913,Rodrigo Montenegro,PJ - Frota Grande,Indicação,SP,2021-07-10,26-35,True
2914,CLI02914,Luiz Fernando Pastor,PF - Premium,Digital,SP,2021-05-14,26-35,True
2915,CLI02915,Bárbara Pimenta,PF - Varejo,Digital,SP,2022-12-07,56+,True
2916,CLI02916,Maria Eduarda Nascimento,PF - Varejo,Indicação,BA,2022-05-15,26-35,True
2917,CLI02917,Stella Jesus,PF - Premium,Digital,PR,2021-12-09,46-55,True
2918,CLI02918,Beatriz da Luz,PJ - Frota Grande,Digital,RJ,2023-02-14,36-45,True
2919,CLI02919,Maria Liz Lopes,PJ - Frota Grande,Fidelização,SP,2021-06-01,26-35,True
2920,CLI02920,Clarice Mendonça,PF - Varejo,Indicação,RJ,2021-12-30,26-35,True
2921,CLI02921,Olívia Duarte,PF - Premium,CRM Ativo,ES,2023-06-23,26-35,True
2922,CLI02922,Srta. Sabrina Casa Grande,PF - Premium,Fidelização,SP,2021-04-20,46-55,True
2923,CLI02923,Ana Beatriz Novais,PF - Varejo,Indicação,RJ,2021-08-12,18-25,True
2924,CLI02924,Pedro Lucas Silva,PF - Premium,Digital,RJ,2021-11-28,26-35,True
2925,CLI02925,Dr. Kaique Aparecida,PJ - Frota Pequena,Digital,PR,2021-07-07,36-45,True
2926,CLI02926,Dra. Maria Liz Ferreira,PF - Varejo,Indicação,BA,2021-02-18,26-35,True
2927,CLI02927,Dra. Isabella Barbosa,PF - Varejo,Showroom,SP,2022-09-18,26-35,True
2928,CLI02928,Apollo Pimenta,PF - Varejo,Digital,BA,2022-01-10,36-45,True
2929,CLI02929,Emilly Borges,PF - Premium,Showroom,RJ,2023-02-28,26-35,True
2930,CLI02930,João Felipe Moreira,PF - Varejo,Digital,ES,2022-03-16,46-55,True
2931,CLI02931,Anthony da Mata,PF - Varejo,Indicação,SP,2021-11-21,26-35,True
2932,CLI02932,Rebeca Almeida,PF - Varejo,Digital,DF,2022-10-31,46-55,True
2933,CLI02933,André Camargo,PF - Varejo,Digital,MG,2021-06-17,46-55,True
2934,CLI02934,Sra. Ísis Pinto,PJ - Frota Pequena,Fidelização,MG,2022-01-02,46-55,True
2935,CLI02935,Gustavo Henrique Mendes,PF - Varejo,Recall,SP,2022-10-21,36-45,True
2936,CLI02936,Luana Montenegro,PF - Premium,Digital,SP,2023-02-06,18-25,True
2937,CLI02937,Catarina Mendes,PF - Varejo,Indicação,SP,2021-07-29,26-35,True
2938,CLI02938,Sr. Anthony Gabriel Sá,PF - Varejo,CRM Ativo,RJ,2022-04-08,26-35,True
2939,CLI02939,Arthur Gabriel Nogueira,PF - Premium,Fidelização,RS,2021-08-06,26-35,True
2940,CLI02940,Maria Júlia Nogueira,PF - Premium,Showroom,BA,2021-01-11,36-45,True
2941,CLI02941,Ana Carolina Machado,PJ - Frota Pequena,Fidelização,PR,2022-11-13,36-45,True
2942,CLI02942,Lavínia Souza,PF - Premium,Fidelização,SP,2023-04-09,56+,True
2943,CLI02943,Mirella Campos,PF - Varejo,Digital,DF,2021-10-29,26-35,True
2944,CLI02944,Noah Sá,PF - Varejo,Indicação,RJ,2023-05-14,26-35,True
2945,CLI02945,André da Luz,PF - Varejo,Digital,ES,2021-01-29,56+,True
2946,CLI02946,Maria Flor Guerra,PF - Varejo,Showroom,SP,2023-05-22,18-25,True
2947,CLI02947,Nicole Dias,PF - Varejo,CRM Ativo,PE,2023-04-08,26-35,True
2948,CLI02948,Thiago Silveira,PF - Varejo,Indicação,MG,2021-11-11,36-45,True
2949,CLI02949,Rafaela Ramos,PF - Varejo,Showroom,RJ,2021-07-09,56+,True
2950,CLI02950,Emanuella Machado,PF - Premium,Digital,CE,2023-01-10,46-55,True
2951,CLI02951,Henry Gabriel da Paz,PF - Varejo,Digital,PE,2022-02-01,26-35,True
2952,CLI02952,Maria Cavalcante,PF - Varejo,Digital,GO,2022-04-07,46-55,True
2953,CLI02953,Bento Souza,PJ - Frota Grande,Digital,SP,2021-05-18,36-45,True
2954,CLI02954,Thiago Teixeira,PJ - Frota Pequena,Indicação,SP,2022-05-29,18-25,True
2955,CLI02955,Dra. Julia Costela,PF - Premium,Fidelização,RS,2022-09-14,56+,True
2956,CLI02956,Liam Leão,PF - Varejo,Fidelização,GO,2022-08-16,26-35,True
2957,CLI02957,Dra. Maitê Araújo,PJ - Frota Grande,Digital,SC,2023-02-17,56+,True
2958,CLI02958,Carolina Porto,PJ - Frota Pequena,Recall,SP,2022-12-19,36-45,True
2959,CLI02959,Vitor Dias,PF - Varejo,Showroom,CE,2022-08-25,56+,True
2960,CLI02960,Vitor Hugo Pastor,PF - Varejo,Fidelização,PE,2023-06-26,46-55,True
2961,CLI02961,Diego Vargas,PF - Varejo,Indicação,SP,2022-02-06,36-45,True
2962,CLI02962,Sr. Nathan Cirino,PF - Premium,CRM Ativo,RJ,2023-02-08,26-35,True
2963,CLI02963,Augusto Monteiro,PF - Premium,Fidelização,PE,2022-10-10,46-55,True
2964,CLI02964,Isis Pinto,PF - Varejo,Recall,DF,2023-06-20,36-45,True
2965,CLI02965,Isabela Marques,PF - Varejo,Indicação,SP,2022-03-19,46-55,True
2966,CLI02966,Bianca Viana,PF - Varejo,Indicação,RJ,2022-08-29,36-45,True
2967,CLI02967,Cauê Duarte,PF - Varejo,Showroom,SP,2021-12-26,26-35,True
2968,CLI02968,Maya Moreira,PF - Varejo,Digital,RJ,2021-09-28,18-25,True
2969,CLI02969,Sr. Danilo Nascimento,PJ - Frota Pequena,Showroom,SP,2022-10-11,18-25,True
2970,CLI02970,Emilly Borges,PJ - Frota Grande,Showroom,RJ,2022-06-05,46-55,True
2971,CLI02971,Antony Vargas,PJ - Frota Pequena,Showroom,MG,2023-03-09,36-45,True
2972,CLI02972,Fernando Porto,PF - Varejo,CRM Ativo,PR,2023-05-17,26-35,True
2973,CLI02973,Ágatha Pacheco,PJ - Frota Grande,Fidelização,ES,2021-11-30,46-55,True
2974,CLI02974,Dr. Luiz Fernando Vasconcelos,PJ - Frota Grande,Indicação,DF,2021-11-17,46-55,True
2975,CLI02975,Danilo Nogueira,PF - Varejo,Indicação,ES,2021-02-26,26-35,True
2976,CLI02976,Ana Sophia Camargo,PJ - Frota Pequena,Indicação,SP,2023-01-16,36-45,True
2977,CLI02977,Ana Júlia Cassiano,PF - Varejo,Showroom,PR,2021-06-17,18-25,True
2978,CLI02978,Anthony Gabriel Novaes,PF - Varejo,Digital,SP,2022-08-02,46-55,True
2979,CLI02979,Giovanna Monteiro,PF - Varejo,Indicação,MG,2021-11-14,18-25,True
2980,CLI02980,Dr. João Guilherme Vieira,PF - Varejo,Indicação,DF,2022-02-23,56+,True
2981,CLI02981,Brayan da Conceição,PJ - Frota Pequena,Digital,SP,2022-11-05,36-45,True
2982,CLI02982,Lucas da Rosa,PJ - Frota Pequena,CRM Ativo,SP,2022-06-09,18-25,True
2983,CLI02983,Pedro Lucas Cassiano,PF - Premium,Fidelização,DF,2021-12-15,36-45,True
2984,CLI02984,Murilo Gonçalves,PJ - Frota Grande,Digital,SC,2022-09-18,56+,True
2985,CLI02985,Maria Liz Pastor,PJ - Frota Pequena,Digital,SP,2022-05-13,36-45,True
2986,CLI02986,Sra. Nina Sá,PF - Varejo,Fidelização,SP,2022-02-09,26-35,True
2987,CLI02987,Benicio da Costa,PJ - Frota Pequena,Indicação,RJ,2023-05-25,36-45,True
2988,CLI02988,Maria Luísa Fogaça,PF - Premium,Indicação,DF,2022-06-28,36-45,True
2989,CLI02989,Rhavi Gonçalves,PJ - Frota Grande,Digital,SP,2022-10-29,26-35,True
2990,CLI02990,Isabella Jesus,PF - Varejo,Digital,SP,2021-07-04,36-45,True
2991,CLI02991,Benjamim da Cunha,PF - Premium,Digital,SP,2022-08-12,46-55,True
2992,CLI02992,Bella Guerra,PJ - Frota Grande,Indicação,SP,2022-11-11,56+,True
2993,CLI02993,Cauê Pereira,PF - Varejo,CRM Ativo,SP,2022-09-23,46-55,True
2994,CLI02994,Joana Novaes,PF - Varejo,CRM Ativo,RJ,2022-04-17,36-45,True
2995,CLI02995,Lara Casa Grande,PF - Varejo,Indicação,CE,2021-03-08,36-45,True
2996,CLI02996,Emanuella Gonçalves,PJ - Frota Grande,Digital,DF,2023-01-25,36-45,True
2997,CLI02997,Gabrielly Fonseca,PJ - Frota Grande,CRM Ativo,RJ,2021-04-23,56+,True
2998,CLI02998,Aylla Cardoso,PJ - Frota Pequena,Indicação,RS,2021-08-15,18-25,True
2999,CLI02999,Mirella Camargo,PJ - Frota Pequena,Indicação,SP,2022-07-06,36-45,True
3000,CLI03000,Rhavi Sales,PF - Premium,Fidelização,ES,2023-06-20,36-45,True
3001,CLI03001,Yago da Cunha,PF - Varejo,Showroom,PR,2022-09-25,36-45,True
3002,CLI03002,Augusto Vieira,PF - Varejo,Digital,RJ,2021-10-13,46-55,True
3003,CLI03003,Maria Fernanda Freitas,PF - Premium,Fidelização,PR,2021-12-08,26-35,True
3004,CLI03004,João Miguel Andrade,PJ - Frota Pequena,Recall,SP,2022-03-24,36-45,True
3005,CLI03005,Emanuel Farias,PF - Varejo,Fidelização,MG,2022-08-23,46-55,True
3006,CLI03006,Júlia Pacheco,PF - Varejo,Digital,ES,2021-06-23,46-55,True
3007,CLI03007,João da Luz,PF - Varejo,Digital,RJ,2021-03-11,36-45,True
3008,CLI03008,Daniel Rocha,PJ - Frota Pequena,Showroom,MG,2021-04-15,46-55,True
3009,CLI03009,Srta. Laís Cardoso,PF - Varejo,Indicação,PR,2021-05-14,56+,True
3010,CLI03010,Isaac Fernandes,PJ - Frota Pequena,Recall,RS,2022-09-25,56+,True
3011,CLI03011,Maria Peixoto,PF - Varejo,Digital,ES,2022-08-07,46-55,True
3012,CLI03012,Natália da Rosa,PF - Varejo,Digital,RJ,2021-11-12,26-35,True
3013,CLI03013,Clara da Mata,PJ - Frota Grande,Digital,DF,2021-10-21,26-35,True
3014,CLI03014,Sr. Arthur da Luz,PF - Premium,Indicação,CE,2023-04-21,36-45,True
3015,CLI03015,Gabriel Jesus,PF - Premium,Indicação,SP,2021-11-11,18-25,True
3016,CLI03016,Melissa Abreu,PF - Varejo,Recall,PR,2021-03-26,36-45,True
3017,CLI03017,Gael Siqueira,PF - Premium,Digital,SP,2022-02-04,26-35,True
3018,CLI03018,Maysa Andrade,PJ - Frota Pequena,Recall,SP,2022-06-03,26-35,True
3019,CLI03019,Sr. Lucca Pires,PJ - Frota Pequena,Showroom,RS,2023-01-22,36-45,True
3020,CLI03020,Ana Liz Alves,PF - Varejo,CRM Ativo,CE,2022-05-25,26-35,True
3021,CLI03021,Ana Sampaio,PJ - Frota Pequena,Showroom,RJ,2021-03-28,36-45,True
3022,CLI03022,Sophie Pastor,PF - Varejo,Indicação,BA,2021-03-31,26-35,True
3023,CLI03023,Letícia Oliveira,PJ - Frota Pequena,CRM Ativo,SP,2023-06-03,36-45,True
3024,CLI03024,Sr. José Dias,PJ - Frota Pequena,Showroom,CE,2023-01-22,26-35,True
3025,CLI03025,Emanuel Cassiano,PF - Varejo,Recall,ES,2021-12-06,26-35,True
3026,CLI03026,Luísa Rezende,PJ - Frota Grande,Digital,ES,2021-02-04,36-45,True
3027,CLI03027,Ana Luiza Nogueira,PF - Varejo,Recall,SP,2021-08-08,26-35,True
3028,CLI03028,Bruna Cirino,PF - Varejo,Indicação,RJ,2021-04-12,46-55,True
3029,CLI03029,Cecília da Costa,PF - Premium,Indicação,DF,2021-10-29,36-45,True
3030,CLI03030,Dr. Breno Vargas,PJ - Frota Grande,Showroom,SP,2023-05-21,36-45,True
3031,CLI03031,José Santos,PF - Premium,Indicação,SP,2021-08-31,26-35,True
3032,CLI03032,Stephany Guerra,PF - Varejo,Digital,MG,2022-07-05,26-35,True
3033,CLI03033,Alice Freitas,PF - Premium,Recall,RJ,2023-06-03,18-25,True
3034,CLI03034,Srta. Maysa Freitas,PF - Varejo,Digital,SP,2022-12-26,26-35,True
3035,CLI03035,Luana Lima,PF - Premium,Digital,SP,2022-08-27,26-35,True
3036,CLI03036,Renan Rocha,PF - Premium,Fidelização,CE,2021-02-01,36-45,True
3037,CLI03037,Anna Liz Azevedo,PF - Varejo,Digital,DF,2022-03-07,18-25,True
3038,CLI03038,Luiza Nunes,PJ - Frota Grande,Showroom,RS,2022-01-13,18-25,True
3039,CLI03039,Fernando Garcia,PF - Premium,Digital,SP,2023-06-15,26-35,True
3040,CLI03040,Rodrigo Marques,PJ - Frota Pequena,Digital,RJ,2021-08-11,18-25,True
3041,CLI03041,Ryan Almeida,PJ - Frota Pequena,Showroom,PR,2022-05-29,36-45,True
3042,CLI03042,Enzo Gabriel Cardoso,PF - Varejo,Recall,SP,2021-06-23,56+,True
3043,CLI03043,Isaac Ramos,PF - Premium,Digital,MG,2021-10-03,46-55,True
3044,CLI03044,Laís Monteiro,PF - Varejo,Digital,RS,2022-10-30,26-35,True
3045,CLI03045,Pietra Pinto,PJ - Frota Pequena,Indicação,CE,2021-10-01,18-25,True
3046,CLI03046,Vitor Teixeira,PF - Varejo,Fidelização,PR,2021-11-12,26-35,True
3047,CLI03047,Isaac Abreu,PF - Varejo,Recall,MG,2022-11-27,56+,True
3048,CLI03048,Sra. Isabella Castro,PJ - Frota Grande,Recall,MG,2021-10-27,36-45,True
3049,CLI03049,Sr. João Vitor Sales,PF - Premium,Indicação,RJ,2022-07-07,18-25,True
3050,CLI03050,Evelyn Ferreira,PF - Varejo,Indicação,MG,2022-07-23,46-55,True
3051,CLI03051,Srta. Brenda Fernandes,PF - Varejo,Digital,SP,2022-12-28,36-45,True
3052,CLI03052,Alana Ramos,PF - Varejo,Recall,ES,2021-08-01,26-35,True
3053,CLI03053,Marina Fonseca,PF - Varejo,Digital,ES,2021-10-19,46-55,True
3054,CLI03054,Sra. Ana Beatriz Andrade,PJ - Frota Pequena,Digital,ES,2021-02-02,26-35,True
3055,CLI03055,João da Costa,PF - Varejo,Fidelização,PE,2022-04-05,18-25,True
3056,CLI03056,Bella da Rosa,PF - Varejo,Indicação,SP,2022-06-16,26-35,True
3057,CLI03057,Maria Flor Rios,PJ - Frota Grande,Showroom,CE,2022-07-11,46-55,True
3058,CLI03058,Léo Borges,PF - Premium,Showroom,PR,2021-11-08,26-35,True
3059,CLI03059,Marina Cunha,PF - Premium,Digital,GO,2022-10-24,56+,True
3060,CLI03060,Leonardo Guerra,PF - Varejo,Showroom,SP,2023-03-01,46-55,True
3061,CLI03061,João Miguel Duarte,PF - Varejo,Indicação,RJ,2022-11-30,36-45,True
3062,CLI03062,Vinícius Nunes,PF - Varejo,CRM Ativo,SP,2021-05-28,56+,True
3063,CLI03063,Vitor da Mata,PJ - Frota Pequena,Digital,RJ,2021-08-14,46-55,True
3064,CLI03064,José Costela,PF - Premium,Showroom,RJ,2023-06-11,36-45,True
3065,CLI03065,Isaque Novaes,PJ - Frota Grande,Indicação,RJ,2022-10-20,26-35,True
3066,CLI03066,Ana Cecília da Luz,PJ - Frota Pequena,Showroom,RJ,2023-06-16,18-25,True
3067,CLI03067,Evelyn Abreu,PF - Varejo,Digital,RJ,2022-11-24,56+,True
3068,CLI03068,Otávio Oliveira,PF - Varejo,Digital,SC,2023-01-25,36-45,True
3069,CLI03069,Rebeca Silveira,PF - Premium,Indicação,RJ,2022-08-31,56+,True
3070,CLI03070,Pedro Miguel Câmara,PF - Premium,Digital,RS,2021-04-21,56+,True
3071,CLI03071,Sra. Hellena Gomes,PF - Varejo,Digital,PE,2023-04-24,26-35,True
3072,CLI03072,Rebeca Rodrigues,PJ - Frota Pequena,Recall,RS,2021-01-08,26-35,True
3073,CLI03073,Kaique Nogueira,PF - Varejo,Showroom,SP,2023-04-16,36-45,True
3074,CLI03074,Pedro Miguel Cassiano,PF - Varejo,Indicação,ES,2023-02-02,36-45,True
3075,CLI03075,Eloah Leão,PJ - Frota Grande,Indicação,PR,2021-03-03,26-35,True
3076,CLI03076,Brenda Ramos,PJ - Frota Pequena,Showroom,SP,2023-04-21,56+,True
3077,CLI03077,Sr. Bento Vargas,PF - Varejo,Recall,ES,2021-10-06,56+,True
3078,CLI03078,Maria Alice Sousa,PJ - Frota Grande,Digital,SP,2023-02-02,26-35,True
3079,CLI03079,Valentina Pereira,PF - Premium,Showroom,SP,2021-05-23,36-45,True
3080,CLI03080,Dra. Maria Helena Farias,PF - Varejo,Digital,RS,2021-07-09,36-45,True
3081,CLI03081,Sra. Amanda Mendonça,PJ - Frota Pequena,Indicação,CE,2021-05-29,18-25,True
3082,CLI03082,Ian Lima,PF - Varejo,Showroom,DF,2021-01-29,26-35,True
3083,CLI03083,Antony Sampaio,PF - Varejo,Digital,SP,2023-04-09,46-55,True
3084,CLI03084,Lara Rezende,PJ - Frota Pequena,Indicação,MG,2023-01-03,46-55,True
3085,CLI03085,Sr. Vitor Gabriel da Luz,PF - Varejo,Recall,SP,2021-06-03,36-45,True
3086,CLI03086,Maria Helena Farias,PF - Varejo,Fidelização,RJ,2022-02-27,26-35,True
3087,CLI03087,Sr. Nathan Leão,PJ - Frota Pequena,Indicação,RJ,2021-03-17,26-35,True
3088,CLI03088,Leandro Lopes,PF - Varejo,Fidelização,CE,2022-04-16,18-25,True
3089,CLI03089,Maria Isis da Cunha,PJ - Frota Pequena,Digital,SC,2022-03-22,26-35,True
3090,CLI03090,Oliver Teixeira,PF - Premium,Digital,MG,2022-12-27,36-45,True
3091,CLI03091,Dr. Nathan da Cunha,PF - Varejo,Showroom,MG,2022-05-17,56+,True
3092,CLI03092,Eloá Novaes,PF - Varejo,Showroom,PE,2021-04-23,36-45,True
3093,CLI03093,Dr. Yan Casa Grande,PJ - Frota Pequena,Fidelização,RJ,2021-10-05,36-45,True
3094,CLI03094,Dr. João Lucas Fernandes,PF - Varejo,Digital,SP,2021-10-24,46-55,True
3095,CLI03095,Asafe Sá,PF - Premium,Digital,SP,2022-04-22,56+,True
3096,CLI03096,Vitor Gabriel Borges,PF - Varejo,Indicação,SP,2021-10-02,56+,True
3097,CLI03097,Hellena Araújo,PJ - Frota Grande,Showroom,SC,2021-02-26,26-35,True
3098,CLI03098,Hadassa Leão,PJ - Frota Grande,Indicação,SP,2021-12-14,26-35,True
3099,CLI03099,Aurora Cunha,PF - Premium,Showroom,RJ,2022-06-14,56+,True
3100,CLI03100,Leonardo Sousa,PF - Varejo,Indicação,MG,2023-06-21,36-45,True
3101,CLI03101,Arthur Gabriel Nunes,PJ - Frota Pequena,Digital,PR,2022-09-30,26-35,True
3102,CLI03102,Vitor Rios,PF - Premium,CRM Ativo,SP,2023-04-21,56+,True
3103,CLI03103,Joana Pacheco,PF - Premium,Digital,PE,2022-01-04,36-45,True
3104,CLI03104,Diego Porto,PF - Varejo,Indicação,SP,2021-09-01,46-55,True
3105,CLI03105,Théo Vasconcelos,PF - Premium,Fidelização,SP,2021-08-12,26-35,True
3106,CLI03106,Alícia Pereira,PF - Varejo,Digital,ES,2021-10-28,46-55,True
3107,CLI03107,Caleb Oliveira,PF - Varejo,Fidelização,CE,2022-07-31,18-25,True
3108,CLI03108,Ayla Correia,PJ - Frota Pequena,Digital,SP,2021-11-14,26-35,True
3109,CLI03109,Marcos Vinicius da Paz,PF - Varejo,Digital,RJ,2022-09-24,26-35,True
3110,CLI03110,Vitor Hugo Novais,PJ - Frota Pequena,CRM Ativo,CE,2022-03-26,26-35,True
3111,CLI03111,Yuri Peixoto,PF - Varejo,Indicação,SP,2022-09-24,36-45,True
3112,CLI03112,Antônio Souza,PF - Premium,Showroom,RS,2023-01-08,26-35,True
3113,CLI03113,João Lucas Cassiano,PF - Varejo,Showroom,RJ,2022-04-01,26-35,True
3114,CLI03114,Arthur da Cunha,PF - Varejo,Digital,SP,2022-05-06,46-55,True
3115,CLI03115,Felipe Barbosa,PJ - Frota Pequena,Indicação,SP,2022-04-15,46-55,True
3116,CLI03116,Dr. Dom Borges,PF - Varejo,Digital,SP,2022-11-02,26-35,True
3117,CLI03117,Gabriela Almeida,PJ - Frota Pequena,Fidelização,SP,2021-10-11,26-35,True
3118,CLI03118,Pedro Henrique Araújo,PF - Varejo,Indicação,ES,2021-10-25,36-45,True
3119,CLI03119,Antony da Costa,PF - Premium,Showroom,DF,2021-11-11,46-55,True
3120,CLI03120,Asafe Peixoto,PF - Varejo,Indicação,RS,2021-09-27,26-35,True
3121,CLI03121,Emilly Sá,PJ - Frota Grande,Showroom,PE,2023-01-09,26-35,True
3122,CLI03122,Erick Pastor,PJ - Frota Pequena,Digital,ES,2022-07-20,26-35,True
3123,CLI03123,Pedro Leão,PF - Premium,Showroom,MG,2021-09-09,36-45,True
3124,CLI03124,Théo Pimenta,PJ - Frota Grande,Digital,PR,2023-02-03,18-25,True
3125,CLI03125,Arthur Gabriel Araújo,PJ - Frota Pequena,Recall,RJ,2021-05-26,18-25,True
3126,CLI03126,Milena Lopes,PF - Premium,Indicação,SP,2023-01-02,36-45,True
3127,CLI03127,Aylla Teixeira,PF - Varejo,Indicação,RS,2022-08-23,18-25,True
3128,CLI03128,Maria Fernanda Sales,PF - Varejo,Indicação,PR,2021-03-09,36-45,True
3129,CLI03129,Breno Mendes,PJ - Frota Pequena,Digital,SP,2022-08-03,18-25,True
3130,CLI03130,Ágatha Pacheco,PF - Varejo,CRM Ativo,SP,2021-06-09,26-35,True
3131,CLI03131,Maria Isis Casa Grande,PF - Varejo,Recall,RS,2022-12-16,36-45,True
3132,CLI03132,Davi Lucca das Neves,PJ - Frota Pequena,Digital,SP,2022-09-08,26-35,True
3133,CLI03133,Maya Moraes,PF - Premium,Recall,MG,2021-02-07,46-55,True
3134,CLI03134,Isabella Fonseca,PF - Premium,Fidelização,PR,2022-09-14,46-55,True
3135,CLI03135,Isis da Luz,PF - Varejo,Showroom,SC,2023-04-13,36-45,True
3136,CLI03136,Fernanda da Rocha,PJ - Frota Pequena,Showroom,SP,2022-10-03,36-45,True
3137,CLI03137,Breno Montenegro,PF - Varejo,CRM Ativo,GO,2021-01-20,26-35,True
3138,CLI03138,Ian da Luz,PF - Varejo,Recall,RJ,2021-01-05,18-25,True
3139,CLI03139,Sabrina Fernandes,PF - Premium,Digital,SP,2022-03-18,46-55,True
3140,CLI03140,Pietra das Neves,PJ - Frota Grande,Showroom,GO,2021-01-07,26-35,True
3141,CLI03141,Mirella Pacheco,PF - Varejo,Indicação,CE,2022-03-30,56+,True
3142,CLI03142,Bianca Araújo,PJ - Frota Pequena,Fidelização,RS,2021-12-17,36-45,True
3143,CLI03143,Emanuella Farias,PF - Varejo,Indicação,SP,2022-12-23,46-55,True
3144,CLI03144,Lívia Novaes,PF - Varejo,Recall,PR,2022-03-01,26-35,True
3145,CLI03145,Léo Martins,PF - Varejo,Digital,RJ,2022-11-25,46-55,True
3146,CLI03146,Cecilia Azevedo,PF - Varejo,Recall,SC,2022-10-22,46-55,True
3147,CLI03147,Bianca Albuquerque,PJ - Frota Pequena,Digital,SP,2021-06-08,26-35,True
3148,CLI03148,Camila Jesus,PF - Varejo,Fidelização,RS,2023-03-22,18-25,True
3149,CLI03149,Benjamin Cardoso,PF - Varejo,Indicação,RS,2021-07-17,46-55,True
3150,CLI03150,Alexia Rezende,PJ - Frota Pequena,CRM Ativo,SP,2021-03-04,26-35,True
3151,CLI03151,Antony Mendonça,PF - Varejo,Digital,SC,2021-06-01,36-45,True
3152,CLI03152,Henrique Nascimento,PJ - Frota Pequena,Digital,SP,2021-07-08,18-25,True
3153,CLI03153,Marcos Vinicius Carvalho,PF - Premium,Showroom,SP,2022-11-05,46-55,True
3154,CLI03154,Jade Moreira,PJ - Frota Pequena,Digital,BA,2021-11-15,36-45,True
3155,CLI03155,Maria Sophia Viana,PF - Premium,Showroom,ES,2021-05-29,26-35,True
3156,CLI03156,Vinicius Guerra,PF - Varejo,Indicação,SP,2021-04-02,46-55,True
3157,CLI03157,Antônio Caldeira,PJ - Frota Grande,Digital,SP,2021-01-19,26-35,True
3158,CLI03158,Luna Martins,PF - Varejo,Digital,SP,2023-05-17,46-55,True
3159,CLI03159,Ana Julia Costa,PF - Varejo,Digital,CE,2022-06-19,26-35,True
3160,CLI03160,Beatriz Lima,PF - Premium,Showroom,RS,2021-08-10,36-45,True
3161,CLI03161,Ana Beatriz Pereira,PF - Varejo,Fidelização,CE,2022-01-07,26-35,True
3162,CLI03162,Brayan Macedo,PF - Varejo,Indicação,SP,2022-12-05,36-45,True
3163,CLI03163,Nina Moraes,PF - Varejo,Digital,CE,2021-01-04,26-35,True
3164,CLI03164,Luiz Felipe Brito,PJ - Frota Pequena,Showroom,SP,2021-09-10,46-55,True
3165,CLI03165,João Miguel da Cruz,PJ - Frota Pequena,Digital,SP,2021-12-21,36-45,True
3166,CLI03166,Theodoro Albuquerque,PJ - Frota Grande,Recall,SP,2022-12-14,46-55,True
3167,CLI03167,Pedro Henrique Sá,PF - Varejo,Recall,BA,2022-10-15,36-45,True
3168,CLI03168,Lorena da Luz,PJ - Frota Pequena,Showroom,PR,2022-07-19,26-35,True
3169,CLI03169,Ísis Nunes,PJ - Frota Pequena,CRM Ativo,SP,2022-09-08,36-45,True
3170,CLI03170,Melina Novais,PF - Varejo,Showroom,BA,2021-07-04,26-35,True
3171,CLI03171,Giovanna Rezende,PJ - Frota Pequena,Indicação,CE,2022-10-09,36-45,True
3172,CLI03172,Otto Campos,PF - Varejo,Indicação,SP,2022-09-26,36-45,True
3173,CLI03173,Benjamin Vargas,PF - Premium,Indicação,SP,2021-12-30,18-25,True
3174,CLI03174,Valentim Moura,PJ - Frota Pequena,Showroom,SP,2021-02-27,36-45,True
3175,CLI03175,Catarina Lopes,PF - Varejo,Fidelização,SC,2021-06-12,46-55,True
3176,CLI03176,Henrique Rocha,PJ - Frota Grande,Fidelização,GO,2021-06-21,36-45,True
3177,CLI03177,Nicolas das Neves,PF - Varejo,Indicação,RJ,2021-06-01,36-45,True
3178,CLI03178,Vitor Gabriel Nascimento,PF - Varejo,Digital,MG,2023-01-22,26-35,True
3179,CLI03179,Bryan Azevedo,PF - Premium,CRM Ativo,BA,2021-06-21,36-45,True
3180,CLI03180,Sophie Freitas,PF - Premium,Digital,SP,2022-05-09,56+,True
3181,CLI03181,Davi Lucas Lima,PF - Varejo,Indicação,CE,2021-02-19,26-35,True
3182,CLI03182,Dra. Marina Carvalho,PF - Varejo,Indicação,SP,2022-01-03,26-35,True
3183,CLI03183,Danilo Silveira,PF - Varejo,Showroom,GO,2023-05-25,26-35,True
3184,CLI03184,Alícia Marques,PJ - Frota Pequena,Indicação,RJ,2023-04-21,26-35,True
3185,CLI03185,Diego Câmara,PF - Premium,Digital,PR,2022-01-30,46-55,True
3186,CLI03186,Dr. Yuri Farias,PF - Premium,Recall,PE,2022-12-06,26-35,True
3187,CLI03187,Ester Lima,PF - Varejo,Showroom,PR,2023-03-03,26-35,True
3188,CLI03188,Luna Dias,PF - Varejo,Digital,RJ,2023-03-03,26-35,True
3189,CLI03189,Ana Julia Andrade,PJ - Frota Grande,Showroom,MG,2022-02-07,46-55,True
3190,CLI03190,Dra. Natália Peixoto,PJ - Frota Pequena,Indicação,SP,2023-01-21,36-45,True
3191,CLI03191,Maria Julia Barbosa,PJ - Frota Pequena,Indicação,ES,2021-09-23,36-45,True
3192,CLI03192,Maya Rodrigues,PF - Varejo,Digital,SP,2022-10-10,46-55,True
3193,CLI03193,Oliver Guerra,PJ - Frota Grande,Digital,PE,2022-05-29,46-55,True
3194,CLI03194,Danilo Dias,PF - Varejo,Showroom,MG,2021-05-15,36-45,True
3195,CLI03195,Pedro Lucas Aparecida,PF - Varejo,Showroom,SP,2021-06-15,46-55,True
3196,CLI03196,Luana Dias,PJ - Frota Pequena,Indicação,RJ,2022-07-31,36-45,True
3197,CLI03197,Arthur da Costa,PF - Premium,Digital,PR,2023-05-25,26-35,True
3198,CLI03198,Renan Andrade,PF - Varejo,Indicação,SP,2021-07-17,46-55,True
3199,CLI03199,Dra. Sabrina Macedo,PJ - Frota Grande,Digital,MG,2022-03-21,26-35,True
3200,CLI03200,Rafaela Pacheco,PF - Premium,Indicação,PR,2021-04-19,56+,True
3201,CLI03201,Vicente Farias,PF - Varejo,Showroom,SP,2023-04-18,26-35,True
3202,CLI03202,José da Costa,PF - Varejo,Digital,SP,2022-09-05,26-35,True
3203,CLI03203,Dr. Anthony Gabriel Campos,PF - Varejo,Digital,RS,2021-08-07,56+,True
3204,CLI03204,Raquel Dias,PF - Varejo,Indicação,SP,2022-11-12,46-55,True
3205,CLI03205,Heloisa Pastor,PF - Premium,Digital,SP,2022-08-24,36-45,True
3206,CLI03206,Luara Alves,PF - Varejo,CRM Ativo,SC,2021-07-09,18-25,True
3207,CLI03207,Bruna Silva,PF - Premium,Indicação,RJ,2021-06-10,46-55,True
3208,CLI03208,Ana Sophia Cavalcante,PF - Premium,Digital,SP,2022-01-21,46-55,True
3209,CLI03209,Ryan Aparecida,PF - Premium,Digital,SP,2021-08-01,26-35,True
3210,CLI03210,Igor Sá,PJ - Frota Grande,Digital,RJ,2021-08-24,36-45,True
3211,CLI03211,Sra. Carolina Barros,PJ - Frota Pequena,Digital,SP,2023-01-11,36-45,True
3212,CLI03212,Isabela Fernandes,PF - Premium,Showroom,SC,2021-08-05,26-35,True
3213,CLI03213,Srta. Lorena Moura,PF - Varejo,CRM Ativo,MG,2022-02-10,36-45,True
3214,CLI03214,Srta. Luiza Moraes,PF - Premium,Digital,SP,2022-11-15,46-55,True
3215,CLI03215,Isis Cassiano,PJ - Frota Pequena,Recall,MG,2021-05-25,26-35,True
3216,CLI03216,Pedro Aragão,PF - Varejo,Digital,RJ,2023-04-12,56+,True
3217,CLI03217,Miguel Vargas,PJ - Frota Pequena,Showroom,MG,2022-10-10,26-35,True
3218,CLI03218,Samuel Gomes,PJ - Frota Grande,Digital,SP,2022-03-08,36-45,True
3219,CLI03219,Vicente Sousa,PJ - Frota Pequena,Fidelização,SP,2023-01-04,56+,True
3220,CLI03220,Pietro Lopes,PF - Varejo,Indicação,DF,2022-09-19,46-55,True
3221,CLI03221,Miguel Castro,PF - Premium,Recall,GO,2021-01-20,46-55,True
3222,CLI03222,Maria Luiza Rios,PJ - Frota Pequena,Recall,ES,2023-06-19,56+,True
3223,CLI03223,Manuela Azevedo,PF - Varejo,Fidelização,MG,2021-04-13,36-45,True
3224,CLI03224,Vinícius Pinto,PF - Premium,Indicação,MG,2021-03-18,46-55,True
3225,CLI03225,Nina Machado,PF - Varejo,Digital,PE,2023-06-06,36-45,True
3226,CLI03226,Laís Abreu,PF - Varejo,Digital,MG,2021-05-08,36-45,True
3227,CLI03227,Sr. Marcos Vinicius Borges,PJ - Frota Pequena,Digital,GO,2023-02-12,36-45,True
3228,CLI03228,Dr. Francisco Borges,PF - Varejo,Showroom,BA,2021-12-18,36-45,True
3229,CLI03229,Raul Moura,PF - Varejo,Indicação,RJ,2021-11-13,26-35,True
3230,CLI03230,Maria Fernanda Borges,PF - Premium,Indicação,CE,2022-06-11,26-35,True
3231,CLI03231,Pedro Miguel Costa,PF - Varejo,Digital,SP,2022-02-13,56+,True
3232,CLI03232,Cecília da Costa,PF - Varejo,Digital,DF,2021-10-24,36-45,True
3233,CLI03233,Manuella Nascimento,PF - Varejo,Digital,BA,2022-10-13,56+,True
3234,CLI03234,Giovanna Souza,PJ - Frota Pequena,Digital,ES,2022-08-10,18-25,True
3235,CLI03235,Jade Machado,PF - Varejo,Fidelização,SP,2022-03-17,18-25,True
3236,CLI03236,Sr. Murilo Albuquerque,PF - Varejo,Digital,BA,2023-01-14,36-45,True
3237,CLI03237,Sra. Caroline Pinto,PF - Varejo,Digital,PE,2022-09-17,46-55,True
3238,CLI03238,Davi Miguel Pacheco,PF - Varejo,CRM Ativo,BA,2023-03-04,18-25,True
3239,CLI03239,Arthur Gabriel Nunes,PF - Varejo,Indicação,BA,2022-04-21,26-35,True
3240,CLI03240,Cecília Moura,PF - Premium,Indicação,PE,2021-10-17,26-35,True
3241,CLI03241,Antony Macedo,PJ - Frota Grande,CRM Ativo,SP,2021-07-01,36-45,True
3242,CLI03242,Leandro Carvalho,PF - Varejo,Fidelização,MG,2021-06-16,18-25,True
3243,CLI03243,Pedro Miguel Pires,PF - Varejo,Digital,PE,2022-12-13,46-55,True
3244,CLI03244,Isabelly Nogueira,PJ - Frota Pequena,Digital,SP,2023-01-18,56+,True
3245,CLI03245,Levi Abreu,PF - Varejo,CRM Ativo,RJ,2021-03-01,18-25,True
3246,CLI03246,Júlia Nogueira,PF - Premium,CRM Ativo,ES,2022-11-19,26-35,True
3247,CLI03247,Ana Cecília Barros,PF - Varejo,Recall,RS,2021-01-02,46-55,True
3248,CLI03248,Hellena Sales,PF - Varejo,CRM Ativo,RS,2021-12-22,46-55,True
3249,CLI03249,Lucas Gabriel Marques,PF - Premium,Digital,ES,2021-04-28,36-45,True
3250,CLI03250,Clarice Garcia,PJ - Frota Pequena,CRM Ativo,RS,2021-12-31,36-45,True
3251,CLI03251,Bárbara Lima,PF - Varejo,Indicação,SP,2021-05-28,26-35,True
3252,CLI03252,Ana Julia Montenegro,PF - Varejo,Digital,RJ,2021-06-22,36-45,True
3253,CLI03253,Lavínia Camargo,PF - Varejo,Indicação,RS,2022-06-24,36-45,True
3254,CLI03254,Bento Castro,PF - Varejo,Recall,GO,2021-10-19,36-45,True
3255,CLI03255,Juan Fernandes,PF - Premium,CRM Ativo,GO,2022-03-15,36-45,True
3256,CLI03256,Heloisa Freitas,PF - Premium,Indicação,PR,2022-03-26,56+,True
3257,CLI03257,Sara Carvalho,PF - Premium,CRM Ativo,RJ,2022-01-15,56+,True
3258,CLI03258,Helena Ferreira,PF - Premium,Indicação,PR,2023-05-05,26-35,True
3259,CLI03259,Vinícius Vieira,PF - Varejo,Fidelização,SP,2021-02-18,46-55,True
3260,CLI03260,João Lucas Melo,PF - Varejo,Indicação,ES,2021-03-13,26-35,True
3261,CLI03261,João Gabriel Moreira,PF - Premium,Recall,PR,2021-04-16,56+,True
3262,CLI03262,Ravi da Mota,PF - Premium,Digital,DF,2022-12-05,26-35,True
3263,CLI03263,Ana Vitória Viana,PF - Premium,CRM Ativo,RS,2021-12-04,46-55,True
3264,CLI03264,Theo Duarte,PF - Premium,Fidelização,PE,2021-06-10,26-35,True
3265,CLI03265,Dr. Caleb Câmara,PF - Varejo,Digital,BA,2022-02-26,26-35,True
3266,CLI03266,Ravy Nunes,PF - Varejo,Digital,ES,2021-08-02,46-55,True
3267,CLI03267,Daniela Cassiano,PF - Varejo,Indicação,RJ,2023-06-27,26-35,True
3268,CLI03268,Oliver Caldeira,PF - Varejo,Fidelização,ES,2022-01-19,26-35,True
3269,CLI03269,Rhavi Aragão,PF - Varejo,Digital,MG,2023-05-25,26-35,True
3270,CLI03270,Mariah Mendes,PF - Varejo,Indicação,CE,2021-06-21,46-55,True
3271,CLI03271,Felipe da Mota,PF - Premium,Digital,SC,2021-01-08,56+,True
3272,CLI03272,Jade Viana,PF - Varejo,Indicação,MG,2022-11-08,18-25,True
3273,CLI03273,Manuella da Paz,PF - Varejo,Recall,MG,2022-06-25,26-35,True
3274,CLI03274,Gabriela Campos,PF - Premium,CRM Ativo,SP,2021-01-16,36-45,True
3275,CLI03275,João Felipe Guerra,PF - Varejo,Indicação,PR,2022-01-18,26-35,True
3276,CLI03276,Sr. André Pastor,PF - Varejo,Indicação,PR,2021-06-10,46-55,True
3277,CLI03277,Luiz Fernando da Rocha,PF - Varejo,Showroom,SP,2022-10-21,36-45,True
3278,CLI03278,Maria Rios,PF - Varejo,Showroom,ES,2022-01-16,56+,True
3279,CLI03279,Dr. Gael Henrique Viana,PF - Varejo,Fidelização,SP,2022-08-06,56+,True
3280,CLI03280,Vinícius Castro,PF - Varejo,Digital,SP,2021-07-20,26-35,True
3281,CLI03281,Dr. Nicolas Sousa,PJ - Frota Pequena,CRM Ativo,PR,2022-05-23,46-55,True
3282,CLI03282,Ana Luiza Aparecida,PJ - Frota Pequena,Digital,SP,2023-04-22,18-25,True
3283,CLI03283,Alexia Silveira,PF - Varejo,Indicação,SP,2022-09-30,26-35,True
3284,CLI03284,Lívia Lopes,PF - Varejo,Fidelização,SP,2022-03-13,36-45,True
3285,CLI03285,Rael Martins,PF - Premium,Digital,SP,2022-11-27,26-35,True
3286,CLI03286,Gustavo Henrique Almeida,PF - Varejo,Digital,SP,2021-03-09,36-45,True
3287,CLI03287,João Vitor Fogaça,PF - Premium,Digital,MG,2022-01-11,36-45,True
3288,CLI03288,Francisco Rodrigues,PJ - Frota Pequena,Indicação,BA,2022-01-16,46-55,True
3289,CLI03289,Luna Lopes,PF - Varejo,Digital,MG,2021-10-06,18-25,True
3290,CLI03290,Enzo Gabriel Pimenta,PF - Varejo,Indicação,SP,2021-10-18,36-45,True
3291,CLI03291,Lavínia Martins,PJ - Frota Pequena,Indicação,PE,2023-01-02,56+,True
3292,CLI03292,Augusto Teixeira,PJ - Frota Grande,Fidelização,RJ,2022-08-05,18-25,True
3293,CLI03293,Sr. Breno Duarte,PF - Premium,Recall,DF,2023-02-04,56+,True
3294,CLI03294,Emanuel Costa,PF - Premium,Digital,SP,2022-09-05,18-25,True
3295,CLI03295,Nathan Rodrigues,PF - Premium,Recall,GO,2022-10-01,36-45,True
3296,CLI03296,Dr. Ryan Carvalho,PJ - Frota Grande,Recall,DF,2022-01-26,26-35,True
3297,CLI03297,Sr. Ian Farias,PJ - Frota Pequena,Showroom,SP,2021-05-29,26-35,True
3298,CLI03298,Dr. Kaique Pinto,PJ - Frota Grande,Indicação,MG,2021-08-20,26-35,True
3299,CLI03299,Sophie da Costa,PF - Premium,Fidelização,RJ,2022-04-12,36-45,True
3300,CLI03300,Enzo Gabriel Silva,PJ - Frota Grande,Showroom,SC,2022-07-08,36-45,True
3301,CLI03301,Leandro da Cunha,PF - Varejo,Digital,BA,2022-10-22,26-35,True
3302,CLI03302,Maria Laura da Conceição,PF - Varejo,Indicação,MG,2023-03-20,46-55,True
3303,CLI03303,Erick Novaes,PF - Varejo,Showroom,PE,2023-01-10,26-35,True
3304,CLI03304,Benjamin Pimenta,PF - Premium,CRM Ativo,ES,2022-08-04,26-35,True
3305,CLI03305,Sr. Igor Barros,PF - Varejo,Indicação,BA,2022-12-11,46-55,True
3306,CLI03306,Ana Carolina da Mata,PF - Premium,Digital,SP,2021-09-12,36-45,True
3307,CLI03307,Henrique Martins,PF - Varejo,Showroom,MG,2022-09-09,26-35,True
3308,CLI03308,Dra. Fernanda Novaes,PF - Varejo,Indicação,SP,2021-03-04,18-25,True
3309,CLI03309,Enzo Gabriel Albuquerque,PF - Varejo,Indicação,SP,2021-07-25,46-55,True
3310,CLI03310,Ryan Campos,PF - Varejo,Showroom,BA,2021-03-01,36-45,True
3311,CLI03311,Théo Sousa,PJ - Frota Grande,Indicação,BA,2023-03-14,56+,True
3312,CLI03312,Raquel da Rosa,PJ - Frota Pequena,Indicação,RJ,2021-05-10,26-35,True
3313,CLI03313,Paulo Barbosa,PF - Premium,Showroom,RJ,2021-02-21,36-45,True
3314,CLI03314,Rebeca Fogaça,PF - Premium,Digital,DF,2021-03-31,46-55,True
3315,CLI03315,Isaac Peixoto,PF - Varejo,Recall,SP,2022-08-21,36-45,True
3316,CLI03316,Olivia Teixeira,PJ - Frota Grande,Fidelização,RJ,2021-08-26,26-35,True
3317,CLI03317,Davi Mendes,PF - Varejo,Digital,SP,2022-09-17,36-45,True
3318,CLI03318,Eduardo Cunha,PF - Varejo,Digital,SP,2021-05-21,56+,True
3319,CLI03319,Yago Barros,PJ - Frota Pequena,Digital,SP,2021-07-10,36-45,True
3320,CLI03320,Alícia Ribeiro,PF - Varejo,Digital,GO,2021-09-02,36-45,True
3321,CLI03321,Davi Lucas da Rosa,PF - Premium,Digital,PE,2022-10-30,56+,True
3322,CLI03322,Ana Cavalcante,PF - Premium,Digital,MG,2022-04-10,26-35,True
3323,CLI03323,Apollo Teixeira,PF - Premium,Digital,SP,2021-07-27,26-35,True
3324,CLI03324,Diogo Monteiro,PF - Varejo,Fidelização,PR,2022-10-13,46-55,True
3325,CLI03325,Isabel Cunha,PF - Varejo,Recall,MG,2021-12-05,36-45,True
3326,CLI03326,Kaique Vieira,PF - Varejo,Digital,RJ,2023-03-27,26-35,True
3327,CLI03327,Daniela Farias,PJ - Frota Grande,Indicação,RJ,2023-04-30,36-45,True
3328,CLI03328,Clarice Alves,PJ - Frota Pequena,Digital,BA,2022-11-01,46-55,True
3329,CLI03329,Yan Rezende,PF - Varejo,Digital,RJ,2021-07-14,46-55,True
3330,CLI03330,Diogo Vieira,PF - Varejo,Digital,RS,2023-03-24,36-45,True
3331,CLI03331,Srta. Eloá Dias,PF - Varejo,Digital,SP,2023-03-06,36-45,True
3332,CLI03332,Sra. Emilly Teixeira,PF - Premium,Fidelização,SP,2021-08-21,46-55,True
3333,CLI03333,Pedro Câmara,PF - Premium,Indicação,BA,2023-02-15,18-25,True
3334,CLI03334,Lorena Sales,PJ - Frota Grande,Fidelização,RJ,2022-12-21,26-35,True
3335,CLI03335,Nicolas Brito,PF - Varejo,Digital,RJ,2021-05-23,26-35,True
3336,CLI03336,Heitor da Costa,PF - Premium,Indicação,DF,2022-07-24,46-55,True
3337,CLI03337,Otávio Freitas,PF - Varejo,Fidelização,SP,2021-05-12,18-25,True
3338,CLI03338,Dr. João Felipe Moura,PF - Premium,Digital,PR,2021-10-19,56+,True
3339,CLI03339,João Miguel Cassiano,PJ - Frota Grande,Recall,CE,2022-05-30,18-25,True
3340,CLI03340,Sr. Vitor Sousa,PF - Varejo,Showroom,MG,2022-05-30,36-45,True
3341,CLI03341,Catarina Albuquerque,PF - Varejo,Recall,SP,2023-06-09,36-45,True
3342,CLI03342,Henry Gabriel Pires,PF - Varejo,Indicação,RJ,2022-02-01,26-35,True
3343,CLI03343,Liz da Mata,PJ - Frota Pequena,Indicação,SP,2023-05-05,36-45,True
3344,CLI03344,Ana Sophia Almeida,PF - Varejo,Indicação,SP,2022-11-01,56+,True
3345,CLI03345,Antony Jesus,PF - Premium,Digital,MG,2022-12-23,26-35,True
3346,CLI03346,Maria Flor Vieira,PF - Varejo,Recall,SC,2023-02-23,26-35,True
3347,CLI03347,Ana Laura Novaes,PJ - Frota Pequena,Indicação,SP,2023-02-16,18-25,True
3348,CLI03348,Sr. Anthony Gabriel Rios,PF - Varejo,Fidelização,MG,2022-03-22,18-25,True
3349,CLI03349,Bárbara Pinto,PJ - Frota Grande,Fidelização,CE,2022-03-28,56+,True
3350,CLI03350,Ravi Oliveira,PF - Varejo,Fidelização,RS,2021-02-05,46-55,True
3351,CLI03351,Srta. Heloísa Silveira,PJ - Frota Pequena,Digital,CE,2021-10-27,26-35,True
3352,CLI03352,Zoe das Neves,PF - Varejo,Indicação,PE,2023-05-03,26-35,True
3353,CLI03353,Ester Castro,PF - Premium,Digital,PE,2022-04-14,26-35,True
3354,CLI03354,Sr. Lorenzo Aragão,PJ - Frota Pequena,Fidelização,MG,2021-04-19,26-35,True
3355,CLI03355,Amanda Borges,PJ - Frota Pequena,Fidelização,CE,2022-01-04,26-35,True
3356,CLI03356,Davi Miguel Marques,PJ - Frota Pequena,Digital,PR,2021-07-19,46-55,True
3357,CLI03357,Valentim Nascimento,PF - Varejo,Showroom,PR,2022-12-31,56+,True
3358,CLI03358,Sr. Thiago Gonçalves,PF - Varejo,Digital,GO,2021-02-08,18-25,True
3359,CLI03359,Maria Laura Viana,PF - Varejo,CRM Ativo,RJ,2022-10-27,56+,True
3360,CLI03360,Enrico Almeida,PF - Varejo,Digital,CE,2021-11-18,36-45,True
3361,CLI03361,Heitor Moura,PF - Premium,Digital,DF,2022-01-26,26-35,True
3362,CLI03362,Thiago Pereira,PF - Varejo,Indicação,PR,2022-09-16,26-35,True
3363,CLI03363,Luigi Pimenta,PF - Varejo,Digital,SP,2021-12-16,18-25,True
3364,CLI03364,Nathan Ribeiro,PF - Premium,Digital,DF,2022-06-28,46-55,True
3365,CLI03365,João Vitor Teixeira,PF - Varejo,Recall,SP,2022-01-15,46-55,True
3366,CLI03366,Dom Duarte,PJ - Frota Grande,Digital,RS,2021-08-04,26-35,True
3367,CLI03367,Heloisa Sousa,PF - Varejo,Fidelização,SP,2021-05-19,26-35,True
3368,CLI03368,Nathan Leão,PF - Varejo,Showroom,RJ,2021-04-22,56+,True
3369,CLI03369,Sra. Mariah Cirino,PF - Varejo,Digital,BA,2021-12-13,26-35,True
3370,CLI03370,Cauê Rios,PF - Premium,Indicação,SP,2021-10-26,26-35,True
3371,CLI03371,Maria Luísa Abreu,PJ - Frota Grande,Recall,CE,2022-06-25,26-35,True
3372,CLI03372,Otávio Mendonça,PF - Premium,Digital,PE,2022-07-18,46-55,True
3373,CLI03373,Igor Viana,PJ - Frota Pequena,Indicação,PR,2022-01-28,36-45,True
3374,CLI03374,Amanda Gonçalves,PJ - Frota Grande,Digital,SP,2022-05-24,36-45,True
3375,CLI03375,Dr. Murilo Viana,PF - Varejo,Indicação,DF,2021-07-24,36-45,True
3376,CLI03376,Dr. Pietro Lima,PJ - Frota Pequena,Fidelização,RJ,2021-10-08,36-45,True
3377,CLI03377,Sra. Luísa Garcia,PF - Varejo,Fidelização,RJ,2022-08-14,36-45,True
3378,CLI03378,Zoe das Neves,PF - Varejo,Digital,SP,2023-03-07,26-35,True
3379,CLI03379,Sra. Milena da Costa,PJ - Frota Pequena,Fidelização,RJ,2022-01-30,36-45,True
3380,CLI03380,Luigi Pacheco,PJ - Frota Pequena,Indicação,SC,2022-10-04,26-35,True
3381,CLI03381,Otto Vasconcelos,PF - Premium,Recall,PR,2022-12-29,46-55,True
3382,CLI03382,Vitor Mendonça,PF - Varejo,Digital,MG,2021-10-17,46-55,True
3383,CLI03383,Dra. Isis Monteiro,PF - Varejo,Fidelização,RJ,2021-03-05,26-35,True
3384,CLI03384,Srta. Mirella Rios,PJ - Frota Pequena,Indicação,MG,2022-03-09,18-25,True
3385,CLI03385,Luiza Pinto,PF - Varejo,Recall,PR,2021-07-01,36-45,True
3386,CLI03386,Ana Clara Rocha,PF - Varejo,Indicação,MG,2021-05-12,56+,True
3387,CLI03387,Maria Eduarda Almeida,PJ - Frota Pequena,Indicação,SP,2021-01-06,56+,True
3388,CLI03388,Larissa Carvalho,PF - Premium,Digital,CE,2022-11-20,26-35,True
3389,CLI03389,Luísa Barbosa,PF - Varejo,CRM Ativo,RS,2023-04-11,26-35,True
3390,CLI03390,Leonardo Duarte,PF - Varejo,Indicação,CE,2021-11-28,26-35,True
3391,CLI03391,Maria Peixoto,PF - Varejo,CRM Ativo,SP,2023-05-03,18-25,True
3392,CLI03392,Lara Pires,PF - Varejo,Indicação,MG,2023-01-30,56+,True
3393,CLI03393,Ana Laura Moura,PJ - Frota Pequena,Digital,RJ,2022-08-30,36-45,True
3394,CLI03394,Dr. Luan Souza,PF - Varejo,Indicação,PE,2021-05-28,26-35,True
3395,CLI03395,Benjamin Costa,PF - Varejo,Digital,MG,2022-08-02,18-25,True
3396,CLI03396,Rael Costela,PF - Varejo,Digital,RS,2022-10-22,26-35,True
3397,CLI03397,Ana Liz Costela,PF - Varejo,Recall,SC,2021-01-05,26-35,True
3398,CLI03398,Maria Helena Nogueira,PF - Varejo,Digital,BA,2023-05-15,26-35,True
3399,CLI03399,Hadassa Oliveira,PF - Varejo,Indicação,SP,2023-03-27,36-45,True
3400,CLI03400,Caio Siqueira,PF - Varejo,Fidelização,PR,2023-02-09,36-45,True
3401,CLI03401,Eloah Melo,PF - Varejo,Digital,SP,2021-09-05,56+,True
3402,CLI03402,Ana Liz Cavalcanti,PJ - Frota Grande,Indicação,SP,2023-06-29,26-35,True
3403,CLI03403,Matteo Barros,PF - Premium,Showroom,DF,2023-03-02,46-55,True
3404,CLI03404,Liz Rocha,PF - Varejo,Recall,RS,2022-04-28,36-45,True
3405,CLI03405,Sra. Isis Campos,PF - Varejo,Recall,PR,2021-11-23,36-45,True
3406,CLI03406,João Pedro Silva,PF - Premium,Showroom,RS,2022-09-22,36-45,True
3407,CLI03407,Maria Rezende,PF - Premium,Digital,SP,2021-09-18,18-25,True
3408,CLI03408,Esther da Luz,PF - Premium,Recall,ES,2022-02-23,26-35,True
3409,CLI03409,Lorena Ferreira,PF - Varejo,Indicação,SP,2023-02-13,46-55,True
3410,CLI03410,Pedro Miguel Garcia,PF - Varejo,Recall,RS,2022-09-12,36-45,True
3411,CLI03411,Ana Clara Fogaça,PJ - Frota Pequena,Digital,RJ,2021-01-19,56+,True
3412,CLI03412,Aylla Pinto,PJ - Frota Pequena,Indicação,SP,2022-10-26,18-25,True
3413,CLI03413,Ana Lívia Aragão,PF - Varejo,CRM Ativo,PR,2021-05-15,26-35,True
3414,CLI03414,Igor Garcia,PJ - Frota Pequena,Digital,RJ,2023-02-01,56+,True
3415,CLI03415,Vitor Hugo Silveira,PJ - Frota Pequena,Fidelização,MG,2021-12-09,46-55,True
3416,CLI03416,Eduarda Aparecida,PF - Varejo,Recall,ES,2022-05-07,26-35,True
3417,CLI03417,Davi Lucca Vargas,PJ - Frota Pequena,Digital,SP,2022-01-22,46-55,True
3418,CLI03418,Bruna Jesus,PF - Varejo,Recall,SP,2022-10-14,56+,True
3419,CLI03419,Dra. Letícia Sales,PF - Varejo,Indicação,SP,2023-06-26,56+,True
3420,CLI03420,Igor Pires,PJ - Frota Pequena,Showroom,MG,2022-02-05,36-45,True
3421,CLI03421,Arthur Gabriel Ferreira,PF - Varejo,Recall,SP,2021-08-14,56+,True
3422,CLI03422,Bruno da Cunha,PJ - Frota Pequena,Digital,SP,2023-01-05,46-55,True
3423,CLI03423,Mariah Carvalho,PF - Varejo,Indicação,SP,2022-12-16,36-45,True
3424,CLI03424,Cauê Sá,PJ - Frota Pequena,Digital,SP,2021-05-08,36-45,True
3425,CLI03425,Pedro Lucas da Rosa,PJ - Frota Pequena,Indicação,SP,2022-02-01,56+,True
3426,CLI03426,Dr. Raul da Mata,PJ - Frota Grande,CRM Ativo,GO,2022-03-06,26-35,True
3427,CLI03427,Ana Júlia Ramos,PF - Varejo,Digital,RJ,2023-04-22,56+,True
3428,CLI03428,Anthony Gabriel Vargas,PJ - Frota Pequena,Showroom,SP,2022-11-06,56+,True
3429,CLI03429,Liam Macedo,PJ - Frota Pequena,Indicação,DF,2023-02-04,26-35,True
3430,CLI03430,Leandro Camargo,PF - Varejo,Showroom,RS,2021-04-20,18-25,True
3431,CLI03431,Valentim Vieira,PF - Varejo,CRM Ativo,RS,2022-11-08,46-55,True
3432,CLI03432,Maria Vitória Lima,PF - Varejo,Indicação,SP,2021-05-01,26-35,True
3433,CLI03433,Isabelly da Costa,PF - Varejo,Indicação,PR,2021-11-04,26-35,True
3434,CLI03434,Maria Cecília da Mota,PJ - Frota Pequena,Indicação,MG,2021-11-20,18-25,True
3435,CLI03435,Sr. Miguel Melo,PF - Varejo,Indicação,ES,2022-09-20,46-55,True
3436,CLI03436,Joaquim Porto,PF - Varejo,Indicação,PR,2023-01-05,46-55,True
3437,CLI03437,Rafaela Pinto,PF - Varejo,Recall,GO,2021-07-21,46-55,True
3438,CLI03438,Murilo Caldeira,PJ - Frota Pequena,Fidelização,PE,2023-04-08,36-45,True
3439,CLI03439,Rael Fogaça,PF - Premium,Showroom,BA,2022-04-16,56+,True
3440,CLI03440,Ana Liz Aparecida,PF - Varejo,Digital,RJ,2022-03-19,26-35,True
3441,CLI03441,Gabriel Lopes,PF - Varejo,Showroom,SP,2022-06-21,46-55,True
3442,CLI03442,Gustavo Dias,PF - Premium,Digital,SP,2021-04-28,36-45,True
3443,CLI03443,Calebe Novais,PJ - Frota Pequena,Fidelização,DF,2023-04-11,56+,True
3444,CLI03444,Luiz Henrique Ferreira,PF - Premium,Fidelização,GO,2023-04-20,56+,True
3445,CLI03445,Eloá Silva,PF - Varejo,CRM Ativo,MG,2023-06-23,46-55,True
3446,CLI03446,João Lucas Aparecida,PF - Varejo,Digital,SP,2021-12-22,26-35,True
3447,CLI03447,Théo Dias,PF - Varejo,Fidelização,SP,2021-08-28,26-35,True
3448,CLI03448,Marcelo Andrade,PF - Varejo,Recall,SP,2022-02-11,26-35,True
3449,CLI03449,Ana Nunes,PF - Varejo,Showroom,SP,2022-07-27,26-35,True
3450,CLI03450,Yuri da Paz,PF - Varejo,CRM Ativo,RJ,2021-05-16,36-45,True
3451,CLI03451,Luiza Rocha,PF - Varejo,Digital,SP,2021-05-22,18-25,True
3452,CLI03452,Sra. Agatha Ramos,PF - Varejo,Digital,SP,2021-09-13,46-55,True
3453,CLI03453,Nicole Almeida,PJ - Frota Grande,Digital,RS,2022-06-02,56+,True
3454,CLI03454,Lara Rezende,PJ - Frota Pequena,Digital,BA,2021-04-01,26-35,True
3455,CLI03455,Camila Fogaça,PF - Premium,Digital,SP,2023-03-20,36-45,True
3456,CLI03456,Oliver Jesus,PF - Varejo,Showroom,MG,2021-07-26,36-45,True
3457,CLI03457,Laís Garcia,PF - Varejo,Indicação,PR,2023-03-26,56+,True
3458,CLI03458,Srta. Isabel Rezende,PF - Varejo,Digital,DF,2022-07-21,18-25,True
3459,CLI03459,João Pedro Sampaio,PJ - Frota Pequena,Digital,RJ,2021-06-22,26-35,True
3460,CLI03460,Dra. Anna Liz Castro,PF - Varejo,Digital,SC,2022-06-28,46-55,True
3461,CLI03461,Cecília Fonseca,PF - Premium,Showroom,SP,2021-12-04,36-45,True
3462,CLI03462,Sra. Lívia Cavalcante,PF - Varejo,Showroom,RJ,2021-10-19,36-45,True
3463,CLI03463,Sr. Luiz Otávio Pinto,PJ - Frota Pequena,Digital,SP,2021-06-18,36-45,True
3464,CLI03464,Cecilia Duarte,PF - Varejo,Showroom,PE,2021-06-19,36-45,True
3465,CLI03465,Olívia Oliveira,PF - Varejo,Showroom,SP,2023-03-16,26-35,True
3466,CLI03466,Gael Henrique Leão,PJ - Frota Grande,Showroom,SP,2023-03-21,26-35,True
3467,CLI03467,Ayla Barros,PF - Premium,Showroom,GO,2022-02-23,26-35,True
3468,CLI03468,Stephany Almeida,PJ - Frota Grande,Recall,BA,2022-06-29,36-45,True
3469,CLI03469,Luiz Fernando da Costa,PF - Varejo,CRM Ativo,SP,2022-09-13,26-35,True
3470,CLI03470,João Pedro Moraes,PJ - Frota Pequena,Recall,GO,2023-05-07,36-45,True
3471,CLI03471,Davi Lucas Gomes,PF - Varejo,CRM Ativo,SP,2021-04-03,46-55,True
3472,CLI03472,José Pedro Marques,PF - Varejo,Fidelização,SP,2021-09-15,36-45,True
3473,CLI03473,Luna Abreu,PJ - Frota Pequena,Digital,BA,2023-01-20,46-55,True
3474,CLI03474,Clarice Martins,PJ - Frota Pequena,CRM Ativo,MG,2022-10-04,26-35,True
3475,CLI03475,Sra. Ester Fernandes,PF - Varejo,Indicação,SP,2022-02-09,36-45,True
3476,CLI03476,Mateus Cunha,PF - Varejo,Indicação,SP,2022-04-12,46-55,True
3477,CLI03477,Dr. Rael Vasconcelos,PF - Premium,Digital,SC,2021-11-14,18-25,True
3478,CLI03478,Fernando Fogaça,PJ - Frota Grande,Recall,SP,2021-12-18,36-45,True
3479,CLI03479,Stephany Fernandes,PJ - Frota Pequena,Digital,DF,2022-11-28,26-35,True
3480,CLI03480,Manuella Campos,PF - Varejo,Indicação,SP,2021-03-11,26-35,True
3481,CLI03481,Daniela Ferreira,PJ - Frota Grande,Indicação,MG,2021-11-16,36-45,True
3482,CLI03482,Davi Montenegro,PJ - Frota Pequena,CRM Ativo,CE,2022-01-21,56+,True
3483,CLI03483,Isaac Freitas,PJ - Frota Pequena,CRM Ativo,BA,2021-01-19,18-25,True
3484,CLI03484,Lorenzo da Cruz,PF - Varejo,Recall,RJ,2021-11-20,26-35,True
3485,CLI03485,Bianca Azevedo,PF - Premium,CRM Ativo,SP,2021-10-31,46-55,True
3486,CLI03486,João Carvalho,PJ - Frota Pequena,CRM Ativo,PE,2022-10-02,46-55,True
3487,CLI03487,Arthur Araújo,PF - Premium,Indicação,PR,2022-12-27,46-55,True
3488,CLI03488,Luiz Henrique Gomes,PJ - Frota Pequena,Showroom,SP,2021-08-16,36-45,True
3489,CLI03489,Isabel Carvalho,PF - Varejo,Indicação,SP,2022-06-08,26-35,True
3490,CLI03490,Bruna Aragão,PJ - Frota Pequena,Digital,RJ,2022-11-01,56+,True
3491,CLI03491,Liz Pacheco,PF - Varejo,Indicação,RJ,2021-10-20,26-35,True
3492,CLI03492,Amanda Barbosa,PF - Varejo,Indicação,PR,2023-06-05,26-35,True
3493,CLI03493,Elisa Araújo,PF - Varejo,Fidelização,MG,2022-07-15,56+,True
3494,CLI03494,Luísa Teixeira,PF - Varejo,Digital,CE,2021-05-29,18-25,True
3495,CLI03495,Breno Rios,PF - Varejo,Showroom,MG,2021-07-25,46-55,True
3496,CLI03496,Joaquim Campos,PJ - Frota Grande,Digital,PR,2023-04-24,36-45,True
3497,CLI03497,Yasmin Pinto,PJ - Frota Grande,Fidelização,SC,2021-02-10,26-35,True
3498,CLI03498,Eloá Barros,PJ - Frota Pequena,Digital,SP,2021-11-27,56+,True
3499,CLI03499,Levi Mendonça,PF - Varejo,CRM Ativo,SP,2021-06-21,46-55,True
3500,CLI03500,Dra. Isabella Porto,PF - Varejo,Digital,SP,2021-04-01,36-45,True
3501,CLI03501,Letícia Andrade,PF - Varejo,Showroom,SP,2023-06-14,18-25,True
3502,CLI03502,Eduardo Abreu,PF - Varejo,Digital,GO,2021-10-19,56+,True
3503,CLI03503,Olívia Abreu,PF - Varejo,Recall,CE,2021-12-30,26-35,True
3504,CLI03504,Lorenzo Câmara,PF - Varejo,Digital,SP,2022-04-06,18-25,True
3505,CLI03505,Pedro Henrique Moreira,PF - Varejo,Recall,SP,2023-04-18,26-35,True
3506,CLI03506,Maria Liz Jesus,PF - Varejo,Indicação,SP,2021-04-02,56+,True
3507,CLI03507,Pedro Miguel Gonçalves,PF - Varejo,Showroom,RJ,2021-09-22,36-45,True
3508,CLI03508,Liam Macedo,PF - Premium,Indicação,DF,2022-08-21,36-45,True
3509,CLI03509,Marcela Monteiro,PJ - Frota Pequena,Digital,ES,2023-03-30,46-55,True
3510,CLI03510,Dra. Emilly Vasconcelos,PJ - Frota Grande,Digital,MG,2021-07-16,46-55,True
3511,CLI03511,Ana Clara Cirino,PJ - Frota Pequena,CRM Ativo,RJ,2021-03-23,46-55,True
3512,CLI03512,Lorena Barros,PF - Varejo,Digital,SP,2023-05-12,26-35,True
3513,CLI03513,Sra. Maya Sales,PJ - Frota Grande,Indicação,RS,2021-10-19,36-45,True
3514,CLI03514,Ana Lívia Camargo,PF - Varejo,Digital,PR,2022-06-21,26-35,True
3515,CLI03515,Lucas Gabriel Mendonça,PJ - Frota Pequena,CRM Ativo,SP,2022-10-24,26-35,True
3516,CLI03516,Ravi Lucca Araújo,PF - Varejo,Showroom,RJ,2022-04-20,18-25,True
3517,CLI03517,Allana Pimenta,PF - Premium,CRM Ativo,RJ,2023-04-10,36-45,True
3518,CLI03518,Maria Luiza Garcia,PJ - Frota Grande,Showroom,BA,2021-03-06,36-45,True
3519,CLI03519,Davi Lucca Pastor,PJ - Frota Grande,Showroom,SC,2023-01-07,46-55,True
3520,CLI03520,Aylla Camargo,PJ - Frota Pequena,Digital,RJ,2021-12-05,46-55,True
3521,CLI03521,Oliver Moraes,PF - Varejo,Recall,SP,2021-04-28,46-55,True
3522,CLI03522,Sr. Vicente da Rocha,PF - Varejo,Fidelização,PR,2021-01-09,26-35,True
3523,CLI03523,Bento Sales,PF - Premium,Digital,RJ,2022-08-09,26-35,True
3524,CLI03524,Dra. Maria Clara da Mata,PF - Varejo,CRM Ativo,SP,2022-12-27,36-45,True
3525,CLI03525,Catarina Mendes,PF - Varejo,Recall,RJ,2021-08-13,36-45,True
3526,CLI03526,Lorena Sousa,PJ - Frota Pequena,Showroom,SP,2021-09-17,36-45,True
3527,CLI03527,Isaque Pacheco,PF - Varejo,Indicação,RJ,2022-01-31,36-45,True
3528,CLI03528,Luna Porto,PF - Varejo,Showroom,RJ,2022-12-25,26-35,True
3529,CLI03529,Lara Câmara,PF - Varejo,Showroom,PR,2023-01-19,26-35,True
3530,CLI03530,Antonella da Rocha,PJ - Frota Pequena,Digital,MG,2022-05-19,36-45,True
3531,CLI03531,Fernando da Cruz,PF - Premium,Showroom,RJ,2021-05-24,26-35,True
3532,CLI03532,Asafe Freitas,PF - Varejo,Recall,DF,2022-05-04,36-45,True
3533,CLI03533,Lorena Lopes,PF - Varejo,Showroom,GO,2022-01-13,56+,True
3534,CLI03534,Breno Gonçalves,PF - Premium,Fidelização,SP,2021-07-12,26-35,True
3535,CLI03535,Ana Laura Pimenta,PF - Varejo,Showroom,SP,2022-07-24,36-45,True
3536,CLI03536,Liam da Rosa,PF - Varejo,Digital,DF,2021-01-17,26-35,True
3537,CLI03537,José Miguel Pacheco,PF - Varejo,Showroom,SP,2022-06-19,36-45,True
3538,CLI03538,Marcelo Sá,PJ - Frota Pequena,CRM Ativo,DF,2021-12-12,26-35,True
3539,CLI03539,Sr. Lucas Silva,PF - Premium,Indicação,SP,2021-03-16,18-25,True
3540,CLI03540,João Gabriel Marques,PF - Varejo,Fidelização,RJ,2022-01-04,36-45,True
3541,CLI03541,Marcela Vieira,PF - Varejo,Digital,ES,2021-07-16,26-35,True
3542,CLI03542,Isabel Cavalcanti,PF - Premium,Digital,SP,2022-12-21,36-45,True
3543,CLI03543,Jade Azevedo,PJ - Frota Pequena,Indicação,SP,2023-01-23,26-35,True
3544,CLI03544,Srta. Lívia Pacheco,PJ - Frota Pequena,Showroom,PR,2022-12-18,36-45,True
3545,CLI03545,Dr. Bento Mendonça,PJ - Frota Pequena,Showroom,GO,2022-11-27,46-55,True
3546,CLI03546,Ana Luiza Andrade,PF - Premium,Digital,DF,2023-06-19,56+,True
3547,CLI03547,José Fonseca,PF - Varejo,Indicação,PE,2021-11-20,26-35,True
3548,CLI03548,Marcos Vinicius Lima,PJ - Frota Pequena,Digital,SP,2021-02-27,18-25,True
3549,CLI03549,Bianca Duarte,PF - Varejo,Indicação,MG,2023-03-05,46-55,True
3550,CLI03550,Zoe Pereira,PJ - Frota Grande,Digital,MG,2023-03-03,36-45,True
3551,CLI03551,Ian Costa,PF - Premium,Digital,SP,2022-06-14,18-25,True
3552,CLI03552,Davi Vargas,PF - Varejo,Indicação,BA,2023-04-21,26-35,True
3553,CLI03553,Anna Liz Pinto,PJ - Frota Pequena,CRM Ativo,ES,2023-03-25,56+,True
3554,CLI03554,Daniela Andrade,PF - Varejo,Digital,SP,2021-08-12,46-55,True
3555,CLI03555,Maya Barbosa,PJ - Frota Pequena,Fidelização,MG,2021-08-24,46-55,True
3556,CLI03556,Gabriel Abreu,PF - Varejo,Indicação,CE,2023-03-10,36-45,True
3557,CLI03557,João Guilherme Sousa,PJ - Frota Grande,Indicação,DF,2023-03-14,36-45,True
3558,CLI03558,Pietra Casa Grande,PJ - Frota Pequena,Fidelização,SC,2022-02-18,26-35,True
3559,CLI03559,Ana Sophia Pereira,PJ - Frota Grande,Indicação,SP,2022-04-07,36-45,True
3560,CLI03560,Ana Júlia Costa,PJ - Frota Pequena,Digital,GO,2021-11-06,46-55,True
3561,CLI03561,Arthur Silveira,PF - Varejo,CRM Ativo,SP,2021-01-14,56+,True
3562,CLI03562,Anthony Gabriel Pimenta,PF - Varejo,Digital,MG,2021-05-24,26-35,True
3563,CLI03563,Dr. Yago Nogueira,PF - Varejo,Indicação,SP,2021-03-06,26-35,True
3564,CLI03564,Sofia Pereira,PF - Varejo,Showroom,PR,2022-07-28,56+,True
3565,CLI03565,Catarina Farias,PF - Premium,Showroom,RS,2022-03-08,36-45,True
3566,CLI03566,Anthony da Paz,PF - Premium,Indicação,DF,2023-05-04,46-55,True
3567,CLI03567,Ryan da Conceição,PF - Varejo,Showroom,SP,2023-03-10,26-35,True
3568,CLI03568,Matheus da Luz,PF - Varejo,Showroom,CE,2021-10-15,46-55,True
3569,CLI03569,Anna Liz Monteiro,PF - Varejo,Digital,BA,2022-12-22,26-35,True
3570,CLI03570,Henry Montenegro,PF - Premium,Indicação,SP,2022-03-07,36-45,True
3571,CLI03571,Bárbara Machado,PF - Premium,Indicação,SP,2023-04-15,26-35,True
3572,CLI03572,Maria Vitória Nunes,PF - Varejo,Indicação,RJ,2023-02-01,36-45,True
3573,CLI03573,João Gabriel da Cruz,PF - Varejo,Showroom,BA,2023-05-10,26-35,True
3574,CLI03574,Dra. Alexia Martins,PF - Varejo,Fidelização,SP,2023-02-15,26-35,True
3575,CLI03575,Vinicius Azevedo,PF - Varejo,Recall,PR,2021-10-08,56+,True
3576,CLI03576,Cecília Porto,PJ - Frota Pequena,Digital,RJ,2021-11-21,26-35,True
3577,CLI03577,Léo Lima,PF - Varejo,Indicação,SP,2021-02-19,26-35,True
3578,CLI03578,Luan Montenegro,PF - Varejo,Digital,ES,2021-10-21,36-45,True
3579,CLI03579,Ana Carolina Rios,PJ - Frota Grande,Digital,MG,2022-05-18,26-35,True
3580,CLI03580,Sara da Rocha,PF - Varejo,Indicação,PE,2022-10-25,56+,True
3581,CLI03581,Maria Luiza Santos,PF - Varejo,Indicação,MG,2022-12-27,26-35,True
3582,CLI03582,Pedro Miguel Rodrigues,PF - Varejo,Indicação,MG,2023-06-10,26-35,True
3583,CLI03583,Miguel Sá,PF - Varejo,Indicação,MG,2023-05-31,56+,True
3584,CLI03584,Srta. Isabela Vasconcelos,PF - Varejo,Fidelização,DF,2022-06-21,56+,True
3585,CLI03585,Bianca Caldeira,PJ - Frota Pequena,Showroom,DF,2021-01-17,18-25,True
3586,CLI03586,Luan Mendes,PF - Varejo,CRM Ativo,CE,2021-07-03,56+,True
3587,CLI03587,Sr. Luiz Miguel Castro,PJ - Frota Pequena,Fidelização,BA,2022-06-13,46-55,True
3588,CLI03588,Rael Novaes,PF - Premium,CRM Ativo,GO,2022-09-28,46-55,True
3589,CLI03589,Dr. Rael Novaes,PF - Premium,Digital,SP,2021-04-16,56+,True
3590,CLI03590,Rael Barbosa,PF - Premium,Digital,SP,2022-06-19,46-55,True
3591,CLI03591,Dr. Cauã Montenegro,PJ - Frota Pequena,Fidelização,RS,2021-08-24,26-35,True
3592,CLI03592,Arthur Cavalcanti,PF - Varejo,Indicação,GO,2021-07-07,18-25,True
3593,CLI03593,Liam Pimenta,PF - Premium,Digital,MG,2022-12-07,56+,True
3594,CLI03594,Kamilly Rodrigues,PF - Varejo,Showroom,SP,2021-12-13,18-25,True
3595,CLI03595,Nina Nunes,PF - Varejo,Indicação,CE,2021-12-19,36-45,True
3596,CLI03596,Sr. João Vitor Moraes,PF - Varejo,Indicação,PR,2023-01-02,46-55,True
3597,CLI03597,Dr. João Guilherme Ribeiro,PF - Varejo,Recall,CE,2022-09-09,36-45,True
3598,CLI03598,Bruna Barbosa,PF - Varejo,Recall,RS,2021-03-20,46-55,True
3599,CLI03599,Sr. Pedro Silveira,PF - Premium,CRM Ativo,SP,2021-02-12,56+,True
3600,CLI03600,Ana Vitória Silva,PF - Premium,Showroom,SP,2022-02-12,36-45,True
3601,CLI03601,Laís Mendes,PJ - Frota Pequena,Showroom,SP,2023-02-02,36-45,True
3602,CLI03602,Ágatha da Paz,PF - Varejo,CRM Ativo,SC,2023-02-15,18-25,True
3603,CLI03603,Ana Carolina Vasconcelos,PJ - Frota Pequena,Fidelização,RJ,2021-04-08,46-55,True
3604,CLI03604,Dr. Dom Souza,PF - Varejo,Showroom,RJ,2023-04-21,26-35,True
3605,CLI03605,Ravi Vieira,PF - Varejo,Indicação,GO,2021-09-09,26-35,True
3606,CLI03606,João Rezende,PF - Varejo,Fidelização,MG,2022-12-25,36-45,True
3607,CLI03607,Maria Luiza Silveira,PJ - Frota Grande,Fidelização,SP,2021-01-17,36-45,True
3608,CLI03608,Yan Sampaio,PJ - Frota Grande,Digital,RJ,2021-08-17,26-35,True
3609,CLI03609,Kevin Pereira,PF - Varejo,Showroom,CE,2022-05-20,56+,True
3610,CLI03610,Júlia Rodrigues,PJ - Frota Pequena,Indicação,SP,2023-03-03,56+,True
3611,CLI03611,Larissa Nunes,PF - Varejo,Digital,SC,2021-02-13,36-45,True
3612,CLI03612,Isaac Carvalho,PF - Varejo,Fidelização,ES,2021-01-24,18-25,True
3613,CLI03613,Luigi da Cunha,PJ - Frota Pequena,Digital,MG,2023-05-31,56+,True
3614,CLI03614,Fernando da Rosa,PJ - Frota Grande,Digital,SP,2021-12-30,18-25,True
3615,CLI03615,Zoe Vargas,PF - Premium,Indicação,RJ,2021-09-25,18-25,True
3616,CLI03616,Heloísa da Paz,PF - Varejo,Indicação,GO,2022-04-21,26-35,True
3617,CLI03617,Davi Macedo,PF - Varejo,Fidelização,BA,2021-07-04,26-35,True
3618,CLI03618,Lorena Nogueira,PF - Varejo,Showroom,RJ,2022-02-20,46-55,True
3619,CLI03619,Vicente Sá,PF - Varejo,Digital,MG,2023-02-23,46-55,True
3620,CLI03620,Isabel Aragão,PJ - Frota Grande,Indicação,MG,2021-09-30,18-25,True
3621,CLI03621,Isaque Moreira,PF - Varejo,Fidelização,RJ,2022-10-17,56+,True
3622,CLI03622,Allana Azevedo,PF - Premium,CRM Ativo,CE,2023-03-10,26-35,True
3623,CLI03623,Alice Viana,PF - Varejo,Digital,SP,2023-04-20,36-45,True
3624,CLI03624,Isabelly Mendes,PF - Varejo,CRM Ativo,MG,2021-03-12,46-55,True
3625,CLI03625,Srta. Antonella Andrade,PJ - Frota Grande,Fidelização,SP,2021-05-19,36-45,True
3626,CLI03626,Guilherme Pacheco,PF - Varejo,Digital,RJ,2021-07-11,46-55,True
3627,CLI03627,Arthur Miguel Carvalho,PF - Varejo,Digital,ES,2021-11-19,18-25,True
3628,CLI03628,Miguel Fernandes,PF - Varejo,Showroom,SP,2021-07-06,36-45,True
3629,CLI03629,Sr. Felipe Ribeiro,PF - Varejo,Fidelização,RJ,2023-04-02,26-35,True
3630,CLI03630,José Sampaio,PF - Premium,Indicação,RJ,2021-07-20,36-45,True
3631,CLI03631,Maysa Pastor,PF - Varejo,Digital,PR,2021-04-25,36-45,True
3632,CLI03632,Lucca Vargas,PF - Premium,Digital,SP,2022-01-14,46-55,True
3633,CLI03633,Sara Azevedo,PJ - Frota Pequena,Digital,RJ,2023-01-25,36-45,True
3634,CLI03634,Breno Aragão,PF - Premium,Showroom,SP,2022-01-05,46-55,True
3635,CLI03635,Vinícius Pimenta,PF - Varejo,Digital,GO,2022-03-15,36-45,True
3636,CLI03636,Laís Moreira,PF - Varejo,CRM Ativo,SC,2022-12-08,46-55,True
3637,CLI03637,Ísis Cunha,PF - Varejo,Indicação,PE,2022-06-12,36-45,True
3638,CLI03638,Benjamin da Costa,PJ - Frota Pequena,Digital,RJ,2023-01-20,56+,True
3639,CLI03639,Beatriz Silveira,PF - Premium,Indicação,SP,2022-06-06,36-45,True
3640,CLI03640,Alice da Rocha,PF - Varejo,Digital,RJ,2021-01-30,46-55,True
3641,CLI03641,Sophie Novaes,PF - Varejo,CRM Ativo,SP,2023-03-06,36-45,True
3642,CLI03642,Maria Fernanda Souza,PF - Varejo,Showroom,ES,2022-08-13,46-55,True
3643,CLI03643,Thiago Borges,PF - Premium,Digital,GO,2022-10-26,56+,True
3644,CLI03644,Sarah Cunha,PJ - Frota Grande,Digital,ES,2021-03-24,26-35,True
3645,CLI03645,Melissa Sales,PF - Varejo,Indicação,SP,2022-10-26,46-55,True
3646,CLI03646,Lunna Porto,PJ - Frota Pequena,Showroom,RS,2023-04-15,36-45,True
3647,CLI03647,José Miguel Novaes,PJ - Frota Pequena,Digital,DF,2023-02-01,36-45,True
3648,CLI03648,Dr. Levi Vasconcelos,PF - Premium,Digital,SC,2022-07-26,26-35,True
3649,CLI03649,Alícia da Paz,PF - Varejo,Showroom,MG,2021-09-16,56+,True
3650,CLI03650,Maria Alice Câmara,PF - Varejo,Digital,SC,2021-11-09,36-45,True
3651,CLI03651,Anthony Gabriel Sousa,PF - Premium,Digital,SP,2023-06-01,36-45,True
3652,CLI03652,Nina Melo,PF - Varejo,Fidelização,CE,2021-07-11,26-35,True
3653,CLI03653,Nicole Novaes,PF - Premium,Recall,SP,2021-09-16,26-35,True
3654,CLI03654,Vicente Barbosa,PF - Varejo,Showroom,RS,2023-04-22,36-45,True
3655,CLI03655,Bernardo Monteiro,PJ - Frota Pequena,Showroom,PR,2022-07-24,46-55,True
3656,CLI03656,Nina Marques,PF - Varejo,Fidelização,PR,2022-11-08,46-55,True
3657,CLI03657,Ana Carolina Costela,PF - Premium,Indicação,PR,2021-04-04,26-35,True
3658,CLI03658,Raquel Guerra,PF - Premium,Digital,GO,2022-06-03,36-45,True
3659,CLI03659,Dr. Arthur Gabriel da Rosa,PF - Premium,Indicação,ES,2021-04-14,46-55,True
3660,CLI03660,Dr. Vitor Hugo Correia,PJ - Frota Pequena,Digital,MG,2022-06-30,26-35,True
3661,CLI03661,João Vitor Dias,PF - Premium,Indicação,PR,2023-03-02,36-45,True
3662,CLI03662,Laís Cirino,PF - Varejo,Digital,DF,2022-05-12,26-35,True
3663,CLI03663,Maria Luísa Castro,PJ - Frota Pequena,Indicação,SP,2021-12-30,26-35,True
3664,CLI03664,Maya Azevedo,PJ - Frota Pequena,Digital,DF,2021-12-24,36-45,True
3665,CLI03665,Eloah Novaes,PF - Varejo,Showroom,SP,2022-10-23,46-55,True
3666,CLI03666,Mariana Ramos,PF - Varejo,Digital,CE,2021-04-26,56+,True
3667,CLI03667,Dr. Luiz Miguel da Paz,PF - Varejo,Fidelização,SP,2022-07-22,46-55,True
3668,CLI03668,Alana Castro,PF - Premium,Indicação,RJ,2022-06-07,26-35,True
3669,CLI03669,Dr. Enrico Teixeira,PF - Varejo,Indicação,RS,2022-02-22,56+,True
3670,CLI03670,João Guilherme Cavalcanti,PF - Varejo,Digital,PR,2023-03-17,56+,True
3671,CLI03671,Cauê Nascimento,PF - Premium,Digital,MG,2021-04-20,26-35,True
3672,CLI03672,Luiza Carvalho,PF - Varejo,Digital,SP,2022-06-27,36-45,True
3673,CLI03673,Ana Julia Montenegro,PF - Varejo,Digital,SP,2023-03-27,56+,True
3674,CLI03674,Davi Miguel Vasconcelos,PJ - Frota Pequena,Indicação,RJ,2022-09-16,36-45,True
3675,CLI03675,Olívia Mendes,PF - Varejo,Digital,SP,2022-02-18,56+,True
3676,CLI03676,Sra. Maitê Ramos,PJ - Frota Pequena,Recall,MG,2022-12-26,56+,True
3677,CLI03677,Thomas Nascimento,PJ - Frota Grande,CRM Ativo,SP,2023-04-07,26-35,True
3678,CLI03678,Ana Carolina Sousa,PF - Premium,Digital,SP,2023-02-16,18-25,True
3679,CLI03679,Júlia da Mota,PJ - Frota Pequena,Fidelização,RJ,2021-09-10,56+,True
3680,CLI03680,Liam Azevedo,PF - Premium,Fidelização,MG,2022-09-19,26-35,True
3681,CLI03681,Nina Monteiro,PF - Varejo,Digital,PR,2022-04-14,26-35,True
3682,CLI03682,Júlia Vieira,PJ - Frota Grande,Indicação,SP,2022-06-29,36-45,True
3683,CLI03683,Lívia Santos,PF - Premium,Digital,CE,2021-12-16,36-45,True
3684,CLI03684,Apollo Souza,PF - Premium,Showroom,SP,2022-11-07,36-45,True
3685,CLI03685,Ana Liz Cardoso,PJ - Frota Pequena,Indicação,RJ,2022-09-23,56+,True
3686,CLI03686,Luiz Otávio Teixeira,PF - Varejo,Digital,ES,2022-07-05,26-35,True
3687,CLI03687,Mariane Novaes,PF - Varejo,Fidelização,DF,2022-10-15,36-45,True
3688,CLI03688,Dra. Alexia Dias,PF - Premium,Fidelização,BA,2021-01-11,26-35,True
3689,CLI03689,Clara Carvalho,PF - Varejo,Digital,DF,2022-06-11,56+,True
3690,CLI03690,Sra. Kamilly Sampaio,PJ - Frota Grande,Fidelização,PR,2022-09-10,36-45,True
3691,CLI03691,Théo Campos,PJ - Frota Pequena,Showroom,MG,2022-04-17,18-25,True
3692,CLI03692,João Vitor Pimenta,PJ - Frota Grande,Digital,RJ,2021-09-08,36-45,True
3693,CLI03693,João Felipe Albuquerque,PF - Premium,Indicação,GO,2021-11-15,26-35,True
3694,CLI03694,Sr. Noah da Cruz,PF - Varejo,Digital,BA,2023-05-18,56+,True
3695,CLI03695,Alana Vieira,PJ - Frota Pequena,CRM Ativo,SP,2023-03-23,18-25,True
3696,CLI03696,Bernardo Machado,PF - Premium,Digital,GO,2023-01-03,36-45,True
3697,CLI03697,Mirella Gonçalves,PJ - Frota Grande,Digital,MG,2023-06-27,36-45,True
3698,CLI03698,Bárbara Casa Grande,PF - Varejo,Recall,MG,2022-02-18,36-45,True
3699,CLI03699,Noah Dias,PF - Varejo,Indicação,MG,2022-02-26,26-35,True
3700,CLI03700,Antony Pinto,PF - Varejo,Digital,SP,2021-01-02,36-45,True
3701,CLI03701,Brayan Viana,PF - Varejo,Digital,BA,2021-06-22,36-45,True
3702,CLI03702,Ana Beatriz Fonseca,PJ - Frota Pequena,Digital,MG,2022-01-13,46-55,True
3703,CLI03703,Vitor Campos,PF - Varejo,Showroom,MG,2021-08-20,36-45,True
3704,CLI03704,Srta. Rafaela da Costa,PJ - Frota Pequena,Indicação,RJ,2022-07-30,26-35,True
3705,CLI03705,Yuri Costela,PF - Varejo,Indicação,PR,2022-07-06,46-55,True
3706,CLI03706,Antonella Rocha,PJ - Frota Pequena,Digital,ES,2021-09-25,36-45,True
3707,CLI03707,Maria Vitória da Mata,PF - Varejo,Fidelização,BA,2023-02-27,46-55,True
3708,CLI03708,Vitor Gabriel Moraes,PF - Varejo,Digital,DF,2022-03-12,36-45,True
3709,CLI03709,Liam Dias,PF - Premium,Recall,DF,2022-05-20,26-35,True
3710,CLI03710,Guilherme Carvalho,PF - Premium,Indicação,BA,2022-07-30,46-55,True
3711,CLI03711,Isaque Barbosa,PF - Varejo,Showroom,RJ,2022-07-06,26-35,True
3712,CLI03712,Sr. Yuri Nogueira,PF - Varejo,Indicação,RJ,2021-08-10,36-45,True
3713,CLI03713,Francisco Moraes,PJ - Frota Pequena,Showroom,PR,2021-01-19,18-25,True
3714,CLI03714,Marina Barros,PJ - Frota Grande,Showroom,SP,2021-04-01,46-55,True
3715,CLI03715,Ravi Ferreira,PF - Varejo,Recall,MG,2021-02-16,36-45,True
3716,CLI03716,Dra. Ágatha Silveira,PJ - Frota Pequena,Digital,SP,2023-02-10,56+,True
3717,CLI03717,João Vitor Gonçalves,PJ - Frota Grande,Showroom,MG,2022-08-01,18-25,True
3718,CLI03718,Maria Vitória Freitas,PJ - Frota Pequena,Indicação,SP,2022-04-23,36-45,True
3719,CLI03719,Kaique Campos,PF - Varejo,Indicação,MG,2021-03-03,26-35,True
3720,CLI03720,Joana Oliveira,PF - Varejo,Indicação,SP,2022-07-15,46-55,True
3721,CLI03721,Maria Alice Nunes,PJ - Frota Pequena,Digital,MG,2021-05-15,18-25,True
3722,CLI03722,Joana Sales,PF - Varejo,Digital,PR,2021-01-20,46-55,True
3723,CLI03723,Nathan Lopes,PF - Premium,Digital,SP,2021-03-08,46-55,True
3724,CLI03724,Pietro Almeida,PF - Varejo,Showroom,MG,2021-05-15,46-55,True
3725,CLI03725,Sra. Emanuella Souza,PJ - Frota Grande,CRM Ativo,MG,2023-03-02,36-45,True
3726,CLI03726,Heloísa Barros,PF - Varejo,CRM Ativo,MG,2021-09-08,26-35,True
3727,CLI03727,Asafe Azevedo,PF - Varejo,Indicação,MG,2021-11-03,36-45,True
3728,CLI03728,João Farias,PF - Varejo,Indicação,PE,2021-05-17,46-55,True
3729,CLI03729,Pedro Henrique Novaes,PJ - Frota Pequena,Digital,CE,2023-01-23,36-45,True
3730,CLI03730,Lucas Gabriel Novais,PF - Varejo,Indicação,RJ,2022-10-19,26-35,True
3731,CLI03731,Sr. Erick da Cruz,PJ - Frota Grande,Indicação,MG,2022-03-10,36-45,True
3732,CLI03732,Yuri Montenegro,PF - Varejo,Recall,SP,2022-08-20,46-55,True
3733,CLI03733,Clara Campos,PF - Varejo,Recall,BA,2021-12-13,56+,True
3734,CLI03734,Henry Gabriel Novais,PJ - Frota Pequena,Recall,RJ,2023-04-17,36-45,True
3735,CLI03735,Yago Fernandes,PJ - Frota Pequena,Fidelização,SP,2022-12-16,36-45,True
3736,CLI03736,Luísa Santos,PJ - Frota Pequena,Digital,RJ,2021-11-28,36-45,True
3737,CLI03737,Dra. Helena Garcia,PF - Premium,CRM Ativo,MG,2021-06-26,26-35,True
3738,CLI03738,Marina Cassiano,PF - Varejo,Indicação,PR,2021-12-20,36-45,True
3739,CLI03739,Anthony Gabriel Sousa,PF - Varejo,Showroom,BA,2022-01-31,26-35,True
3740,CLI03740,Maria Luísa Nascimento,PF - Varejo,CRM Ativo,RJ,2021-06-17,46-55,True
3741,CLI03741,Luiz Fernando Carvalho,PF - Varejo,Showroom,CE,2023-01-03,36-45,True
3742,CLI03742,Vinicius da Costa,PJ - Frota Pequena,CRM Ativo,PR,2022-08-03,26-35,True
3743,CLI03743,Rael Cassiano,PF - Varejo,Showroom,RS,2021-04-17,26-35,True
3744,CLI03744,Ana Cecília Novaes,PF - Varejo,Showroom,SP,2022-09-29,36-45,True
3745,CLI03745,Mirella Lima,PJ - Frota Pequena,Recall,SP,2022-04-19,26-35,True
3746,CLI03746,Luan das Neves,PF - Varejo,Digital,PR,2021-06-25,36-45,True
3747,CLI03747,Laís Castro,PF - Varejo,Indicação,SP,2022-03-13,56+,True
3748,CLI03748,Maria Helena Câmara,PF - Varejo,Fidelização,DF,2022-06-29,36-45,True
3749,CLI03749,Dr. Dante Cavalcante,PJ - Frota Pequena,Indicação,RS,2023-04-09,26-35,True
3750,CLI03750,Theo Caldeira,PJ - Frota Pequena,Indicação,CE,2021-12-02,18-25,True
3751,CLI03751,Raquel Rocha,PJ - Frota Pequena,Digital,RS,2021-04-18,36-45,True
3752,CLI03752,Maria Clara Rocha,PF - Varejo,Recall,PE,2021-03-06,18-25,True
3753,CLI03753,Dr. Luiz Gustavo Lima,PJ - Frota Grande,Recall,GO,2021-03-02,36-45,True
3754,CLI03754,Olivia Araújo,PF - Varejo,Fidelização,RJ,2022-10-14,36-45,True
3755,CLI03755,Luiza Sales,PF - Varejo,Indicação,RS,2021-12-31,46-55,True
3756,CLI03756,Alexia Albuquerque,PF - Premium,Indicação,MG,2021-04-23,26-35,True
3757,CLI03757,Maria Isis Jesus,PF - Varejo,Fidelização,CE,2021-09-26,18-25,True
3758,CLI03758,Otto Fogaça,PJ - Frota Pequena,Digital,BA,2021-04-10,26-35,True
3759,CLI03759,Emanuelly da Mota,PF - Premium,Indicação,MG,2022-05-15,18-25,True
3760,CLI03760,Sra. Ana Vitória Aragão,PF - Varejo,Indicação,SP,2022-09-20,26-35,True
3761,CLI03761,Yan Albuquerque,PF - Premium,Indicação,PR,2022-05-07,26-35,True
3762,CLI03762,Emanuelly Novaes,PJ - Frota Grande,CRM Ativo,SP,2022-07-13,36-45,True
3763,CLI03763,Dr. Miguel Machado,PF - Varejo,CRM Ativo,MG,2021-05-13,18-25,True
3764,CLI03764,Francisco Sá,PF - Varejo,Indicação,RJ,2021-01-22,36-45,True
3765,CLI03765,Maria Fernanda Nunes,PF - Varejo,Digital,SP,2022-08-10,26-35,True
3766,CLI03766,Brenda da Rosa,PF - Varejo,Fidelização,SP,2022-06-21,36-45,True
3767,CLI03767,Ágatha Gomes,PF - Varejo,Indicação,RS,2021-02-02,36-45,True
3768,CLI03768,Isadora Fonseca,PF - Varejo,Recall,MG,2021-01-02,26-35,True
3769,CLI03769,Pedro Sales,PF - Premium,Showroom,SP,2022-09-15,36-45,True
3770,CLI03770,Ana Cecília Casa Grande,PF - Varejo,Indicação,PR,2022-02-05,46-55,True
3771,CLI03771,Anna Liz Costela,PJ - Frota Pequena,Indicação,RJ,2021-02-12,36-45,True
3772,CLI03772,Gabrielly Câmara,PF - Varejo,Showroom,BA,2021-10-01,56+,True
3773,CLI03773,Anthony Monteiro,PF - Varejo,Indicação,GO,2022-07-07,36-45,True
3774,CLI03774,Luara Oliveira,PJ - Frota Pequena,Indicação,PR,2021-12-04,36-45,True
3775,CLI03775,João Miguel Martins,PF - Varejo,Digital,PR,2022-12-21,26-35,True
3776,CLI03776,João Guilherme Ribeiro,PF - Varejo,Recall,MG,2021-02-08,46-55,True
3777,CLI03777,Ravi Jesus,PF - Varejo,Digital,ES,2022-12-07,56+,True
3778,CLI03778,Elisa da Rosa,PF - Varejo,Showroom,SP,2021-07-23,18-25,True
3779,CLI03779,Noah Silveira,PF - Varejo,Digital,GO,2023-06-04,46-55,True
3780,CLI03780,Maria Clara Câmara,PJ - Frota Grande,Showroom,RJ,2023-03-12,46-55,True
3781,CLI03781,Henry Gabriel Garcia,PJ - Frota Grande,Showroom,CE,2021-09-19,56+,True
3782,CLI03782,Davi Lucas da Luz,PF - Varejo,Showroom,DF,2022-03-01,56+,True
3783,CLI03783,Rafael Montenegro,PF - Varejo,Digital,RS,2022-08-13,26-35,True
3784,CLI03784,Thales Sá,PF - Premium,Digital,RJ,2023-04-04,36-45,True
3785,CLI03785,Caleb Sousa,PF - Premium,Digital,MG,2023-02-16,26-35,True
3786,CLI03786,Bruno Fernandes,PF - Varejo,Indicação,SP,2022-12-05,36-45,True
3787,CLI03787,Vitor Hugo Leão,PJ - Frota Pequena,Indicação,SP,2022-04-12,46-55,True
3788,CLI03788,Isabelly Costela,PF - Varejo,CRM Ativo,BA,2021-04-22,26-35,True
3789,CLI03789,Samuel da Rosa,PF - Varejo,Digital,SP,2022-06-07,26-35,True
3790,CLI03790,Sophie Vasconcelos,PF - Varejo,Showroom,MG,2022-05-18,18-25,True
3791,CLI03791,Ana Laura Gonçalves,PF - Premium,Digital,MG,2022-06-26,26-35,True
3792,CLI03792,Dr. Nicolas Rodrigues,PF - Premium,CRM Ativo,SP,2023-06-16,26-35,True
3793,CLI03793,Henry Teixeira,PF - Varejo,Indicação,RJ,2023-02-20,46-55,True
3794,CLI03794,Ana Laura Jesus,PJ - Frota Grande,Indicação,PR,2021-08-11,36-45,True
3795,CLI03795,Theo da Rosa,PF - Premium,Digital,SP,2021-11-03,36-45,True
3796,CLI03796,Maria Flor Leão,PF - Varejo,Showroom,CE,2022-08-21,26-35,True
3797,CLI03797,Marcelo Carvalho,PF - Varejo,Fidelização,MG,2023-04-23,46-55,True
3798,CLI03798,Maria Julia da Paz,PF - Varejo,Digital,MG,2021-07-27,46-55,True
3799,CLI03799,Maria Fernanda Fernandes,PF - Varejo,Indicação,RJ,2021-03-10,46-55,True
3800,CLI03800,Mateus da Conceição,PJ - Frota Grande,CRM Ativo,PE,2021-02-18,18-25,True
3801,CLI03801,Pietro Garcia,PF - Varejo,Indicação,RJ,2023-04-25,46-55,True
3802,CLI03802,Dr. Davi Lucas da Mata,PJ - Frota Pequena,Indicação,PR,2022-10-04,56+,True
3803,CLI03803,Sr. Mathias Sousa,PF - Varejo,Indicação,MG,2022-03-11,26-35,True
3804,CLI03804,Gael Rocha,PF - Premium,Digital,SP,2022-05-20,56+,True
3805,CLI03805,Luan Viana,PF - Premium,Digital,PE,2022-10-16,26-35,True
3806,CLI03806,Dra. Hadassa Cunha,PF - Varejo,Fidelização,SP,2021-01-06,46-55,True
3807,CLI03807,Srta. Luísa Borges,PF - Varejo,Indicação,MG,2021-10-20,26-35,True
3808,CLI03808,Dr. Davi Lucas Gonçalves,PJ - Frota Pequena,Recall,PE,2021-07-21,46-55,True
3809,CLI03809,Isabelly Rodrigues,PF - Varejo,Fidelização,RS,2022-08-16,36-45,True
3810,CLI03810,Dr. Pedro Miguel Fernandes,PJ - Frota Pequena,Recall,MG,2022-01-29,36-45,True
3811,CLI03811,Isabela Abreu,PF - Varejo,Indicação,PR,2023-01-04,26-35,True
3812,CLI03812,Olívia Porto,PF - Varejo,Indicação,PR,2022-08-21,26-35,True
3813,CLI03813,Ravy Rodrigues,PJ - Frota Pequena,Digital,MG,2021-07-22,36-45,True
3814,CLI03814,Milena Sá,PF - Premium,Digital,ES,2023-01-25,56+,True
3815,CLI03815,Henrique Moraes,PJ - Frota Pequena,CRM Ativo,MG,2021-06-06,36-45,True
3816,CLI03816,Dr. João Almeida,PJ - Frota Pequena,Showroom,SC,2021-01-30,46-55,True
3817,CLI03817,Dr. Kevin Caldeira,PJ - Frota Grande,Digital,GO,2023-01-18,46-55,True
3818,CLI03818,Raquel Nascimento,PF - Premium,Digital,CE,2021-09-23,56+,True
3819,CLI03819,Maria Flor Ribeiro,PF - Varejo,Recall,RJ,2023-04-29,56+,True
3820,CLI03820,Stella Farias,PF - Varejo,Indicação,RJ,2021-01-20,36-45,True
3821,CLI03821,Agatha Sá,PF - Varejo,Recall,PE,2022-10-22,46-55,True
3822,CLI03822,Alice Nunes,PF - Varejo,CRM Ativo,BA,2023-05-10,26-35,True
3823,CLI03823,Maria Vitória Jesus,PF - Varejo,Indicação,GO,2022-11-20,18-25,True
3824,CLI03824,Daniela Fonseca,PF - Varejo,Showroom,PR,2022-11-29,46-55,True
3825,CLI03825,Clara Pinto,PJ - Frota Pequena,Indicação,SC,2021-09-17,26-35,True
3826,CLI03826,Ana Liz Mendes,PF - Premium,Recall,SP,2023-04-11,56+,True
3827,CLI03827,Mathias Moraes,PF - Varejo,Indicação,PE,2023-06-27,36-45,True
3828,CLI03828,Otto Macedo,PF - Premium,Digital,GO,2021-04-03,18-25,True
3829,CLI03829,Ana Júlia Gonçalves,PF - Varejo,Digital,SP,2022-03-31,46-55,True
3830,CLI03830,Cauã Porto,PF - Varejo,Digital,SP,2022-06-30,46-55,True
3831,CLI03831,João Dias,PJ - Frota Pequena,Digital,PR,2022-12-20,26-35,True
3832,CLI03832,Bento Rezende,PF - Premium,Indicação,MG,2021-07-06,36-45,True
3833,CLI03833,Emanuel Cassiano,PJ - Frota Grande,Digital,CE,2023-03-06,36-45,True
3834,CLI03834,Caio Gomes,PJ - Frota Grande,Digital,RJ,2023-02-18,56+,True
3835,CLI03835,Liz Vieira,PF - Varejo,Indicação,SP,2023-04-21,46-55,True
3836,CLI03836,Henry Lima,PF - Varejo,Fidelização,MG,2021-02-19,18-25,True
3837,CLI03837,Maria Flor Azevedo,PF - Varejo,Indicação,RS,2021-02-15,36-45,True
3838,CLI03838,Heloísa Borges,PF - Varejo,Indicação,RS,2023-05-01,46-55,True
3839,CLI03839,Davi Luiz Rios,PJ - Frota Pequena,Fidelização,SP,2021-06-15,56+,True
3840,CLI03840,Kamilly Albuquerque,PF - Varejo,Indicação,DF,2021-12-18,56+,True
3841,CLI03841,Antony Rezende,PF - Premium,Indicação,SP,2022-09-13,36-45,True
3842,CLI03842,Brenda Correia,PJ - Frota Pequena,Indicação,GO,2022-01-23,26-35,True
3843,CLI03843,Sra. Cecília Fernandes,PJ - Frota Pequena,CRM Ativo,MG,2021-05-09,26-35,True
3844,CLI03844,Oliver Guerra,PJ - Frota Pequena,Digital,RS,2021-02-03,36-45,True
3845,CLI03845,João Vitor Camargo,PF - Varejo,Fidelização,SP,2022-05-06,56+,True
3846,CLI03846,Ana Clara Mendes,PF - Varejo,Showroom,RJ,2021-06-28,26-35,True
3847,CLI03847,Carolina Cirino,PF - Varejo,Showroom,PR,2021-06-30,56+,True
3848,CLI03848,Pedro Vargas,PF - Varejo,Showroom,CE,2022-09-03,26-35,True
3849,CLI03849,Lucas Sousa,PF - Varejo,Digital,RJ,2023-05-10,26-35,True
3850,CLI03850,Ryan Marques,PF - Premium,Indicação,BA,2022-11-05,56+,True
3851,CLI03851,Calebe Vargas,PF - Premium,Recall,SP,2022-05-10,46-55,True
3852,CLI03852,Antony Silveira,PF - Varejo,Recall,ES,2021-01-18,36-45,True
3853,CLI03853,Vinícius da Cruz,PJ - Frota Pequena,Digital,SP,2022-05-24,46-55,True
3854,CLI03854,Maria Julia Machado,PF - Varejo,Showroom,SP,2023-03-27,46-55,True
3855,CLI03855,Yasmin Aparecida,PF - Varejo,Digital,PR,2022-12-18,36-45,True
3856,CLI03856,Lucca Pinto,PF - Varejo,Digital,RJ,2022-10-12,36-45,True
3857,CLI03857,Sra. Laura Lima,PF - Varejo,Recall,SP,2021-05-13,56+,True
3858,CLI03858,Hellena Pinto,PF - Premium,Indicação,MG,2021-06-06,46-55,True
3859,CLI03859,Dr. Kaique Rios,PF - Varejo,Showroom,PR,2021-02-28,26-35,True
3860,CLI03860,Luara da Cunha,PJ - Frota Pequena,Digital,RJ,2021-01-04,46-55,True
3861,CLI03861,Clarice Albuquerque,PF - Premium,Fidelização,RS,2022-11-23,46-55,True
3862,CLI03862,Srta. Bella Aparecida,PJ - Frota Pequena,Indicação,CE,2022-12-03,36-45,True
3863,CLI03863,Vitória Leão,PF - Varejo,Digital,SP,2022-02-12,46-55,True
3864,CLI03864,Yasmin Mendes,PF - Premium,CRM Ativo,SP,2022-12-16,36-45,True
3865,CLI03865,Ravi Lucca da Paz,PF - Varejo,Recall,BA,2021-10-23,46-55,True
3866,CLI03866,Sra. Sabrina Casa Grande,PJ - Frota Pequena,Fidelização,SP,2021-01-06,26-35,True
3867,CLI03867,Valentina Barbosa,PF - Premium,Digital,SP,2021-07-10,36-45,True
3868,CLI03868,Brenda Mendonça,PF - Varejo,Digital,GO,2023-06-27,36-45,True
3869,CLI03869,Dra. Marina Novais,PF - Varejo,Indicação,DF,2022-07-11,56+,True
3870,CLI03870,Mariana Castro,PF - Premium,Digital,PE,2021-07-15,36-45,True
3871,CLI03871,Nicolas Sousa,PJ - Frota Pequena,Showroom,RJ,2023-03-26,36-45,True
3872,CLI03872,Hellena Pastor,PF - Varejo,Digital,CE,2023-03-25,56+,True
3873,CLI03873,Gabrielly Araújo,PJ - Frota Pequena,Digital,SP,2022-03-27,18-25,True
3874,CLI03874,Antonella da Cruz,PF - Varejo,Digital,PR,2022-08-20,18-25,True
3875,CLI03875,Sr. Ian Castro,PJ - Frota Grande,Digital,DF,2022-03-28,36-45,True
3876,CLI03876,Maysa da Cunha,PF - Varejo,Showroom,BA,2021-07-25,36-45,True
3877,CLI03877,Theodoro Lima,PF - Premium,Indicação,RS,2022-07-06,56+,True
3878,CLI03878,Theodoro Sales,PF - Varejo,Digital,SC,2022-05-18,26-35,True
3879,CLI03879,Luara Souza,PF - Premium,Digital,PR,2022-10-16,36-45,True
3880,CLI03880,Vitória Ribeiro,PF - Varejo,Indicação,BA,2022-05-12,46-55,True
3881,CLI03881,Kevin Marques,PF - Premium,Recall,SP,2022-09-20,18-25,True
3882,CLI03882,Sr. Enrico Novais,PJ - Frota Pequena,Digital,RJ,2021-07-12,26-35,True
3883,CLI03883,Pietra Brito,PF - Varejo,Digital,GO,2022-07-19,56+,True
3884,CLI03884,Helena Fonseca,PJ - Frota Pequena,CRM Ativo,SC,2021-09-03,36-45,True
3885,CLI03885,Srta. Jade Nogueira,PF - Varejo,Showroom,SP,2021-04-01,26-35,True
3886,CLI03886,Dr. Matheus Pimenta,PF - Varejo,Digital,RJ,2021-11-20,26-35,True
3887,CLI03887,Dr. Luiz Otávio Carvalho,PF - Varejo,Fidelização,PR,2021-03-19,46-55,True
3888,CLI03888,Srta. Ana Liz Machado,PF - Varejo,Indicação,PR,2022-06-12,36-45,True
3889,CLI03889,Maria Sophia Viana,PF - Premium,Showroom,CE,2022-11-13,56+,True
3890,CLI03890,Rafael Aragão,PF - Varejo,Indicação,PR,2023-05-13,26-35,True
3891,CLI03891,Oliver Pires,PF - Varejo,Indicação,RJ,2021-08-05,26-35,True
3892,CLI03892,Anthony Fernandes,PF - Varejo,Showroom,PR,2022-02-14,46-55,True
3893,CLI03893,Lunna Martins,PF - Premium,Indicação,RJ,2021-10-09,26-35,True
3894,CLI03894,Augusto da Cunha,PJ - Frota Pequena,Showroom,SP,2023-01-25,26-35,True
3895,CLI03895,Dr. Vicente Aragão,PJ - Frota Grande,Recall,GO,2023-02-05,26-35,True
3896,CLI03896,Sr. Ian Nascimento,PF - Varejo,Showroom,RS,2022-01-30,46-55,True
3897,CLI03897,Ana Carolina Rios,PF - Premium,Recall,BA,2021-01-14,26-35,True
3898,CLI03898,Ana Vitória Cavalcante,PF - Varejo,Fidelização,RJ,2021-07-14,36-45,True
3899,CLI03899,Luiz Gustavo Vargas,PJ - Frota Pequena,CRM Ativo,MG,2023-05-22,36-45,True
3900,CLI03900,Ravy Sales,PJ - Frota Pequena,Fidelização,BA,2021-09-25,36-45,True
3901,CLI03901,Davi Lucca Rezende,PF - Varejo,Recall,DF,2021-11-23,56+,True
3902,CLI03902,Kamilly Souza,PF - Varejo,Digital,MG,2022-01-04,56+,True
3903,CLI03903,Luiz Miguel Barbosa,PF - Premium,Digital,SP,2022-01-27,36-45,True
3904,CLI03904,Dr. Yan da Rosa,PF - Varejo,Fidelização,CE,2023-06-16,36-45,True
3905,CLI03905,Sr. Vitor da Rosa,PF - Varejo,Fidelização,RJ,2022-10-12,26-35,True
3906,CLI03906,Ravi Lucca Nogueira,PJ - Frota Grande,Fidelização,GO,2022-12-20,26-35,True
3907,CLI03907,Lara Moura,PF - Varejo,Indicação,SP,2023-01-25,46-55,True
3908,CLI03908,Marcelo Aragão,PF - Varejo,Showroom,SP,2022-10-13,36-45,True
3909,CLI03909,Mariana da Conceição,PJ - Frota Grande,Indicação,RJ,2022-01-22,26-35,True
3910,CLI03910,Léo Martins,PF - Varejo,Digital,RJ,2023-01-25,46-55,True
3911,CLI03911,Gustavo Fogaça,PJ - Frota Pequena,Digital,SP,2022-01-05,36-45,True
3912,CLI03912,Vicente Sampaio,PF - Varejo,Recall,RS,2022-01-11,26-35,True
3913,CLI03913,Dom Vasconcelos,PJ - Frota Pequena,Fidelização,GO,2022-08-31,26-35,True
3914,CLI03914,Ana Júlia Alves,PF - Premium,Fidelização,RJ,2022-08-26,46-55,True
3915,CLI03915,Ana Vitória da Paz,PF - Varejo,Indicação,CE,2023-03-30,46-55,True
3916,CLI03916,Natália Câmara,PJ - Frota Pequena,CRM Ativo,SP,2021-05-31,26-35,True
3917,CLI03917,Dra. Liz Camargo,PJ - Frota Grande,Indicação,RS,2021-09-07,36-45,True
3918,CLI03918,José da Cunha,PF - Varejo,Digital,MG,2021-07-26,46-55,True
3919,CLI03919,Pedro Lucas Martins,PJ - Frota Pequena,Recall,MG,2022-03-29,26-35,True
3920,CLI03920,Laís Pinto,PF - Varejo,Digital,SP,2022-08-08,26-35,True
3921,CLI03921,Hellena Correia,PF - Varejo,Digital,SP,2022-09-30,36-45,True
3922,CLI03922,Pietra Ribeiro,PF - Premium,Indicação,PE,2023-02-24,18-25,True
3923,CLI03923,Luiz Otávio da Conceição,PJ - Frota Pequena,Indicação,SC,2022-01-27,18-25,True
3924,CLI03924,João Vitor Machado,PJ - Frota Pequena,Digital,BA,2021-06-10,36-45,True
3925,CLI03925,Melina da Costa,PF - Varejo,Showroom,SP,2022-12-22,56+,True
3926,CLI03926,Hellena Azevedo,PF - Varejo,Digital,BA,2022-04-07,36-45,True
3927,CLI03927,Oliver Macedo,PF - Varejo,Showroom,CE,2023-04-29,56+,True
3928,CLI03928,Sara da Rosa,PF - Varejo,Digital,RJ,2021-05-15,26-35,True
3929,CLI03929,Eduardo Sales,PJ - Frota Pequena,Digital,MG,2021-10-08,36-45,True
3930,CLI03930,Sra. Aurora Mendonça,PJ - Frota Pequena,Fidelização,RS,2022-02-07,36-45,True
3931,CLI03931,Manuela Monteiro,PJ - Frota Pequena,Recall,SP,2022-02-26,18-25,True
3932,CLI03932,Maya Leão,PF - Varejo,Digital,GO,2022-12-03,26-35,True
3933,CLI03933,Cecília Fernandes,PF - Varejo,Fidelização,GO,2022-09-29,36-45,True
3934,CLI03934,Dra. Rebeca Jesus,PF - Varejo,Indicação,SP,2022-01-18,26-35,True
3935,CLI03935,Gustavo Henrique Sousa,PF - Varejo,Recall,SP,2021-05-11,26-35,True
3936,CLI03936,Diego Lopes,PF - Varejo,Recall,PR,2021-10-01,36-45,True
3937,CLI03937,Noah Borges,PF - Varejo,Digital,SP,2022-04-16,26-35,True
3938,CLI03938,Lunna Mendes,PJ - Frota Pequena,CRM Ativo,RS,2022-11-11,56+,True
3939,CLI03939,Hadassa Rios,PF - Premium,Indicação,ES,2022-12-17,18-25,True
3940,CLI03940,Clarice Barbosa,PF - Premium,Digital,RJ,2021-03-10,36-45,True
3941,CLI03941,Pietro Abreu,PF - Varejo,Digital,RJ,2021-04-18,26-35,True
3942,CLI03942,Aylla Pereira,PJ - Frota Grande,Showroom,MG,2023-01-15,26-35,True
3943,CLI03943,Srta. Catarina Garcia,PJ - Frota Pequena,Indicação,SP,2023-05-17,26-35,True
3944,CLI03944,Brenda Ferreira,PJ - Frota Pequena,Indicação,SP,2022-08-14,36-45,True
3945,CLI03945,Ana Beatriz da Mota,PF - Varejo,Recall,MG,2023-03-05,36-45,True
3946,CLI03946,Lunna da Rosa,PF - Varejo,Indicação,GO,2023-06-29,56+,True
3947,CLI03947,Maria Cecília da Paz,PF - Varejo,Indicação,SP,2023-05-30,36-45,True
3948,CLI03948,Maria Júlia Abreu,PJ - Frota Pequena,Digital,RS,2021-12-27,46-55,True
3949,CLI03949,Maria Marques,PJ - Frota Grande,Indicação,SP,2021-04-22,18-25,True
3950,CLI03950,Cauê Oliveira,PJ - Frota Pequena,Showroom,PR,2021-07-10,18-25,True
3951,CLI03951,Evelyn da Rosa,PF - Varejo,Digital,PR,2021-11-09,26-35,True
3952,CLI03952,Sara Castro,PF - Varejo,Showroom,RJ,2021-11-18,36-45,True
3953,CLI03953,Marcelo Alves,PF - Varejo,Fidelização,PR,2023-01-07,56+,True
3954,CLI03954,Isabela Novaes,PF - Varejo,CRM Ativo,SC,2022-07-30,36-45,True
3955,CLI03955,Gabrielly da Rocha,PJ - Frota Grande,Digital,RJ,2023-03-22,18-25,True
3956,CLI03956,Evelyn Souza,PF - Premium,Showroom,CE,2021-03-27,26-35,True
3957,CLI03957,Yuri Moura,PF - Varejo,Indicação,RS,2023-06-23,26-35,True
3958,CLI03958,Sr. Calebe Sousa,PJ - Frota Grande,Indicação,RJ,2022-07-16,46-55,True
3959,CLI03959,Theo Carvalho,PF - Varejo,Indicação,MG,2021-06-02,18-25,True
3960,CLI03960,Maria Liz Duarte,PJ - Frota Grande,Recall,SP,2022-07-23,36-45,True
3961,CLI03961,Dra. Catarina Cunha,PF - Varejo,Showroom,PE,2022-07-19,46-55,True
3962,CLI03962,Francisco Dias,PF - Varejo,Digital,SP,2023-04-28,36-45,True
3963,CLI03963,Sr. Cauê Brito,PF - Premium,Digital,SC,2023-03-19,26-35,True
3964,CLI03964,Maria Eduarda Moraes,PF - Varejo,Indicação,SP,2023-04-24,18-25,True
3965,CLI03965,Dr. Francisco Araújo,PF - Premium,Digital,SP,2022-12-24,46-55,True
3966,CLI03966,Juliana Monteiro,PF - Varejo,Showroom,RJ,2023-04-23,36-45,True
3967,CLI03967,Stella Pinto,PJ - Frota Grande,Indicação,MG,2022-08-12,46-55,True
3968,CLI03968,Dr. Thomas Camargo,PF - Premium,Digital,RJ,2022-08-10,46-55,True
3969,CLI03969,Srta. Ana Carolina Guerra,PJ - Frota Pequena,Indicação,SP,2022-12-18,26-35,True
3970,CLI03970,Sr. Vitor Hugo Nunes,PF - Varejo,Digital,SP,2021-04-09,26-35,True
3971,CLI03971,Mariah Brito,PF - Varejo,CRM Ativo,SP,2023-03-03,26-35,True
3972,CLI03972,Igor Borges,PF - Varejo,CRM Ativo,CE,2022-12-14,46-55,True
3973,CLI03973,Bianca Farias,PF - Varejo,Fidelização,RJ,2022-07-14,26-35,True
3974,CLI03974,Dra. Giovanna Jesus,PF - Premium,Fidelização,CE,2021-05-05,56+,True
3975,CLI03975,Aylla da Cruz,PJ - Frota Grande,Indicação,MG,2021-11-19,18-25,True
3976,CLI03976,Caroline Pacheco,PJ - Frota Pequena,Indicação,DF,2021-12-22,26-35,True
3977,CLI03977,Sra. Maria Laura Machado,PF - Varejo,Indicação,RJ,2022-05-13,56+,True
3978,CLI03978,Vitor Gabriel Ramos,PF - Varejo,Digital,SP,2021-02-02,26-35,True
3979,CLI03979,Luiz Gustavo Cavalcanti,PF - Varejo,Digital,DF,2021-01-21,36-45,True
3980,CLI03980,Bárbara Sampaio,PF - Varejo,Recall,SP,2021-03-02,26-35,True
3981,CLI03981,Davi Lucas Novais,PF - Premium,Indicação,RS,2022-01-11,36-45,True
3982,CLI03982,Stephany Viana,PJ - Frota Pequena,CRM Ativo,SP,2021-05-09,26-35,True
3983,CLI03983,Melina Caldeira,PF - Varejo,Indicação,GO,2023-04-11,46-55,True
3984,CLI03984,Théo Costela,PF - Varejo,Digital,SP,2021-05-18,36-45,True
3985,CLI03985,Apollo da Luz,PJ - Frota Pequena,Recall,SP,2022-08-15,36-45,True
3986,CLI03986,Ísis da Rocha,PF - Varejo,Digital,MG,2023-05-14,36-45,True
3987,CLI03987,Sra. Isadora Câmara,PJ - Frota Pequena,Fidelização,SP,2022-03-02,56+,True
3988,CLI03988,Dr. Enzo Aparecida,PF - Premium,Showroom,DF,2021-02-22,36-45,True
3989,CLI03989,Maria Luísa Lopes,PJ - Frota Pequena,Indicação,SP,2022-08-02,36-45,True
3990,CLI03990,Mirella da Mata,PJ - Frota Pequena,Fidelização,RS,2021-07-25,36-45,True
3991,CLI03991,Stephany Rios,PF - Varejo,CRM Ativo,RJ,2022-08-25,46-55,True
3992,CLI03992,Bryan Fogaça,PF - Premium,Recall,RJ,2023-06-09,56+,True
3993,CLI03993,Maya Fonseca,PF - Premium,CRM Ativo,SP,2021-05-11,36-45,True
3994,CLI03994,Brayan Nogueira,PJ - Frota Pequena,Showroom,SC,2023-05-19,18-25,True
3995,CLI03995,Luiz Gustavo Lima,PF - Varejo,Digital,SP,2022-01-11,56+,True
3996,CLI03996,Yago das Neves,PF - Varejo,Digital,SP,2022-11-02,36-45,True
3997,CLI03997,Enzo Gabriel da Paz,PF - Varejo,Indicação,RJ,2021-01-08,36-45,True
3998,CLI03998,Sr. Henrique Rocha,PJ - Frota Grande,Indicação,PR,2023-06-26,56+,True
3999,CLI03999,Sabrina da Paz,PJ - Frota Pequena,CRM Ativo,ES,2021-12-26,36-45,True
4000,CLI04000,Ravy Aragão,PF - Premium,Indicação,MG,2022-12-10,46-55,True
